serial_no,name,relation_type,relation_name,house_no,age,gender,epic_no,status_code,status_meaning,deleted,deleted_stamp,list_type,addition_section_no,file_name,pdf_page,card_on_page,confidence,needs_review,review_reason,raw_ocr_body,midgray_frac
1,वासत,father,शौकत,00,68,Male,ZSY1944396,,,N,N,main,,2026-EROLLGEN-S24-86-SIR-FinalRoll-Revision1-HIN-17-WI.pdf,3,1,0.952,N,,नाम : वासत पिता का नाम: शौकत मकान संख्या : 00 फोटो उपलब्थ है आयु: 68 लिंग : पुरुष,0.021
2,नाजमा,husband,वासत,00,58,Female,ZSY2612547,,,N,N,main,,2026-EROLLGEN-S24-86-SIR-FinalRoll-Revision1-HIN-17-WI.pdf,3,2,0.961,N,,नाम : नाजमा पति का नाम: वासत मकान संख्या : 00 फोटो उपलब्थ है आयु : 58 लिं : महिला,0.0254
3,रजिया,father,फईम,000,5४,Male,ZSY2192698,,,N,N,main,,2026-EROLLGEN-S24-86-SIR-FinalRoll-Revision1-HIN-17-WI.pdf,3,3,0.959,N,,नाम : रजिया पिता का नाम: फईम मकान संख्या : 000 फोटो उपलब्थ है[ आयु : 5४ लिंग : पुरुष,0.0202
4,नसीम,husband,गोरे,00,53,Female,ZSY2612570,,,N,N,main,,2026-EROLLGEN-S24-86-SIR-FinalRoll-Revision1-HIN-17-WI.pdf,3,4,0.964,N,,नाम : नसीम पति का नाम: गोरे मकान संख्या : 00 फोटो उपलब्ध है[ आयु : 53 लिंग : महिला,0.0209
5,अफसाना,husband,जलालुददीन,00,४9,Female,ZSY2612539,,,N,N,main,,2026-EROLLGEN-S24-86-SIR-FinalRoll-Revision1-HIN-17-WI.pdf,3,5,0.965,N,,नाम : अफसाना पति का नाम: जलालुददीन मकान संख्या : 00 फोटो उपलब्ध है आयु : ४9 लिंग : महिला,0.0275
6,प्पू,father,बाबुददीन,00,४5,Male,ZSY2612562,,,N,N,main,,2026-EROLLGEN-S24-86-SIR-FinalRoll-Revision1-HIN-17-WI.pdf,3,6,0.952,N,,नाम : प्पू पिता का नाम: बाबुददीन मकान संख्या : 00 फोटो उपलब्ध है आयु : ४5 लिंग : पुरुष,0.022
7,रेश्मा,husband,मुकीम,00,39,Female,ZSY3087871,,,N,N,main,,2026-EROLLGEN-S24-86-SIR-FinalRoll-Revision1-HIN-17-WI.pdf,3,7,0.968,N,,नाम : रेश्मा पति का नाम: मुकीम फोटो उपलब्ध है मकान संख्या : 00 आयु: 39 लिंग : महिला,0.0173
8,गुडिया,husband,इसरार,00,35,Female,ZSY1945849,,,N,N,main,,2026-EROLLGEN-S24-86-SIR-FinalRoll-Revision1-HIN-17-WI.pdf,3,8,0.958,N,,नाम : गुडिया पति का नाम: इसरार फोटो उपलब्ध है मकान संख्या : 00 आयु : 35 लिंग : महिला,0.0207
9,अफसाना कुरेशी,father,इसाक,0,3४,Female,ZSY3969458,,,N,N,main,,2026-EROLLGEN-S24-86-SIR-FinalRoll-Revision1-HIN-17-WI.pdf,3,9,0.973,N,,नाम : अफसाना कुरेशी पिता का नाम: इसाक फोटो उपलब्थ है मकान संख्या : 0 आयु : 3४ लिंग : महिला,0.0183
10,काला,father,फरीद,00,33,Male,ZSY1945930,,,N,N,main,,2026-EROLLGEN-S24-86-SIR-FinalRoll-Revision1-HIN-17-WI.pdf,3,10,0.968,N,,नाम : काला पिता का नाम: फरीद मकान संख्या : 00 फोटो उपलब्ध है आयु : 33 लिंग : पुरुष,0.0197
11,साइस्ता,husband,अफ़सर क्रेशी,0,31,Female,ZSY3920535,,,N,N,main,,2026-EROLLGEN-S24-86-SIR-FinalRoll-Revision1-HIN-17-WI.pdf,3,11,0.97,N,,नाम : साइस्ता पति का नाम: अफ़सर क्रेशी मकान संख्या : 0 फोटो उपलब्ध है आयु : 31 लिंग : महिला,0.0261
12,रीना कुरेशी,husband,इरफ्रान कुरेशी,000,31,Female,ZSY4036745,,,N,N,main,,2026-EROLLGEN-S24-86-SIR-FinalRoll-Revision1-HIN-17-WI.pdf,3,12,0.952,N,,नाम : रीना कुरेशी पति का नाम: इरफ्रान कुरेशी मकान संख्या : 000 फोटो उपलब्ध है आयु : 31 लिंग : महिला,0.0236
13,सलीम,father,सरीफ़,00,29,Male,ZSY3998317,,,N,N,main,,2026-EROLLGEN-S24-86-SIR-FinalRoll-Revision1-HIN-17-WI.pdf,3,13,0.929,N,,नाम : सलीम पिता का नाम: सरीफ़ मकान संख्या : 00 फोटो उपलब्ध है आयु : 29 लिंग : पुरुष,0.0163
14,सोनम कुरेशी,father,ईशाक कुरेशी,0,२8,Female,ZSY3968583,,,N,N,main,,2026-EROLLGEN-S24-86-SIR-FinalRoll-Revision1-HIN-17-WI.pdf,3,14,0.963,N,,नाम : सोनम कुरेशी पिता का नाम: ईशाक कुरेशी मकान संख्या : 0 फोटो उपलब्ध है आयु : २8 लिंग : महिला,0.0232
15,सोनी,father,रहीश,00,२23,Female,ZSY3733359,,,N,N,main,,2026-EROLLGEN-S24-86-SIR-FinalRoll-Revision1-HIN-17-WI.pdf,3,15,0.956,N,,नाम : सोनी पिता का नाम: रहीश मकान संख्या : 00 फोटो उपलब्ध है आयु : २23 लिंग : महिला,0.0165
16,एलिस,father,इशाक्र,0,23,Female,ZSY3969573,,,N,N,main,,2026-EROLLGEN-S24-86-SIR-FinalRoll-Revision1-HIN-17-WI.pdf,3,16,0.978,N,,नाम : एलिस पिता का नाम: इशाक्र मकान संख्या : 0 फोटो उपलब्ध है आयु : 23 लिंग महिला,0.0231
17,नाजिम कुरैशी,father,बाकर,000,22,Male,ZSY4018537,,,N,N,main,,2026-EROLLGEN-S24-86-SIR-FinalRoll-Revision1-HIN-17-WI.pdf,3,17,0.97,N,,नाम : नाजिम कुरैशी पिता का नाम: बाकर मकान संख्या : 000 फोटो उपलब्ध है आयु : 22 लिंग : पुरुष,0.0278
18,सारिका,father,रहीश,00,२2१,Female,ZSY3733391,,,N,N,main,,2026-EROLLGEN-S24-86-SIR-FinalRoll-Revision1-HIN-17-WI.pdf,3,18,0.962,N,,नाम : सारिका पिता का नाम: रहीश मकान संख्या : 00 फोटो उपलब्ध है आयु : २2१1 लिंग : महिला,0.0233
19,अलाउद्वीन,father,इमामुद्ीन,00000,21,Male,ZSY4020624,,,N,N,main,,2026-EROLLGEN-S24-86-SIR-FinalRoll-Revision1-HIN-17-WI.pdf,3,19,0.961,N,,नाम : अलाउद्वीन पिता का नाम: इमामुद्ीन फोटो उपलब्ध है मकान संख्या : 00000 आयु: 21 लिंग : पुरुष,0.0227
20,इशेद,father,चंदा,0,19,Male,ZSY4025706,,,N,N,main,,2026-EROLLGEN-S24-86-SIR-FinalRoll-Revision1-HIN-17-WI.pdf,3,20,0.966,N,,नाम : इशेद पिता का नाम: चंदा फोटो उपलब्ध है मकान संख्या : 0 आयु : 19 लिंग : पुरुष,0.0239
21,मुत्ी देवी,husband,बैनीराम,1,६1,Female,ZSY2774289,,,N,N,main,,2026-EROLLGEN-S24-86-SIR-FinalRoll-Revision1-HIN-17-WI.pdf,3,21,0.957,N,,नाम : मुत्ी देवी पति का नाम: बैनीराम फोटो उपलब्ध है मकान संख्या : 1 आयु : ६1 लिंग : महिला,0.0213
22,गुडड्र अन्य: शोकत,,,1,51,Male,CTV2884997,,,N,N,main,,2026-EROLLGEN-S24-86-SIR-FinalRoll-Revision1-HIN-17-WI.pdf,3,22,0.957,Y,missing_fields,नाम : गुडड्र अन्य: शोकत मकान संख्या : 1 फोटो उपलब्ध है आयु : 51 लिंग : पुरुष,0.0217
23,समीम,husband,सईद,1,४6,Female,ZSY3140936,,,N,N,main,,2026-EROLLGEN-S24-86-SIR-FinalRoll-Revision1-HIN-17-WI.pdf,3,23,0.975,N,,नाम : समीम पति का नाम: सईद मकान संख्या : 1 फोटो उपलब्थ है आयु : ४6 लिंग : महिला,0.0253
24,पवन सिंह,father,नवल सिंह,1,36,Male,ZSY0245985,,,N,N,main,,2026-EROLLGEN-S24-86-SIR-FinalRoll-Revision1-HIN-17-WI.pdf,3,24,0.974,N,,नाम : पवन सिंह पिता का नाम: नवल सिंह मकान संख्या : 1 फोटो उपलब्थ है आयु : 36 लिं : पुरुष,0.0219
25,सौरभ बंसल,father,श्रीनिवास बन्सल,1,36,Male,ZSY0025569,,,N,N,main,,2026-EROLLGEN-S24-86-SIR-FinalRoll-Revision1-HIN-17-WI.pdf,3,25,0.969,N,,नाम : सौरभ बंसल पिता का नाम: श्रीनिवास बन्सल मकान संख्या : 1 फोटो उपलब्ध है आयु : 36 लिंग : पुरुष,0.0269
26,आयशा परवीन,husband,शाहनबाज,01,32,Female,ZSY2612604,,,N,N,main,,2026-EROLLGEN-S24-86-SIR-FinalRoll-Revision1-HIN-17-WI.pdf,3,26,0.958,N,,नाम : आयशा परवीन पति का नाम: शाहनबाज मकान संख्या : 01 फोटो उपलब्ध है आयु : 32 लिंग : महिला,0.0296
27,निसारुद्वीन खान,father,शमसुद्वीन,1,32,Male,ZSY2774313,,,N,N,main,,2026-EROLLGEN-S24-86-SIR-FinalRoll-Revision1-HIN-17-WI.pdf,3,27,0.966,N,,नाम : निसारुद्वीन खान पिता का नाम: शमसुद्वीन मकान संख्या : 1 फोटो उपलब्ध है आयु : 32 लिंग : पुरुष,0.0244
28,इमामुद्टीन,father,शमसुद्वीन,1,31,Male,ZSY2774347,,,N,N,main,,2026-EROLLGEN-S24-86-SIR-FinalRoll-Revision1-HIN-17-WI.pdf,3,28,0.961,N,,नाम : इमामुद्टीन पिता का नाम: शमसुद्वीन मकान संख्या : 1 फोटो उपलब्थ है आयु : 31 लिंग : पुरुष,0.019
29,यास्मीन,husband,इमामुद्वीन,1,3०,Female,ZSY2774339,,,N,N,main,,2026-EROLLGEN-S24-86-SIR-FinalRoll-Revision1-HIN-17-WI.pdf,3,29,0.956,N,,नाम : यास्मीन पति का नाम: इमामुद्वीन मकान संख्या : 1 फोटो उपलब्ध है आयु : 3० लिंग : महिला,0.0217
30,अफ़रोज़,husband,निसारुह्टीन,1,3०,Female,ZSY2774321,,,N,N,main,,2026-EROLLGEN-S24-86-SIR-FinalRoll-Revision1-HIN-17-WI.pdf,3,30,0.95,N,,नाम : अफ़रोज़ पति का नाम: निसारुह्टीन मकान संख्या : 1 फोटो उपलब्ध है आयु : 3० लिंग : महिला,0.0177
31,नसीम,father,वकील कुरेशी,2,2४,Female,ZSY3232261,,,N,N,main,,2026-EROLLGEN-S24-86-SIR-FinalRoll-Revision1-HIN-17-WI.pdf,4,1,0.956,N,,नाम : नसीम पिता का नाम: वकील कुरेशी मकान संख्या : 2 फोटो उपलब्थ है आयु : 2४ लिंग : महिला,0.0223
32,सोनिया,husband,रवि,5/4/117,30,Female,ZSY3104817,,,N,N,main,,2026-EROLLGEN-S24-86-SIR-FinalRoll-Revision1-HIN-17-WI.pdf,4,2,0.955,N,,नाम : सोनिया पति का नाम: रवि मकान संख्या : 5/4/117 फोटो उपलब्थ है आयु : 30 लिंग : महिला,0.0266
33,रवि अग्रवाल,father,मदन लाल,5/4/117,27,Male,ZSY3104783,,,N,N,main,,2026-EROLLGEN-S24-86-SIR-FinalRoll-Revision1-HIN-17-WI.pdf,4,3,0.973,N,,नाम : रवि अग्रवाल पिता का नाम: मदन लाल मकान संख्या : 5/4/117 फोटो उपलब्थ है[ आयु : 27 लिंग : पुरुष,0.0237
34,रेनू,husband,इसरार,83,37,Female,ZSY2612877,,,N,N,main,,2026-EROLLGEN-S24-86-SIR-FinalRoll-Revision1-HIN-17-WI.pdf,4,4,0.964,N,,नाम : रेनू पति का नाम: इसरार मकान संख्या : 83 फोटो उपलब्ध है[ आयु : 37 लिंग : महिला,0.0215
35,तराना,father,कलुआ,11,27,Female,ZSY3091410,,,N,N,main,,2026-EROLLGEN-S24-86-SIR-FinalRoll-Revision1-HIN-17-WI.pdf,4,5,0.971,N,,नाम : तराना पिता का नाम: कलुआ मकान संख्या : 11 फोटो उपलब्ध है आयु : 27 लिंग : महिला,0.0252
36,सईद,father,नासिर,12,50,Male,ZSY3141314,,,N,N,main,,2026-EROLLGEN-S24-86-SIR-FinalRoll-Revision1-HIN-17-WI.pdf,4,6,0.957,N,,नाम : सईद पिता का नाम: नासिर मकान संख्या : 12 फोटो उपलब्ध है आयु : 50 लिंग : पुरुष,0.0209
37,शब्वीर,father,साधू,12,48,Male,ZSY3141298,,,N,N,main,,2026-EROLLGEN-S24-86-SIR-FinalRoll-Revision1-HIN-17-WI.pdf,4,7,0.967,N,,नाम : शब्वीर पिता का नाम: साधू फोटो उपलब्ध है मकान संख्या : 12 आयु : 48 लिंग : पुरुष,0.0167
38,चांद क्रेशी,father,अज्जो,12,29,Male,ZSY3683554,,,N,N,main,,2026-EROLLGEN-S24-86-SIR-FinalRoll-Revision1-HIN-17-WI.pdf,4,8,0.955,N,,नाम : चांद क्रेशी पिता का नाम: अज्जो फोटो उपलब्ध है मकान संख्या : 12 आयु : 29 लिंग : पुरुष,0.0214
39,फिरोज खान,father,राजुद्वीन,12,27,Male,ZSY3141199,,,N,N,main,,2026-EROLLGEN-S24-86-SIR-FinalRoll-Revision1-HIN-17-WI.pdf,4,9,0.965,N,,नाम : फिरोज खान पिता का नाम: राजुद्वीन फोटो उपलब्थ है मकान संख्या : 12 आयु : 27 लिंग : पुरुष,0.0172
40,राहुल,father,गुड्र,12,25,Male,ZSY3141264,,,N,N,main,,2026-EROLLGEN-S24-86-SIR-FinalRoll-Revision1-HIN-17-WI.pdf,4,10,0.959,N,,नाम : राहुल पिता का नाम: गुड्र मकान संख्या : 12 फोटो उपलब्ध है आयु : 25 लिंग : पुरुष,0.0202
41,आरिफ,father,गुड्,12,24,Male,ZSY3232204,,,N,N,main,,2026-EROLLGEN-S24-86-SIR-FinalRoll-Revision1-HIN-17-WI.pdf,4,11,0.954,N,,नाम: आरिफ पिता का नाम: गुड् मकान संख्या : 12 फोटो उपलब्ध है आयु : 24 लिंग : पुरुष,0.0228
42,समसुददीन,father,बाबुदीन,13,56,Male,CTV2044733,,,N,N,main,,2026-EROLLGEN-S24-86-SIR-FinalRoll-Revision1-HIN-17-WI.pdf,4,12,0.948,N,,नाम : समसुददीन पिता का नाम: बाबुदीन मकान संख्या : 13 फोटो उपलब्ध है आयु : 56 लिंग : पुरुष,0.0218
43,भूरी,father,समसुद्ीन,१३,33,Female,ZSY1944453,,,N,N,main,,2026-EROLLGEN-S24-86-SIR-FinalRoll-Revision1-HIN-17-WI.pdf,4,13,0.964,N,,नाम: भूरी पिता का नाम: समसुद्ीन मकान संख्या : १३ फोटो उपलब्ध है आयु: 33 लिंग : महिला,0.0169
44,शन्नो,father,समसुद्वीन,१३,32,Female,ZSY1944412,,,N,N,main,,2026-EROLLGEN-S24-86-SIR-FinalRoll-Revision1-HIN-17-WI.pdf,4,14,0.966,N,,नाम : शन्नो पिता का नाम: समसुद्वीन मकान संख्या : १३ फोटो उपलब्ध है आयु : 32 लिंग : महिला,0.0205
45,कल्लो,father,समसुद्वीन,13,27,Female,ZSY3232295,,,N,N,main,,2026-EROLLGEN-S24-86-SIR-FinalRoll-Revision1-HIN-17-WI.pdf,4,15,0.952,N,,नाम : कल्लो पिता का नाम: समसुद्वीन मकान संख्या : 13 फोटो उपलब्ध है आयु : 27 लिंग : महिला,0.017
46,फ़रीदा,husband,बंटू,13,26,Female,ZSY3105905,,,N,N,main,,2026-EROLLGEN-S24-86-SIR-FinalRoll-Revision1-HIN-17-WI.pdf,4,16,0.976,N,,नाम : फ़रीदा पति का नाम: बंटू मकान संख्या : 13 फोटो उपलब्ध है आयु : 26 लिंग महिला,0.0229
47,रहमत,husband,मुस्ताक,14,६5,Female,ZSY1756295,,,N,N,main,,2026-EROLLGEN-S24-86-SIR-FinalRoll-Revision1-HIN-17-WI.pdf,4,17,0.972,N,,नाम : रहमत पति का नाम: मुस्ताक मकान संख्या : 14 फोटो उपलब्ध है आयु : ६5 लिंग महिला,0.0263
48,सानू,father,हनीफ,१४,38,Male,ZSY1947530,,,N,N,main,,2026-EROLLGEN-S24-86-SIR-FinalRoll-Revision1-HIN-17-WI.pdf,4,18,0.943,N,,नाम : सानू पिता का नाम: हनीफ मकान संख्या : १४ फोटो उपलब्ध है आयु : 38 लिं : पुरुष,0.0219
49,फुरकान,father,अब्रार,18,30,Male,ZSY3091642,,,N,N,main,,2026-EROLLGEN-S24-86-SIR-FinalRoll-Revision1-HIN-17-WI.pdf,4,19,0.977,N,,नाम : फुरकान पिता का नाम: अब्रार फोटो उपलब्ध है मकान संख्या : 18 आयु : 30 लिंग : पुरुष,0.0212
50,सारिका,father,मुत्रा,18,27,Female,ZSY3091444,,,N,N,main,,2026-EROLLGEN-S24-86-SIR-FinalRoll-Revision1-HIN-17-WI.pdf,4,20,0.971,N,,नाम : सारिका पिता का नाम: मुत्रा फोटो उपलब्ध है मकान संख्या : 18 आयु : 27 लिंग : महिला,0.025
51,फ़राना,father,कलुआ,18,2६,Female,ZSY3091394,,,N,N,main,,2026-EROLLGEN-S24-86-SIR-FinalRoll-Revision1-HIN-17-WI.pdf,4,21,0.948,N,,नाम : फ़राना पिता का नाम: कलुआ फोटो उपलब्ध है मकान संख्या : 18 आयु : 2६ लिंग : महिला,0.0209
52,सोनी,father,अलीमुद्वीन,18,26,Female,ZSY3091634,,,N,N,main,,2026-EROLLGEN-S24-86-SIR-FinalRoll-Revision1-HIN-17-WI.pdf,4,22,0.967,N,,नाम : सोनी पिता का नाम: अलीमुद्वीन मकान संख्या : 18 फोटो उपलब्ध है आयु : 26 लिंग : महिला,0.0222
53,नगमा,father,आसीन,18,२6,Female,ZSY3091469,,,N,N,main,,2026-EROLLGEN-S24-86-SIR-FinalRoll-Revision1-HIN-17-WI.pdf,4,23,0.971,N,,नाम : नगमा पिता का नाम: आसीन मकान संख्या : 18 फोटो उपलब्थ है आयु : २6 लिंग : महिला,0.0252
54,मजीदा,father,मुत्रा,18,२5,Female,ZSY3091451,,,N,N,main,,2026-EROLLGEN-S24-86-SIR-FinalRoll-Revision1-HIN-17-WI.pdf,4,24,0.965,N,,नाम : मजीदा पिता का नाम: मुत्रा मकान संख्या : 18 फोटो उपलब्थ है[ आयु : २5 लिंग महिला,0.0214
55,फरमान,father,इरशाद,18,२5,Male,ZSY3091378,,,N,N,main,,2026-EROLLGEN-S24-86-SIR-FinalRoll-Revision1-HIN-17-WI.pdf,4,25,0.957,N,,नाम : फरमान पिता का नाम: इरशाद मकान संख्या : 18 फोटो उपलब्ध है आयु : २5 लिंग : पुरुष,0.0232
56,अरशद,father,आसिन,18,25,Male,ZSY3091493,,,N,N,main,,2026-EROLLGEN-S24-86-SIR-FinalRoll-Revision1-HIN-17-WI.pdf,4,26,0.971,N,,नाम : अरशद पिता का नाम: आसिन मकान संख्या : 18 फोटो उपलब्ध है[ आयु : 25 लिंग : पुरुष,0.0268
57,फ्े सिंह,father,कमल सिंह,21,69,Male,CTV2885309,,,N,N,main,,2026-EROLLGEN-S24-86-SIR-FinalRoll-Revision1-HIN-17-WI.pdf,4,27,0.959,N,,नाम : फ्े सिंह पिता का नाम: कमल सिंह मकान संख्या : 21 फोटो उपलब्ध है आयु : 69 लिंग : पुरुष,0.0251
58,वरफी देवी,husband,फतेह सिंह,21,६६,Female,CTV2044360,,,N,N,main,,2026-EROLLGEN-S24-86-SIR-FinalRoll-Revision1-HIN-17-WI.pdf,4,28,0.954,N,,नाम : वरफी देवी पति का नाम: फतेह सिंह मकान संख्या : 21 फोटो उपलब्ध है आयु : ६६ लिंग : महिला,0.0193
59,मुहीन,father,मुत्रा,21,59,,ZSY0373530,,,N,N,main,,2026-EROLLGEN-S24-86-SIR-FinalRoll-Revision1-HIN-17-WI.pdf,4,29,0.968,Y,missing_fields,नाम : मुहीन पिता का नाम: मुत्रा मकान संख्या : 21 फोटो उपलब्थ है आयु : 59 लिंग : ुरुष,0.0208
60,रहाना,husband,इकबाल,21,52,Female,ZSY1600113,,,N,N,main,,2026-EROLLGEN-S24-86-SIR-FinalRoll-Revision1-HIN-17-WI.pdf,4,30,0.968,N,,नाम : रहाना पति का नाम: इकबाल मकान संख्या : 21 फोटो उपलब्थ है आयु : 52 लिंग : महिला,0.0168
61,श्याम सिंह,father,फतेह सिंह,21,49,Male,CTV2888642,,,N,N,main,,2026-EROLLGEN-S24-86-SIR-FinalRoll-Revision1-HIN-17-WI.pdf,5,1,0.969,N,,नाम : श्याम सिंह पिता का नाम: फतेह सिंह मकान संख्या : 21 फोटो उपलब्थ है आयु : 49 लिंग : पुरुष,0.0233
62,गुड़ी,husband,श्याम सिंह,21,47,Female,CTV2044337,,,N,N,main,,2026-EROLLGEN-S24-86-SIR-FinalRoll-Revision1-HIN-17-WI.pdf,5,2,0.955,N,,नाम : गुड़ी पति का नाम: श्याम सिंह मकान संख्या : 21 फोटो उपलब्थ है आयु : 47 लिंग : महिला,0.0263
63,मोहकम सिंह,father,फतेह सिंह,21,४7,Male,CTV2044345,,,N,N,main,,2026-EROLLGEN-S24-86-SIR-FinalRoll-Revision1-HIN-17-WI.pdf,5,3,0.959,N,,नाम : मोहकम सिंह पिता का नाम: फतेह सिंह मकान संख्या : 21 फोटो उपलब्थ है[ आयु : ४7 लिंग : पुरुष,0.0229
64,मीना देवी,husband,मोहकम सिंह,21,४5,Female,CTV2044352,,,N,N,main,,2026-EROLLGEN-S24-86-SIR-FinalRoll-Revision1-HIN-17-WI.pdf,5,4,0.98,N,,नाम : मीना देवी पति का नाम: मोहकम सिंह मकान संख्या : 21 फोटो उपलब्ध है[ आयु : ४5 लिंग : महिला,0.0234
65,गायत्री,husband,भूरी सिंह,21,४3,Female,ZSY2612661,,,N,N,main,,2026-EROLLGEN-S24-86-SIR-FinalRoll-Revision1-HIN-17-WI.pdf,5,5,0.976,N,,नाम : गायत्री पति का नाम: भूरी सिंह मकान संख्या : 21 फोटो उपलब्ध है आयु : ४3 लिंग : महिला,0.0258
66,वीरमती,husband,राधा क्रष्ण,21,४1,Female,ZSY2612612,,,N,N,main,,2026-EROLLGEN-S24-86-SIR-FinalRoll-Revision1-HIN-17-WI.pdf,5,6,0.97,N,,नाम : वीरमती पति का नाम: राधा क्रष्ण मकान संख्या : 21 फोटो उपलब्ध है आयु : ४1 लिंग : महिला,0.0224
67,राधा क्रष्ण,father,फतेह सिंह,21,39,Male,ZSY1264340,,,N,N,main,,2026-EROLLGEN-S24-86-SIR-FinalRoll-Revision1-HIN-17-WI.pdf,5,7,0.963,N,,नाम : राधा क्रष्ण पिता का नाम: फतेह सिंह फोटो उपलब्ध है मकान संख्या : 21 आयु : 39 लिंग : पुरुष,0.0182
68,भूरा,father,फतेह सिंह,21,38,Male,ZSY1264191,,,N,N,main,,2026-EROLLGEN-S24-86-SIR-FinalRoll-Revision1-HIN-17-WI.pdf,5,8,0.965,N,,नाम : भूरा पिता का नाम: फतेह सिंह फोटो उपलब्ध है[ मकान संख्या : 21 आयु : 38 लिंग : पुरुष,0.0211
69,अन्जाना,husband,इसरार,21,38,Female,ZSY1600048,,,N,N,main,,2026-EROLLGEN-S24-86-SIR-FinalRoll-Revision1-HIN-17-WI.pdf,5,9,0.97,N,,नाम : अन्जाना पति का नाम: इसरार फोटो उपलब्थ है मकान संख्या : 21 आयु : 38 लिंग : महिला,0.0164
70,इसरार,father,कल्लू,21,35,Male,ZSY1600022,,,N,N,main,,2026-EROLLGEN-S24-86-SIR-FinalRoll-Revision1-HIN-17-WI.pdf,5,10,0.984,N,,नाम : इसरार पिता का नाम: कल्लू मकान संख्या : 21 फोटो उपलब्ध है आयु : 35 लिंग : पुरुष,0.0203
71,फैमिदा,father,कल्लू,संख्या: फोटो उपलब्ध है,,,ZSY1599992,S,shifted (स्थानांतरित),Y,Y,main,,2026-EROLLGEN-S24-86-SIR-FinalRoll-Revision1-HIN-17-WI.pdf,5,11,0.966,Y,missing_fields,नाम : फैमिदा पिता का नाम: कल्लू मकान संख्या: फोटो उपलब्ध है,0.0356
72,रिज़वान,father,रहीस,21,२९,Male,ZSY2865731,,,N,N,main,,2026-EROLLGEN-S24-86-SIR-FinalRoll-Revision1-HIN-17-WI.pdf,5,12,0.957,N,,नाम : रिज़वान पिता का नाम: रहीस मकान संख्या : 21 फोटो उपलब्ध है आयु : २९ लिंग : पुरुष,0.0197
73,सोनवीर सिंह,father,श्यामसुन्दर,२१,28,Male,ZSY2511921,,,N,N,main,,2026-EROLLGEN-S24-86-SIR-FinalRoll-Revision1-HIN-17-WI.pdf,5,13,0.971,N,,नाम : सोनवीर सिंह पिता का नाम: श्यामसुन्दर मकान संख्या : २१ फोटो उपलब्ध है आयु: 28 लिंग : पुरुष,0.0181
74,उजमा,father,रहीस ALETED,,,,ZSY2865749,S,shifted (स्थानांतरित),Y,Y,main,,2026-EROLLGEN-S24-86-SIR-FinalRoll-Revision1-HIN-17-WI.pdf,5,14,0.946,Y,missing_fields,नाम : उजमा पिता का नाम: रहीस ALETED फोटो उपलब्ध है,0.0324
75,नरेश जूरेल,father,मोहकम सिंह,21,27,Male,ZSY2612646,,,N,N,main,,2026-EROLLGEN-S24-86-SIR-FinalRoll-Revision1-HIN-17-WI.pdf,5,15,0.974,N,,नाम : नरेश जूरेल पिता का नाम: मोहकम सिंह मकान संख्या : 21 फोटो उपलब्ध है आयु : 27 लिंग : पुरुष,0.0173
76,फरमान,father,रहीश,21,27,Male,ZSY2865723,,,N,N,main,,2026-EROLLGEN-S24-86-SIR-FinalRoll-Revision1-HIN-17-WI.pdf,5,16,0.97,N,,नाम : फरमान पिता का नाम: रहीश मकान संख्या : 21 फोटो उपलब्ध है आयु : 27 लिंग : पुरुष,0.0225
77,बशीम,father,वकील कुरेशी,21,27,Male,ZSY3091352,,,N,N,main,,2026-EROLLGEN-S24-86-SIR-FinalRoll-Revision1-HIN-17-WI.pdf,5,17,0.974,N,,नाम : बशीम पिता का नाम: वकील कुरेशी मकान संख्या : 21 फोटो उपलब्ध है आयु : 27 लिंग : पुरुष,0.0272
78,आनन्द जूरैल,father,राधा चरन,21,२4,Male,ZSY3091279,,,N,N,main,,2026-EROLLGEN-S24-86-SIR-FinalRoll-Revision1-HIN-17-WI.pdf,5,18,0.961,N,,नाम : आनन्द जूरैल पिता का नाम: राधा चरन मकान संख्या : 21 फोटो उपलब्ध है आयु : २4 लिं : पुरुष,0.0235
79,फ़रिज़ा,father,अलीमुद्ीन,23,२४,Female,ZSY3232246,,,N,N,main,,2026-EROLLGEN-S24-86-SIR-FinalRoll-Revision1-HIN-17-WI.pdf,5,19,0.973,N,,नाम : फ़रिज़ा पिता का नाम: अलीमुद्ीन फोटो उपलब्ध है मकान संख्या : 23 आयु : २४ लिंग : महिला,0.0222
80,मेहराजउह्टीन,father,अजमेरी,25,58,Male,ZSY1944537,,,N,N,main,,2026-EROLLGEN-S24-86-SIR-FinalRoll-Revision1-HIN-17-WI.pdf,5,20,0.97,N,,नाम : मेहराजउह्टीन पिता का नाम: अजमेरी फोटो उपलब्ध है मकान संख्या : 25 आयु : 58 लिंग : पुरुष,0.0255
81,गुडड़,father,शहीद,35,४४,Male,ZSY0742627,,,N,N,main,,2026-EROLLGEN-S24-86-SIR-FinalRoll-Revision1-HIN-17-WI.pdf,5,21,0.957,N,,नाम : गुडड़ पिता का नाम: शहीद फोटो उपलब्ध है मकान संख्या : 35 आयु : ४४ लिंग : पुरुष,0.0207
82,खलील कुरैशी,father,टुण्डा कुरेशी,35,४०,Male,ZSY1756394,,,N,N,main,,2026-EROLLGEN-S24-86-SIR-FinalRoll-Revision1-HIN-17-WI.pdf,5,22,0.963,N,,नाम : खलील कुरैशी पिता का नाम: टुण्डा कुरेशी मकान संख्या : 35 फोटो उपलब्ध है आयु : ४० लिंग : पुरुष,0.0254
83,अशफाक,father,मुस्ताक,35,35,Male,ZSY1756261,,,N,N,main,,2026-EROLLGEN-S24-86-SIR-FinalRoll-Revision1-HIN-17-WI.pdf,5,23,0.971,N,,नाम : अशफाक पिता का नाम: मुस्ताक मकान संख्या : 35 फोटो उपलब्ध है आयु : 35 लिंग : पुरुष,0.0258
84,दीपक सिंह,father,रमेशचन्द्र,35,33,Male,ZSY0742643,,,N,N,main,,2026-EROLLGEN-S24-86-SIR-FinalRoll-Revision1-HIN-17-WI.pdf,5,24,0.958,N,,नाम : दीपक सिंह पिता का नाम: रमेशचन्द्र मकान संख्या : 35 फोटो उपलब्थ है[ आयु : 33 लिंग : पुरुष,0.0225
85,गव्वर,father,हव्दो,36,४3,Male,ZSY0742593,,,N,N,main,,2026-EROLLGEN-S24-86-SIR-FinalRoll-Revision1-HIN-17-WI.pdf,5,25,0.935,N,,नाम : गव्वर पिता का नाम: हव्दो मकान संख्या : 36 फोटो उपलब्ध है आयु : ४3 लिंग : पुरुष,0.0224
86,मु रिजवान अत्तारी,father,मु शाहिद करेशी,36,31,Male,ZSY0742585,,,N,N,main,,2026-EROLLGEN-S24-86-SIR-FinalRoll-Revision1-HIN-17-WI.pdf,5,26,0.965,N,,नाम : मु रिजवान अत्तारी पिता का नाम: मु शाहिद करेशी मकान संख्या : 36 फोटो उपलब्ध है[ आयु : 31 लिंग : पुरुष,0.031
87,सितारा,husband,लाला,39,37,Female,ZSY1756485,,,N,N,main,,2026-EROLLGEN-S24-86-SIR-FinalRoll-Revision1-HIN-17-WI.pdf,5,27,0.971,N,,नाम : सितारा पति का नाम: लाला मकान संख्या : 39 फोटो उपलब्ध है आयु : 37 लिंग : महिला,0.0228
88,तनुज,husband,जितेन्द्र सिंह,0,33,Female,ZSY1945963,,,N,N,main,,2026-EROLLGEN-S24-86-SIR-FinalRoll-Revision1-HIN-17-WI.pdf,5,28,0.964,N,,नाम: तनुज पति का नाम: जितेन्द्र सिंह मकान संख्या : 0 फोटो उपलब्थ है आयु : 33 लिंग : महिला,0.017
89,विक्रम सिंह,father,नवल सिंह,45,31,Male,ZSY2774354,,,N,N,main,,2026-EROLLGEN-S24-86-SIR-FinalRoll-Revision1-HIN-17-WI.pdf,5,29,0.958,N,,नाम : विक्रम सिंह पिता का नाम: नवल सिंह मकान संख्या : 45 फोटो उपलब्ध है आयु : 31 लिंग : पुरुष,0.0224
90,रोहित क्रेशी,father,पप्पू करेशी,45,26,Male,ZSY3232220,,,N,N,main,,2026-EROLLGEN-S24-86-SIR-FinalRoll-Revision1-HIN-17-WI.pdf,5,30,0.949,N,,नाम : रोहित क्रेशी पिता का नाम: पप्पू करेशी मकान संख्या : 45 फोटो उपलब्थ है आयु : 26 लिंग : पुरुष,0.0191
91,सन्तोष कुमार,father,श्यामलाल,47,46,Male,ZSY1264225,,,N,N,main,,2026-EROLLGEN-S24-86-SIR-FinalRoll-Revision1-HIN-17-WI.pdf,6,1,0.941,N,,नाम : सन्तोष कुमार पिता का नाम: श्यामलाल मकान संख्या : 47 फोटो उपलब्ध है आयु : 46 लिंग : पुरुष,0.0231
92,बंटू,father,मंसूर,४७,37,Male,ZSY1944610,,,N,N,main,,2026-EROLLGEN-S24-86-SIR-FinalRoll-Revision1-HIN-17-WI.pdf,6,2,0.955,N,,नाम : बंटू पिता का नाम: मंसूर मकान संख्या : ४७ फोटो उपलब्थ है आयु : 37 लिंग : पुरुष,0.0238
93,बबलू,father,मंसूर,४७,35,Male,ZSY1944594,,,N,N,main,,2026-EROLLGEN-S24-86-SIR-FinalRoll-Revision1-HIN-17-WI.pdf,6,3,0.975,N,,नाम : बबलू पिता का नाम: मंसूर मकान संख्या : ४७ फोटो उपलब्थ है[ आयु : 35 लिंग : पुरुष,0.0209
94,बल्लू,father,मंसूर,४७,33,Male,ZSY1944636,,,N,N,main,,2026-EROLLGEN-S24-86-SIR-FinalRoll-Revision1-HIN-17-WI.pdf,6,4,0.963,N,,नाम : बल्लू पिता का नाम: मंसूर मकान संख्या : ४७ फोटो उपलब्ध है आयु : 33 लिंग : पुरुष,0.0207
95,रेखा जूरेल,husband,आशीष जरैल,47,31,Female,ZSY2612653,,,N,N,main,,2026-EROLLGEN-S24-86-SIR-FinalRoll-Revision1-HIN-17-WI.pdf,6,5,0.967,N,,नाम : रेखा जूरेल पति का नाम: आशीष जरैल मकान संख्या : 47 फोटो उपलब्ध है आयु : 31 लिंग : महिला,0.0277
96,अमरीन,father,नजर,४७,3०,Female,ZSY1947019,,,N,N,main,,2026-EROLLGEN-S24-86-SIR-FinalRoll-Revision1-HIN-17-WI.pdf,6,6,0.966,N,,नाम : अमरीन पिता का नाम: नजर मकान संख्या : ४७ फोटो उपलब्ध है[ आयु : 3० लिंग : महिला,0.0215
97,श्यामलाल,father,राम दयाल,47/184,57,Male,ZSY1600246,,,N,N,main,,2026-EROLLGEN-S24-86-SIR-FinalRoll-Revision1-HIN-17-WI.pdf,6,7,0.962,N,,नाम : श्यामलाल पिता का नाम: राम दयाल फोटो उपलब्ध है मकान संख्या : 47/184 आयु : 57 लिंग : पुरुष,0.0183
98,पप्पू,father,इक्रबाल,47,52,Male,ZSY3087897,,,N,N,main,,2026-EROLLGEN-S24-86-SIR-FinalRoll-Revision1-HIN-17-WI.pdf,6,8,0.967,N,,नाम : पप्पू पिता का नाम: इक्रबाल फोटो उपलब्ध है मकान संख्या : 47ए आयु : 52 लिंग : पुरुष,0.0212
99,अफ़रसाना,husband,ताहिर,47,४४,Female,CTV3134103,,,N,N,main,,2026-EROLLGEN-S24-86-SIR-FinalRoll-Revision1-HIN-17-WI.pdf,6,9,0.952,N,,नाम : अफ़रसाना पति का नाम: ताहिर फोटो उपलब्थ है मकान संख्या : 47 अ आयु : ४४ लिंग : महिला,0.0171
100,नसीरा,father,इकबाल,47,40,Male,ZSY2192763,,,N,N,main,,2026-EROLLGEN-S24-86-SIR-FinalRoll-Revision1-HIN-17-WI.pdf,6,10,0.976,N,,नाम : नसीरा पिता का नाम: इकबाल मकान संख्या : 47अ फोटो उपलब्ध है आयु : 40 लिंग : पुरुष,0.0221
101,असार,father,इकबाल,47,39,Male,ZSY2192771,,,N,N,main,,2026-EROLLGEN-S24-86-SIR-FinalRoll-Revision1-HIN-17-WI.pdf,6,11,0.971,N,,नाम : असार पिता का नाम: इकबाल मकान संख्या : 47अ फोटो उपलब्ध है आयु : 39 लिंग : पुरुष,0.0233
102,अप्सार,father,इकबाल,47,37,Male,ZSY2192789,,,N,N,main,,2026-EROLLGEN-S24-86-SIR-FinalRoll-Revision1-HIN-17-WI.pdf,6,12,0.97,N,,नाम : अप्सार पिता का नाम: इकबाल मकान संख्या : 47अ फोटो उपलब्ध है आयु : 37 लिंग : पुरुष,0.0207
103,अबजाल,father,इकबाल,47,34,Male,ZSY2192755,,,N,N,main,,2026-EROLLGEN-S24-86-SIR-FinalRoll-Revision1-HIN-17-WI.pdf,6,13,0.958,N,,नाम : अबजाल पिता का नाम: इकबाल मकान संख्या : 47अ फोटो उपलब्ध है आयु: 34 लिंग : पुरुष,0.0178
104,अमरीन,husband,अंसार,47,3४,Female,ZSY3092392,,,N,N,main,,2026-EROLLGEN-S24-86-SIR-FinalRoll-Revision1-HIN-17-WI.pdf,6,14,0.964,N,,नाम : अमरीन पति का नाम: अंसार मकान संख्या : 47ए फोटो उपलब्ध है आयु : 3४ लिंग : महिला,0.0225
105,नगमा,husband,पप्पो,४७,४1,Female,ZSY2865590,,,N,N,main,,2026-EROLLGEN-S24-86-SIR-FinalRoll-Revision1-HIN-17-WI.pdf,6,15,0.961,N,,नाम : नगमा पति का नाम: पप्पो मकान संख्या : ४७च फोटो उपलब्ध है आयु : ४1 लिंग : महिला,0.0167
106,लल्लो अन्य: इकबाल,,,47,61,Male,CTV2658615,,,N,N,main,,2026-EROLLGEN-S24-86-SIR-FinalRoll-Revision1-HIN-17-WI.pdf,6,16,0.97,Y,missing_fields,नाम : लल्लो अन्य: इकबाल मकान संख्या : 47य फोटो उपलब्ध है आयु : 61 लिंग : पुरुष,0.0227
107,परवीन,husband,नवाव,47,61,Female,CTV2658359,,,N,N,main,,2026-EROLLGEN-S24-86-SIR-FinalRoll-Revision1-HIN-17-WI.pdf,6,17,0.978,N,,नाम : परवीन पति का नाम: नवाव मकान संख्या : 47य फोटो उपलब्ध है आयु : 61 लिंग : महिला,0.0267
108,ताहिर,father,जैनू,47,51,Male,CTV3318938,,,N,N,main,,2026-EROLLGEN-S24-86-SIR-FinalRoll-Revision1-HIN-17-WI.pdf,6,18,0.945,N,,नाम : ताहिर पिता का नाम: जैनू मकान संख्या : 47य फोटो उपलब्ध है आयु : 51 लिं : पुरुष,0.0229
109,अंसार अन्य: अफसर,,,47,४४,Male,CTV3166063,,,N,N,main,,2026-EROLLGEN-S24-86-SIR-FinalRoll-Revision1-HIN-17-WI.pdf,6,19,0.972,Y,missing_fields,नाम : अंसार अन्य: अफसर फोटो उपलब्ध है मकान संख्या : 47य आयु : ४४ लिंग : पुरुष,0.0194
110,मन्जू,husband,सन्तोष कुमार,47,४४,Female,ZSY1264233,,,N,N,main,,2026-EROLLGEN-S24-86-SIR-FinalRoll-Revision1-HIN-17-WI.pdf,6,20,0.961,N,,नाम : मन्जू पति का नाम: सन्तोष कुमार फोटो उपलब्ध है मकान संख्या : 47य आयु : ४४ लिंग : महिला,0.0268
111,मनोज कुमार,father,श्याम लाल,47,38,Male,ZSY0976373,,,N,N,main,,2026-EROLLGEN-S24-86-SIR-FinalRoll-Revision1-HIN-17-WI.pdf,6,21,0.965,N,,नाम : मनोज कुमार पिता का नाम: श्याम लाल फोटो उपलब्ध है मकान संख्या : 47य आयु : 38 लिंग : पुरुष,0.0216
112,रेखा देवी,husband,मनोज कुमार,47,35,Female,ZSY0976381,,,N,N,main,,2026-EROLLGEN-S24-86-SIR-FinalRoll-Revision1-HIN-17-WI.pdf,6,22,0.952,N,,नाम : रेखा देवी पति का नाम: मनोज कुमार मकान संख्या : 47य फोटो उपलब्ध है आयु : 35 लिंग : महिला,0.0246
113,रुबी,father,कल्लू,51,२४,Female,ZSY3232253,,,N,N,main,,2026-EROLLGEN-S24-86-SIR-FinalRoll-Revision1-HIN-17-WI.pdf,6,23,0.934,N,,नाम : रुबी पिता का नाम: कल्लू मकान संख्या : 51 फोटो उपलब्थ है आयु : २४ लिंग : महिला,0.0256
114,फरजाना,husband,शकील,52,35,Female,ZSY2614832,,,N,N,main,,2026-EROLLGEN-S24-86-SIR-FinalRoll-Revision1-HIN-17-WI.pdf,6,24,0.923,Y,serial_corrected,नाम : फरजाना पति का नाम: शकील मकान संख्या : 52 फोटो उपलब्थ है[ आयु : 35 लिंग : महिला,0.022
115,रानी,father,शरीफ,52,२28,Female,ZSY2612679,,,N,N,main,,2026-EROLLGEN-S24-86-SIR-FinalRoll-Revision1-HIN-17-WI.pdf,6,25,0.953,N,,नाम : रानी पिता का नाम: शरीफ मकान संख्या : 52 फोटो उपलब्ध है आयु : २28 लिंग : महिला,0.0226
116,रिजवाना,father,शरीफ,52,27,Female,ZSY2614816,,,N,N,main,,2026-EROLLGEN-S24-86-SIR-FinalRoll-Revision1-HIN-17-WI.pdf,6,26,0.972,N,,नाम : रिजवाना पिता का नाम: शरीफ मकान संख्या : 52 फोटो उपलब्ध है आयु : 27 लिंग : महिला,0.0268
117,इमरान,father,बबुआ,058,31,Male,ZSY1945914,,,N,N,main,,2026-EROLLGEN-S24-86-SIR-FinalRoll-Revision1-HIN-17-WI.pdf,6,27,0.964,N,,नाम : इमरान पिता का नाम: बबुआ मकान संख्या : 058 फोटो उपलब्ध है आयु : 31 लिंग : पुरुष,0.023
118,आस मोहम्मद,father,पप्पू कुरेशी,59,25,Male,ZSY3092418,,,N,N,main,,2026-EROLLGEN-S24-86-SIR-FinalRoll-Revision1-HIN-17-WI.pdf,6,28,0.959,N,,नाम : आस मोहम्मद पिता का नाम: पप्पू कुरेशी मकान संख्या : 59 फोटो उपलब्ध है आयु : 25 लिंग : पुरुष,0.0191
119,नूरबानो,husband,पप्पू,64,3४,Female,ZSY2612687,,,N,N,main,,2026-EROLLGEN-S24-86-SIR-FinalRoll-Revision1-HIN-17-WI.pdf,6,29,0.957,N,,नाम : नूरबानो पति का नाम: पप्पू मकान संख्या : 64 फोटो उपलब्थ है आयु : 3४ लिंग : महिला,0.0213
120,इमरान,father,अबरार,संख्या :  फोटो उपलब्थ है,32,Male,ZSY1946177,,,N,N,main,,2026-EROLLGEN-S24-86-SIR-FinalRoll-Revision1-HIN-17-WI.pdf,6,30,0.957,N,,नाम : इमरान पिता का नाम: अबरार मकान संख्या :  फोटो उपलब्थ है आयु : 32 लिंग : पुरुष,0.0164
121,सफीक,father,रफीक,72,59,Male,ZSY0497461,,,N,N,main,,2026-EROLLGEN-S24-86-SIR-FinalRoll-Revision1-HIN-17-WI.pdf,7,1,0.96,N,,नाम : सफीक पिता का नाम: रफीक मकान संख्या : 72 फोटो उपलब्थ है आयु: 59 लिंग : पुरुष,0.0223
122,अमीना,husband,सफीक,72,57,Female,ZSY0497479,,,N,N,main,,2026-EROLLGEN-S24-86-SIR-FinalRoll-Revision1-HIN-17-WI.pdf,7,2,0.966,N,,नाम : अमीना पति का नाम: सफीक मकान संख्या : 72 फोटो उपलब्थ है आयु : 57 लिंग : महिला,0.0268
123,मुस्ताक,father,इद,,,,UP/70/355/0030002,S,shifted (स्थानांतरित),Y,Y,main,,2026-EROLLGEN-S24-86-SIR-FinalRoll-Revision1-HIN-17-WI.pdf,7,3,0.942,Y,missing_fields,नाम : मुस्ताक पिता का नाम: इद फोटो उपलब्थ है,0.0367
124,सम्मो,husband,मुस्ताक,,,,CTV2658722,E,dead (मृतक),Y,Y,main,,2026-EROLLGEN-S24-86-SIR-FinalRoll-Revision1-HIN-17-WI.pdf,7,4,0.969,Y,missing_fields,नाम : सम्मो पति का नाम: मुस्ताक फोटो उपलब्ध है[,0.034
125,इरसाद अन्य: इकराम,,,73,61,Male,CTV1607704,,,N,N,main,,2026-EROLLGEN-S24-86-SIR-FinalRoll-Revision1-HIN-17-WI.pdf,7,5,0.966,Y,missing_fields,नाम : इरसाद अन्य: इकराम मकान संख्या : 73 फोटो उपलब्ध है आयु : 61 लिंग : पुरुष,0.024
126,गुलफाम अन्य: इकरार,,,73,59,Male,CTV1607696,,,N,N,main,,2026-EROLLGEN-S24-86-SIR-FinalRoll-Revision1-HIN-17-WI.pdf,7,6,0.964,Y,missing_fields,नाम : गुलफाम अन्य: इकरार मकान संख्या : 73 फोटो उपलब्ध है[ आयु : 59 लिंग : पुरुष,0.0198
127,इबरार,father,इकरार,73,58,Male,UP/70/355/0030004,,,N,N,main,,2026-EROLLGEN-S24-86-SIR-FinalRoll-Revision1-HIN-17-WI.pdf,7,7,0.959,N,,नाम : इबरार पिता का नाम: इकरार फोटो उपलब्थ है मकान संख्या : 73 आयु: 58 लिंग : पुरुष,0.0197
128,शबाना अन्य: इरसाद,,,73,56,Male,CTV3100823,,,N,N,main,,2026-EROLLGEN-S24-86-SIR-FinalRoll-Revision1-HIN-17-WI.pdf,7,8,0.966,Y,missing_fields,नाम : शबाना अन्य: इरसाद फोटो उपलब्ध है मकान संख्या : 73 आयु : 56 लिंग : पुरुष,0.0204
129,फरदोस,father,इकरार,73,56,Male,CTV3100815,,,N,N,main,,2026-EROLLGEN-S24-86-SIR-FinalRoll-Revision1-HIN-17-WI.pdf,7,9,0.976,N,,नाम : फरदोस पिता का नाम: इकरार फोटो उपलब्थ है मकान संख्या : 73 आयु : 56 लिंग : पुरुष,0.0165
130,मुकीम,father,मुन्शी,73,53,Male,CTV2687127,,,N,N,main,,2026-EROLLGEN-S24-86-SIR-FinalRoll-Revision1-HIN-17-WI.pdf,7,10,0.983,N,,नाम : मुकीम पिता का नाम: मुन्शी मकान संख्या : 73 फोटो उपलब्ध है आयु : 53 लिंग : पुरुष,0.0204
131,इरफान,father,इकवाल,73,51,Male,UP/70/355/0030008,,,N,N,main,,2026-EROLLGEN-S24-86-SIR-FinalRoll-Revision1-HIN-17-WI.pdf,7,11,0.968,N,,नाम : इरफान पिता का नाम: इकवाल मकान संख्या : 73 फोटो उपलब्ध है आयु : 51 लिंग : पुरुष,0.0261
132,रेश्मा,husband,मुकीम,73,51,Female,CTV3100831,,,N,N,main,,2026-EROLLGEN-S24-86-SIR-FinalRoll-Revision1-HIN-17-WI.pdf,7,12,0.963,N,,नाम : रेश्मा पति का नाम: मुकीम मकान संख्या : 73 फोटो उपलब्ध है आयु : 51 लिंग : महिला,0.0201
133,रानी,husband,गुलफ़ाम,73,४5,Female,ZSY3090479,,,N,N,main,,2026-EROLLGEN-S24-86-SIR-FinalRoll-Revision1-HIN-17-WI.pdf,7,13,0.968,N,,नाम : रानी पति का नाम: गुलफ़ाम मकान संख्या : 73 फोटो उपलब्ध है आयु : ४5 लिंग : महिला,0.0162
134,रेश्मा,husband,इरफ़रान,73,४5,Female,ZSY3090503,,,N,N,main,,2026-EROLLGEN-S24-86-SIR-FinalRoll-Revision1-HIN-17-WI.pdf,7,14,0.961,N,,नाम : रेश्मा पति का नाम: इरफ़रान मकान संख्या : 73 फोटो उपलब्ध है आयु : ४5 लिंग : महिला,0.0215
135,सोनू,father,इकराम,७३,32,Male,ZSY1947357,,,N,N,main,,2026-EROLLGEN-S24-86-SIR-FinalRoll-Revision1-HIN-17-WI.pdf,7,15,0.965,N,,नाम : सोनू पिता का नाम: इकराम मकान संख्या : ७३ फोटो उपलब्ध है आयु : 32 लिंग : पुरुष,0.0156
136,अरमान,father,गुलफ़राम,73,23,Male,ZSY3232238,,,N,N,main,,2026-EROLLGEN-S24-86-SIR-FinalRoll-Revision1-HIN-17-WI.pdf,7,16,0.968,N,,नाम : अरमान पिता का नाम: गुलफ़राम मकान संख्या : 73 फोटो उपलब्ध है आयु : 23 लिंग : पुरुष,0.0234
137,मेम,husband,जफर,75,58,Female,CTV3166667,,,N,N,main,,2026-EROLLGEN-S24-86-SIR-FinalRoll-Revision1-HIN-17-WI.pdf,7,17,0.974,N,,नाम : मेम पति का नाम: जफर मकान संख्या : 75 फोटो उपलब्ध है आयु : 58 लिंग महिला,0.0255
138,फूलपरी,husband,वसर,75,55,Female,CTV2887339,,,N,N,main,,2026-EROLLGEN-S24-86-SIR-FinalRoll-Revision1-HIN-17-WI.pdf,7,18,0.953,N,,नाम : फूलपरी पति का नाम: वसर मकान संख्या : 75 फोटो उपलब्ध है आयु : 55 लिंग : महिला,0.0228
139,भोलू,father,जफर,75,35,Male,ZSY0976530,,,N,N,main,,2026-EROLLGEN-S24-86-SIR-FinalRoll-Revision1-HIN-17-WI.pdf,7,19,0.973,N,,नाम : भोलू पिता का नाम: जफर फोटो उपलब्ध है मकान संख्या : 75 आयु : 35 लिंग : पुरुष,0.0208
140,सीमा,husband,भोलू,75,33,Female,ZSY2612695,,,N,N,main,,2026-EROLLGEN-S24-86-SIR-FinalRoll-Revision1-HIN-17-WI.pdf,7,20,0.973,N,,नाम : सीमा पति का नाम: भोलू फोटो उपलब्ध है मकान संख्या : 75 आयु : 33 लिंग : महिला,0.0249
141,निन्नू,father,जफर,००,41,Male,ZSY1567353,,,N,N,main,,2026-EROLLGEN-S24-86-SIR-FinalRoll-Revision1-HIN-17-WI.pdf,7,21,0.959,N,,नाम : निन्नू पिता का नाम: जफर फोटो उपलब्ध है मकान संख्या : ०० आयु : 41 लिंग : पुरुष,0.0196
142,स्वालीन,father,सिराजू,76,72,Male,CTV2687903,,,N,N,main,,2026-EROLLGEN-S24-86-SIR-FinalRoll-Revision1-HIN-17-WI.pdf,7,22,0.956,N,,नाम : स्वालीन पिता का नाम: सिराजू मकान संख्या : 76 फोटो उपलब्ध है आयु : 72 लिंग : पुरुष,0.0229
143,चुत्री,husband,सरीफ,76,६६,Female,CTV3166246,,,N,N,main,,2026-EROLLGEN-S24-86-SIR-FinalRoll-Revision1-HIN-17-WI.pdf,7,23,0.958,N,,नाम : चुत्री पति का नाम: सरीफ मकान संख्या : 76 फोटो उपलब्ध है आयु : ६६ लिंग : महिला,0.0262
144,रहीसा,husband,स्वालीन,76,६0,Female,CTV3166253,,,N,N,main,,2026-EROLLGEN-S24-86-SIR-FinalRoll-Revision1-HIN-17-WI.pdf,7,24,0.967,N,,नाम : रहीसा पति का नाम: स्वालीन मकान संख्या : 76 फोटो उपलब्थ है[ आयु: ६0 लिंग : महिला,0.0215
145,सूललो,father,स्वालीन,76,४४,Male,CTV3134269,,,N,N,main,,2026-EROLLGEN-S24-86-SIR-FinalRoll-Revision1-HIN-17-WI.pdf,7,25,0.965,N,,नाम : सूललो पिता का नाम: स्वालीन मकान संख्या : 76 फोटो उपलब्ध है आयु : ४४ लिंग : पुरुष,0.0239
146,रुवी,husband,सल्लो,76,४०,Female,CTV3134277,,,N,N,main,,2026-EROLLGEN-S24-86-SIR-FinalRoll-Revision1-HIN-17-WI.pdf,7,26,0.962,N,,नाम : रुवी पति का नाम: सल्लो मकान संख्या : 76 फोटो उपलब्ध है आयु : ४० लिंग : महिला,0.027
147,कमालुद्टीन,father,स्मालीन,76,४०,Male,CTV3134244,,,N,N,main,,2026-EROLLGEN-S24-86-SIR-FinalRoll-Revision1-HIN-17-WI.pdf,7,27,0.958,N,,नाम : कमालुद्टीन पिता का नाम: स्मालीन मकान संख्या : 76 फोटो उपलब्ध है आयु : ४० लिंग : पुरुष,0.0243
148,बशीम,father,शरीफ,७६,34,Male,ZSY1947415,,,N,N,main,,2026-EROLLGEN-S24-86-SIR-FinalRoll-Revision1-HIN-17-WI.pdf,7,28,0.958,N,,नाम : बशीम पिता का नाम: शरीफ मकान संख्या : ७६ फोटो उपलब्ध है आयु: 34 लिंग : पुरुष,0.017
149,शहनाज,husband,कमालुददीन,76,33,Female,ZSY2612703,,,N,N,main,,2026-EROLLGEN-S24-86-SIR-FinalRoll-Revision1-HIN-17-WI.pdf,7,29,0.969,N,,नाम : शहनाज पति का नाम: कमालुददीन मकान संख्या : 76 फोटो उपलब्ध है आयु : 33 लिंग : महिला,0.0229
150,रहीश,father,शरीफ,७६,32,Male,ZSY1947456,,,N,N,main,,2026-EROLLGEN-S24-86-SIR-FinalRoll-Revision1-HIN-17-WI.pdf,7,30,0.962,N,,नाम : रहीश पिता का नाम: शरीफ मकान संख्या : ७६ फोटो उपलब्थ है आयु : 32 लिंग : पुरुष,0.0164
151,सगीर,husband,शरीफ,76/20,४1,Female,CTV4331238,,,N,N,main,,2026-EROLLGEN-S24-86-SIR-FinalRoll-Revision1-HIN-17-WI.pdf,8,1,0.982,N,,नाम : सगीर पति का नाम: शरीफ मकान संख्या : 76/20 फोटो उपलब्थ है आयु: ४1 लिंग : महिला,0.0225
152,फरीदा,husband,सगीर,76/20,32,Female,ZSY2612711,,,N,N,main,,2026-EROLLGEN-S24-86-SIR-FinalRoll-Revision1-HIN-17-WI.pdf,8,2,0.965,N,,नाम : फरीदा पति का नाम: सगीर मकान संख्या : 76/20 फोटो उपलब्थ है आयु : 32 लिंग : महिला,0.026
153,जफर,father,शोकत,77,57,Male,UP/70/355/0030010,,,N,N,main,,2026-EROLLGEN-S24-86-SIR-FinalRoll-Revision1-HIN-17-WI.pdf,8,3,0.968,N,,नाम : जफर पिता का नाम: शोकत मकान संख्या : 77 फोटो उपलब्थ है[ आयु : 57 लिंग : पुरुष,0.0232
154,पप्पू अन्य: शौकत,,,77,56,Male,CTV1607555,,,N,N,main,,2026-EROLLGEN-S24-86-SIR-FinalRoll-Revision1-HIN-17-WI.pdf,8,4,0.978,Y,missing_fields,नाम: पप्पू अन्य: शौकत मकान संख्या : 77 फोटो उपलब्ध है आयु : 56 लिंग : पुरुष,0.02
155,अनीसा,husband,जफर,77,४7,Female,ZSY2612778,,,N,N,main,,2026-EROLLGEN-S24-86-SIR-FinalRoll-Revision1-HIN-17-WI.pdf,8,5,0.971,N,,नाम : अनीसा पति का नाम: जफर मकान संख्या : 77 फोटो उपलब्ध है आयु : ४7 लिंग : महिला,0.0248
156,नजमा,husband,प्पू,77,४6,Female,ZSY2612794,,,N,N,main,,2026-EROLLGEN-S24-86-SIR-FinalRoll-Revision1-HIN-17-WI.pdf,8,6,0.975,N,,नाम : नजमा पति का नाम: प्पू मकान संख्या : 77 फोटो उपलब्ध है आयु : ४6 लिंग : महिला,0.0204
157,साकिर,father,साबीर,77,39,Male,CTV3318367,,,N,N,main,,2026-EROLLGEN-S24-86-SIR-FinalRoll-Revision1-HIN-17-WI.pdf,8,7,0.952,N,,नाम : साकिर पिता का नाम: साबीर फोटो उपलब्ध है मकान संख्या : 77 आयु : 39 लिंग : पुरुष,0.0169
158,ताहिर,father,साविर,77,38,Male,ZSY0976555,,,N,N,main,,2026-EROLLGEN-S24-86-SIR-FinalRoll-Revision1-HIN-17-WI.pdf,8,8,0.968,N,,नाम : ताहिर पिता का नाम: साविर फोटो उपलब्ध है मकान संख्या : 77 आयु : 38 लिंग : पुरुष,0.0214
159,जाकिर,father,साबीर,77,37,Male,CTV3318359,,,N,N,main,,2026-EROLLGEN-S24-86-SIR-FinalRoll-Revision1-HIN-17-WI.pdf,8,9,0.974,N,,नाम : जाकिर पिता का नाम: साबीर फोटो उपलब्थ है मकान संख्या : 77 आयु : 37 लिंग : पुरुष,0.017
160,सवनम,husband,नासिर,77,3६,Female,ZSY3735883,,,N,N,main,,2026-EROLLGEN-S24-86-SIR-FinalRoll-Revision1-HIN-17-WI.pdf,8,10,0.963,N,,नाम : सवनम पति का नाम: नासिर मकान संख्या : 77 फोटो उपलब्ध है आयु : 3६ लिंग : महिला,0.0211
161,नजराना,husband,साकिर,77,35,Female,ZSY2612737,,,N,N,main,,2026-EROLLGEN-S24-86-SIR-FinalRoll-Revision1-HIN-17-WI.pdf,8,11,0.975,N,,नाम : नजराना पति का नाम: साकिर मकान संख्या : 77 फोटो उपलब्ध है आयु : 35 लिंग : महिला,0.0232
162,मौहम्मद नासिर,father,जफरूददीन,77,34,Male,ZSY0976597,,,N,N,main,,2026-EROLLGEN-S24-86-SIR-FinalRoll-Revision1-HIN-17-WI.pdf,8,12,0.952,N,,नाम : मौहम्मद नासिर पिता का नाम: जफरूददीन मकान संख्या : 77 फोटो उपलब्ध है आयु : 34 लिंग : पुरुष,0.0223
163,शबाना,husband,जाकिर,77,3४,Female,ZSY2612745,,,N,N,main,,2026-EROLLGEN-S24-86-SIR-FinalRoll-Revision1-HIN-17-WI.pdf,8,13,0.95,N,,नाम : शबाना पति का नाम: जाकिर मकान संख्या : 77 फोटो उपलब्ध है आयु: 3४ लिंग : महिला,0.0166
164,तय्यब करेशी,father,साविर,77,29,Male,ZSY0976670,,,N,N,main,,2026-EROLLGEN-S24-86-SIR-FinalRoll-Revision1-HIN-17-WI.pdf,8,14,0.965,N,,नाम : तय्यब करेशी पिता का नाम: साविर मकान संख्या : 77 फोटो उपलब्ध है आयु : 29 लिंग : पुरुष,0.0213
165,नेहा बानो,husband,जाविद,77,27,Female,ZSY3735511,,,N,N,main,,2026-EROLLGEN-S24-86-SIR-FinalRoll-Revision1-HIN-17-WI.pdf,8,15,0.953,N,,नाम : नेहा बानो पति का नाम: जाविद मकान संख्या : 77 फोटो उपलब्ध है आयु : 27 लिंग : महिला,0.0172
166,साहिल,father,जफरू,77,22,Male,ZSY3749942,,,N,N,main,,2026-EROLLGEN-S24-86-SIR-FinalRoll-Revision1-HIN-17-WI.pdf,8,16,0.969,N,,नाम : साहिल पिता का नाम: जफरू मकान संख्या : 77 फोटो उपलब्ध है आयु : 22 लिंग : पुरुष,0.0228
167,हुस्न बानो,husband,शरीफ,७८,70,Female,ZSY1945534,,,N,N,main,,2026-EROLLGEN-S24-86-SIR-FinalRoll-Revision1-HIN-17-WI.pdf,8,17,0.966,N,,नाम : हुस्न बानो पति का नाम: शरीफ मकान संख्या : ७८ फोटो उपलब्ध है आयु : 70 लिंग : महिला,0.0273
168,शरीफ कुरैशी,father,नसीर कुरेशी,७८,61,Male,ZSY2393742,,,N,N,main,,2026-EROLLGEN-S24-86-SIR-FinalRoll-Revision1-HIN-17-WI.pdf,8,18,0.945,N,,नाम : शरीफ कुरैशी पिता का नाम: नसीर कुरेशी मकान संख्या : ७८ फोटो उपलब्ध है आयु : 61 लिं : पुरुष,0.0253
169,नसीम,husband,शरीफ,७८,56,Female,ZSY1947266,,,N,N,main,,2026-EROLLGEN-S24-86-SIR-FinalRoll-Revision1-HIN-17-WI.pdf,8,19,0.973,N,,नाम : नसीम पति का नाम: शरीफ फोटो उपलब्ध है मकान संख्या : ७८ आयु : 56 लिंग : महिला,0.0204
170,नकीम,father,शरीफ,78,36,Male,ZSY0237222,,,N,N,main,,2026-EROLLGEN-S24-86-SIR-FinalRoll-Revision1-HIN-17-WI.pdf,8,20,0.976,N,,नाम : नकीम पिता का नाम: शरीफ फोटो उपलब्ध है मकान संख्या : 78 आयु : 36 लिंग : पुरुष,0.025
171,वसीम,father,शरीफ,78,34,Male,ZSY1264258,,,N,N,main,,2026-EROLLGEN-S24-86-SIR-FinalRoll-Revision1-HIN-17-WI.pdf,8,21,0.966,N,,नाम : वसीम पिता का नाम: शरीफ फोटो उपलब्ध है मकान संख्या : 78 आयु : 34 लिंग : पुरुष,0.0208
172,गुलिस्ता,father,शरीफ,७८,32,Female,ZSY1945559,,,N,N,main,,2026-EROLLGEN-S24-86-SIR-FinalRoll-Revision1-HIN-17-WI.pdf,8,22,0.974,N,,नाम : गुलिस्ता पिता का नाम: शरीफ मकान संख्या : ७८ फोटो उपलब्ध है आयु : 32 लिंग : महिला,0.0232
173,शाहिद,father,भज्जो,80,80,Male,CTV1607670,,,N,N,main,,2026-EROLLGEN-S24-86-SIR-FinalRoll-Revision1-HIN-17-WI.pdf,8,23,0.976,N,,नाम : शाहिद पिता का नाम: भज्जो मकान संख्या : 80 फोटो उपलब्ध है आयु : 80 लिंग : पुरुष,0.0254
174,जमील,husband,इदरीश,80,72,Female,CTV3166162,,,N,N,main,,2026-EROLLGEN-S24-86-SIR-FinalRoll-Revision1-HIN-17-WI.pdf,8,24,0.962,N,,नाम : जमील पति का नाम: इदरीश मकान संख्या : 80 फोटो उपलब्थ है[ आयु : 72 लिंग : महिला,0.0221
175,रवीया,husband,जहीर,80,67,Female,CTV1607639,,,N,N,main,,2026-EROLLGEN-S24-86-SIR-FinalRoll-Revision1-HIN-17-WI.pdf,8,25,0.977,N,,नाम : रवीया पति का नाम: जहीर मकान संख्या : 80 फोटो उपलब्ध है आयु : 67 लिंग : महिला,0.0232
176,जरीना बेगम,husband,कदीर,८०,६5,Female,ZSY1944727,,,N,N,main,,2026-EROLLGEN-S24-86-SIR-FinalRoll-Revision1-HIN-17-WI.pdf,8,26,0.972,N,,नाम : जरीना बेगम पति का नाम: कदीर मकान संख्या : ८० फोटो उपलब्ध है[ आयु : ६5 लिंग : महिला,0.0275
177,रूफीदा,husband,इब्बू,00,61,Female,ZSY1568278,,,N,N,main,,2026-EROLLGEN-S24-86-SIR-FinalRoll-Revision1-HIN-17-WI.pdf,8,27,0.964,N,,नाम : रूफीदा पति का नाम: इब्बू मकान संख्या : 00 फोटो उपलब्ध है आयु : 61 लिंग : महिला,0.0229
178,साबिर,father,मज्जो,80,59,Male,UP/70/355/0030018,,,N,N,main,,2026-EROLLGEN-S24-86-SIR-FinalRoll-Revision1-HIN-17-WI.pdf,8,28,0.944,N,,नाम : साबिर पिता का नाम: मज्जो मकान संख्या : 80 फोटो उपलब्ध है आयु : 59 लिंग : पुरुष,0.0186
179,कादीर,father,इबूलू,80,57,Male,UP/70/355/0030013,,,N,N,main,,2026-EROLLGEN-S24-86-SIR-FinalRoll-Revision1-HIN-17-WI.pdf,8,29,0.98,N,,नाम : कादीर पिता का नाम: इबूलू मकान संख्या : 80 फोटो उपलब्थ है आयु : 57 लिंग : पुरुष,0.023
180,जाहिद,father,असगर,80,57,Male,UP/70/355/0030016,,,N,N,main,,2026-EROLLGEN-S24-86-SIR-FinalRoll-Revision1-HIN-17-WI.pdf,8,30,0.965,N,,नाम : जाहिद पिता का नाम: असगर मकान संख्या : 80 फोटो उपलब्थ है आयु : 57 लिंग : पुरुष,0.0194
181,समीना,husband,साबिर,80,57,Female,CTV3165842,,,N,N,main,,2026-EROLLGEN-S24-86-SIR-FinalRoll-Revision1-HIN-17-WI.pdf,9,1,0.979,N,,नाम : समीना पति का नाम: साबिर मकान संख्या : 80 फोटो उपलब्थ है आयु: 57 लिंग : महिला,0.022
182,मुवीन अन्य: जहीर,,,80,55,Male,CTV1607753,,,N,N,main,,2026-EROLLGEN-S24-86-SIR-FinalRoll-Revision1-HIN-17-WI.pdf,9,2,0.968,Y,missing_fields,नाम : मुवीन अन्य: जहीर मकान संख्या : 80 फोटो उपलब्थ है आयु : 55 लिंग : पुरुष,0.0247
183,बबलू,father,असगर,80,54,Male,CTV3165966,,,N,N,main,,2026-EROLLGEN-S24-86-SIR-FinalRoll-Revision1-HIN-17-WI.pdf,9,3,0.968,N,,नाम : बबलू पिता का नाम: असगर मकान संख्या : 80 फोटो उपलब्थ है[ आयु : 54 लिंग : पुरुष,0.0209
184,सादिक कुरेशी,father,साविर,80,४5,Male,ZSY0006650,,,N,N,main,,2026-EROLLGEN-S24-86-SIR-FinalRoll-Revision1-HIN-17-WI.pdf,9,4,0.968,N,,नाम : सादिक कुरेशी पिता का नाम: साविर मकान संख्या : 80 फोटो उपलब्ध है आयु : ४5 लिंग : पुरुष,0.0236
185,नईम,father,फहीम,80,४४,Male,ZSY3104668,,,N,N,main,,2026-EROLLGEN-S24-86-SIR-FinalRoll-Revision1-HIN-17-WI.pdf,9,5,0.968,N,,नाम : नईम पिता का नाम: फहीम मकान संख्या : 80 फोटो उपलब्ध है आयु : ४४ लिंग : पुरुष,0.0252
186,शबाना,husband,सईम,८०,39,Female,ZSY1946409,,,N,N,main,,2026-EROLLGEN-S24-86-SIR-FinalRoll-Revision1-HIN-17-WI.pdf,9,6,0.959,N,,नाम : शबाना पति का नाम: सईम मकान संख्या : ८० फोटो उपलब्ध है आयु : 39 लिंग : महिला,0.0211
187,रहीस,father,कदीर,80,38,Male,ZSY0237214,,,N,N,main,,2026-EROLLGEN-S24-86-SIR-FinalRoll-Revision1-HIN-17-WI.pdf,9,7,0.938,N,,नाम : रहीस पिता का नाम: कदीर फोटो उपलब्ध है मकान संख्या : 80 आयु: 38 लिंग : पुरुष,0.0173
188,सईद,father,कदीर,80,37,Male,ZSY0237248,,,N,N,main,,2026-EROLLGEN-S24-86-SIR-FinalRoll-Revision1-HIN-17-WI.pdf,9,8,0.965,N,,नाम : सईद पिता का नाम: कदीर फोटो उपलब्ध है मकान संख्या : 80 आयु : 37 लिंग : पुरुष,0.0214
189,कौसर,husband,रहीस,८०,37,Female,ZSY1946375,,,N,N,main,,2026-EROLLGEN-S24-86-SIR-FinalRoll-Revision1-HIN-17-WI.pdf,9,9,0.967,N,,नाम : कौसर पति का नाम: रहीस फोटो उपलब्थ है मकान संख्या : ८० आयु : 37 लिंग : महिला,0.0164
190,मेहसर,husband,सईद,८०,35,Female,ZSY1946607,,,N,N,main,,2026-EROLLGEN-S24-86-SIR-FinalRoll-Revision1-HIN-17-WI.pdf,9,10,0.978,N,,नाम : मेहसर पति का नाम: सईद मकान संख्या : ८० फोटो उपलब्ध है आयु : 35 लिंग : महिला,0.0204
191,मोहम्मद इमरान,father,शाहिद,00,32,Male,ZSY1567411,,,N,N,main,,2026-EROLLGEN-S24-86-SIR-FinalRoll-Revision1-HIN-17-WI.pdf,9,11,0.962,N,,नाम : मोहम्मद इमरान पिता का नाम: शाहिद मकान संख्या : 00 फोटो उपलब्ध है आयु : 32 लिंग : पुरुष,0.024
192,ताजुट्वीन,father,साबिर,८०,32,Male,ZSY1945054,,,N,N,main,,2026-EROLLGEN-S24-86-SIR-FinalRoll-Revision1-HIN-17-WI.pdf,9,12,0.944,N,,नाम : ताजुट्वीन पिता का नाम: साबिर मकान संख्या : ८० फोटो उपलब्ध है आयु : 32 लिंग : पुरुष,0.0208
193,फुरकान,father,शाहिद,८०,31,Male,ZSY1945070,,,N,N,main,,2026-EROLLGEN-S24-86-SIR-FinalRoll-Revision1-HIN-17-WI.pdf,9,13,0.98,N,,नाम : फुरकान पिता का नाम: शाहिद मकान संख्या : ८० फोटो उपलब्ध है आयु: 31 लिंग : पुरुष,0.0171
194,शेर मुहम्मद,father,जहीर,80,28,Male,ZSY2612802,,,N,N,main,,2026-EROLLGEN-S24-86-SIR-FinalRoll-Revision1-HIN-17-WI.pdf,9,14,0.973,N,,नाम : शेर मुहम्मद पिता का नाम: जहीर मकान संख्या : 80 फोटो उपलब्ध है आयु : 28 लिंग : पुरुष,0.0212
195,साजिद कुरेशी,father,मुवीन कुरैेशी,80,28,Male,ZSY2612810,,,N,N,main,,2026-EROLLGEN-S24-86-SIR-FinalRoll-Revision1-HIN-17-WI.pdf,9,15,0.962,N,,नाम : साजिद कुरेशी पिता का नाम: मुवीन कुरैेशी मकान संख्या : 80 फोटो उपलब्ध है आयु : 28 लिंग : पुरुष,0.0192
196,नुसरा,father,शाहिद,80,28,Female,ZSY3104643,,,N,N,main,,2026-EROLLGEN-S24-86-SIR-FinalRoll-Revision1-HIN-17-WI.pdf,9,16,0.976,N,,नाम : नुसरा पिता का नाम: शाहिद मकान संख्या : 80 फोटो उपलब्ध है आयु : 28 लिंग महिला,0.0236
197,मोहम्मद रिहान,father,मोहम्मद शाहिद,80,27,Male,ZSY3104619,,,N,N,main,,2026-EROLLGEN-S24-86-SIR-FinalRoll-Revision1-HIN-17-WI.pdf,9,17,0.978,N,,नाम : मोहम्मद रिहान पिता का नाम: मोहम्मद शाहिद मकान संख्या : 80 फोटो उपलब्ध है आयु : 27 लिंग : पुरुष,0.0286
198,अल्लामहर,father,कल्लू,81,59,Male,ZSY0497453,,,N,N,main,,2026-EROLLGEN-S24-86-SIR-FinalRoll-Revision1-HIN-17-WI.pdf,9,18,0.974,N,,नाम : अल्लामहर पिता का नाम: कल्लू मकान संख्या : 81 फोटो उपलब्ध है आयु : 59 लिं : पुरुष,0.0227
199,अफरोज,husband,पप्पू कुरेशी,00,४8,Female,ZSY1567452,,,N,N,main,,2026-EROLLGEN-S24-86-SIR-FinalRoll-Revision1-HIN-17-WI.pdf,9,19,0.952,N,,नाम : अफरोज पति का नाम: पप्पू कुरेशी फोटो उपलब्ध है मकान संख्या : 00 आयु : ४8 लिंग : महिला,0.0221
200,बोना,father,कल्लू,82,6४,Male,CTV3318003,,,N,N,main,,2026-EROLLGEN-S24-86-SIR-FinalRoll-Revision1-HIN-17-WI.pdf,9,20,0.976,N,,नाम : बोना पिता का नाम: कल्लू फोटो उपलब्ध है मकान संख्या : 82 आयु : 6४ लिंग : पुरुष,0.0242
201,लाला,father,शौकत,82,59,Male,UP/70/355/0030022,,,N,N,main,,2026-EROLLGEN-S24-86-SIR-FinalRoll-Revision1-HIN-17-WI.pdf,9,21,0.965,N,,नाम : लाला पिता का नाम: शौकत फोटो उपलब्ध है मकान संख्या : 82 आयु : 59 लिंग : पुरुष,0.023
202,हसीना,father,बानो,82,59,Male,CTV3256807,,,N,N,main,,2026-EROLLGEN-S24-86-SIR-FinalRoll-Revision1-HIN-17-WI.pdf,9,22,0.973,N,,नाम : हसीना पिता का नाम: बानो मकान संख्या : 82 फोटो उपलब्ध है आयु : 59 लिंग : पुरुष,0.0226
203,इस्लाम,father,छोटे,८२,58,Male,ZSY1946045,,,N,N,main,,2026-EROLLGEN-S24-86-SIR-FinalRoll-Revision1-HIN-17-WI.pdf,9,23,0.954,N,,नाम : इस्लाम पिता का नाम: छोटे मकान संख्या : ८२ फोटो उपलब्थ है आयु : 58 लिंग : पुरुष,0.0252
204,चमन,husband,लाला,82,57,Female,ZSY0497420,,,N,N,main,,2026-EROLLGEN-S24-86-SIR-FinalRoll-Revision1-HIN-17-WI.pdf,9,24,0.963,N,,नाम : चमन पति का नाम: लाला मकान संख्या : 82 फोटो उपलब्थ है[ आयु : 57 लिंग : महिला,0.0211
205,नम्मो,husband,इस्लाम,82,56,Female,ZSY0497446,,,N,N,main,,2026-EROLLGEN-S24-86-SIR-FinalRoll-Revision1-HIN-17-WI.pdf,9,25,0.964,N,,नाम : नम्मो पति का नाम: इस्लाम मकान संख्या : 82 फोटो उपलब्ध है आयु : 56 लिंग : महिला,0.0236
206,टुण्डा,father,शौकत,82,5४,Male,CTV3319241,,,N,N,main,,2026-EROLLGEN-S24-86-SIR-FinalRoll-Revision1-HIN-17-WI.pdf,9,26,0.975,N,,नाम : टुण्डा पिता का नाम: शौकत मकान संख्या : 82 फोटो उपलब्ध है आयु : 5४ लिंग : पुरुष,0.0261
207,मीना,husband,चंदा,82,5४,Female,ZSY1264316,,,N,N,main,,2026-EROLLGEN-S24-86-SIR-FinalRoll-Revision1-HIN-17-WI.pdf,9,27,0.968,N,,नाम : मीना पति का नाम: चंदा मकान संख्या : 82 फोटो उपलब्ध है आयु : 5४ लिंग : महिला,0.0225
208,चन्दा,father,शोकत,82,51,Male,ZSY0245993,,,N,N,main,,2026-EROLLGEN-S24-86-SIR-FinalRoll-Revision1-HIN-17-WI.pdf,9,28,0.962,N,,नाम : चन्दा पिता का नाम: शोकत मकान संख्या : 82 फोटो उपलब्ध है आयु: 51 लिंग : पुरुष,0.017
209,अफरोज,father,वकील कुरेशी,82,45,Male,ZSY2612851,,,N,N,main,,2026-EROLLGEN-S24-86-SIR-FinalRoll-Revision1-HIN-17-WI.pdf,9,29,0.981,N,,नाम : अफरोज पिता का नाम: वकील कुरेशी मकान संख्या : 82 फोटो उपलब्थ है आयु : 45 लिंग : पुरुष,0.0227
210,चाँद,father,लाला,८२,41,Male,ZSY1947936,,,N,N,main,,2026-EROLLGEN-S24-86-SIR-FinalRoll-Revision1-HIN-17-WI.pdf,9,30,0.961,N,,नाम : चाँद पिता का नाम: लाला मकान संख्या : ८२ फोटो उपलब्थ है आयु : 41 लिंग : पुरुष,0.0159
211,आसीम कुरैशी,father,बोना कुरेशी,८२,39,Male,ZSY1945468,,,N,N,main,,2026-EROLLGEN-S24-86-SIR-FinalRoll-Revision1-HIN-17-WI.pdf,10,1,0.967,N,,नाम : आसीम कुरैशी पिता का नाम: बोना कुरेशी मकान संख्या : ८२ फोटो उपलब्थ है आयु : 39 लिंग : पुरुष,0.0248
212,सद्धाम कुरैशी,father,बोनी कुरेशी,८२,35,Male,ZSY1945443,,,N,N,main,,2026-EROLLGEN-S24-86-SIR-FinalRoll-Revision1-HIN-17-WI.pdf,10,2,0.933,Y,serial_corrected,नाम : सद्धाम कुरैशी पिता का नाम: बोनी कुरेशी मकान संख्या : ८२ फोटो उपलब्थ है आयु : 35 लिंग : पुरुष,0.0274
213,तौफ़रीक,father,नत्थी,८२,35,Male,ZSY1947860,,,N,N,main,,2026-EROLLGEN-S24-86-SIR-FinalRoll-Revision1-HIN-17-WI.pdf,10,3,0.946,N,,नाम : तौफ़रीक पिता का नाम: नत्थी मकान संख्या : ८२ फोटो उपलब्थ है[ आयु : 35 लिं : पुरुष,0.021
214,सोनम,father,इस्लाम,८२,32,Female,ZSY1945120,,,N,N,main,,2026-EROLLGEN-S24-86-SIR-FinalRoll-Revision1-HIN-17-WI.pdf,10,4,0.96,Y,serial_corrected,नाम : सोनम पिता का नाम: इस्लाम मकान संख्या : ८२ फोटो उपलब्ध है आयु : 32 लिंग : महिला,0.0224
215,सायना,husband,आमीन कुरेशी,82,32,Female,ZSY2612869,,,N,N,main,,2026-EROLLGEN-S24-86-SIR-FinalRoll-Revision1-HIN-17-WI.pdf,10,5,0.941,Y,serial_corrected,नाम : सायना पति का नाम: आमीन कुरेशी मकान संख्या : 82 फोटो उपलब्ध है[ आयु : 32 लिंग : महिला,0.0273
216,तबस्सुम,father,इस्लाम,८२,31,Male,ZSY1945104,,,N,N,main,,2026-EROLLGEN-S24-86-SIR-FinalRoll-Revision1-HIN-17-WI.pdf,10,6,0.961,N,,नाम : तबस्सुम पिता का नाम: इस्लाम मकान संख्या : ८२ फोटो उपलब्ध है आयु : 31 लिंग : पुरुष,0.0217
217,शाहीन,father,इस्लाम,८२,3०,Female,ZSY1945088,,,N,N,main,,2026-EROLLGEN-S24-86-SIR-FinalRoll-Revision1-HIN-17-WI.pdf,10,7,0.959,N,,नाम : शाहीन पिता का नाम: इस्लाम फोटो उपलब्ध है मकान संख्या : ८२ आयु : 3० लिंग : महिला,0.0171
218,रीना,father,वकील कुरेशी,82,२8,Female,ZSY2612844,,,N,N,main,,2026-EROLLGEN-S24-86-SIR-FinalRoll-Revision1-HIN-17-WI.pdf,10,8,0.952,N,,नाम : रीना पिता का नाम: वकील कुरेशी फोटो उपलब्ध है मकान संख्या : 82 आयु : २8 लिंग : महिला,0.0231
219,रजिया,father,इदरिश,82,27,Female,ZSY3637386,,,N,N,main,,2026-EROLLGEN-S24-86-SIR-FinalRoll-Revision1-HIN-17-WI.pdf,10,9,0.963,N,,नाम : रजिया पिता का नाम: इदरिश फोटो उपलब्थ है मकान संख्या : 82 आयु : 27 लिंग : महिला,0.0178
220,अहमद अरमान रजा,father,इदरीश,82,26,Male,ZSY3638327,,,N,N,main,,2026-EROLLGEN-S24-86-SIR-FinalRoll-Revision1-HIN-17-WI.pdf,10,10,0.972,N,,नाम : अहमद अरमान रजा पिता का नाम: इदरीश मकान संख्या : 82 फोटो उपलब्ध है आयु : 26 लिंग : पुरुष,0.0232
221,मोइन खान,father,इस्माइल,82,26,Male,ZSY3639457,,,N,N,main,,2026-EROLLGEN-S24-86-SIR-FinalRoll-Revision1-HIN-17-WI.pdf,10,11,0.981,N,,नाम : मोइन खान पिता का नाम: इस्माइल मकान संख्या : 82 फोटो उपलब्ध है आयु : 26 लिंग : पुरुष,0.0251
222,रीना,father,बोना,82,२3,Female,ZSY3376217,,,N,N,main,,2026-EROLLGEN-S24-86-SIR-FinalRoll-Revision1-HIN-17-WI.pdf,10,12,0.957,N,,नाम : रीना पिता का नाम: बोना मकान संख्या : 82 फोटो उपलब्ध है आयु : २3 लिंग : महिला,0.0194
223,सोहिल,father,बोना,82,23,Male,ZSY3427739,,,N,N,main,,2026-EROLLGEN-S24-86-SIR-FinalRoll-Revision1-HIN-17-WI.pdf,10,13,0.968,N,,नाम : सोहिल पिता का नाम: बोना मकान संख्या : 82 फोटो उपलब्ध है आयु: 23 लिंग : पुरुष,0.0167
224,खुशनुमा,father,इदरीस,82,23,Female,ZSY3844149,,,N,N,main,,2026-EROLLGEN-S24-86-SIR-FinalRoll-Revision1-HIN-17-WI.pdf,10,14,0.967,N,,नाम : खुशनुमा पिता का नाम: इदरीस मकान संख्या : 82 फोटो उपलब्ध है आयु : 23 लिंग : महिला,0.0214
225,नाज़मीन,father,इकबाल,82,21,Female,ZSY3633674,,,N,N,main,,2026-EROLLGEN-S24-86-SIR-FinalRoll-Revision1-HIN-17-WI.pdf,10,15,0.977,N,,नाम : नाज़मीन पिता का नाम: इकबाल मकान संख्या : 82 फोटो उपलब्ध है आयु : 21 लिंग : महिला,0.0173
226,फरजाना,husband,नत्थो,82/35,49,Female,ZSY1264183,,,N,N,main,,2026-EROLLGEN-S24-86-SIR-FinalRoll-Revision1-HIN-17-WI.pdf,10,16,0.97,N,,नाम : फरजाना पति का नाम: नत्थो मकान संख्या : 82/35 फोटो उपलब्ध है आयु : 49 लिंग : महिला,0.0244
227,आसमोहम्मद,father,वासत,00,32,Male,ZSY1566793,,,N,N,main,,2026-EROLLGEN-S24-86-SIR-FinalRoll-Revision1-HIN-17-WI.pdf,10,17,0.966,N,,नाम : आसमोहम्मद पिता का नाम: वासत मकान संख्या : 00 फोटो उपलब्ध है आयु : 32 लिंग : पुरुष,0.0272
228,अल्लादीन,father,साबू,83,8४,Male,ZSY0230532,,,N,N,main,,2026-EROLLGEN-S24-86-SIR-FinalRoll-Revision1-HIN-17-WI.pdf,10,18,0.969,N,,नाम : अल्लादीन पिता का नाम: साबू मकान संख्या : 83 फोटो उपलब्ध है आयु : 8४ लिं : पुरुष,0.0237
229,अख्तर,father,मजरुददीन,83,69,Male,CTV3165891,,,N,N,main,,2026-EROLLGEN-S24-86-SIR-FinalRoll-Revision1-HIN-17-WI.pdf,10,19,0.958,N,,नाम : अख्तर पिता का नाम: मजरुददीन फोटो उपलब्ध है मकान संख्या : 83 आयु : 69 लिंग : पुरुष,0.0213
230,हांसो,father,अल्लादीन,83,51,Male,CTV3319043,,,N,N,main,,2026-EROLLGEN-S24-86-SIR-FinalRoll-Revision1-HIN-17-WI.pdf,10,20,0.984,N,,नाम : हांसो पिता का नाम: अल्लादीन फोटो उपलब्ध है मकान संख्या : 83 आयु : 51 लिंग : पुरुष,0.0252
231,पप्पू,father,निजामुददीन,83,51,Male,CTV3256658,,,N,N,main,,2026-EROLLGEN-S24-86-SIR-FinalRoll-Revision1-HIN-17-WI.pdf,10,21,0.968,N,,नाम : पप्पू पिता का नाम: निजामुददीन फोटो उपलब्ध है मकान संख्या : 83 आयु : 51 लिंग : पुरुष,0.0221
232,मुत्री,husband,हंसो,83,49,Female,CTV3256799,,,N,N,main,,2026-EROLLGEN-S24-86-SIR-FinalRoll-Revision1-HIN-17-WI.pdf,10,22,0.962,N,,नाम: मुत्री पति का नाम: हंसो मकान संख्या : 83 फोटो उपलब्ध है आयु : 49 लिंग : महिला,0.0222
233,शकील,father,नजरूददीन,83,47,Male,ZSY2192748,,,N,N,main,,2026-EROLLGEN-S24-86-SIR-FinalRoll-Revision1-HIN-17-WI.pdf,10,23,0.975,N,,नाम : शकील पिता का नाम: नजरूददीन मकान संख्या : 83 फोटो उपलब्थ है आयु : 47 लिंग : पुरुष,0.0262
234,सहीदा बेगम,husband,शकील,83,४6,Female,ZSY0237230,,,N,N,main,,2026-EROLLGEN-S24-86-SIR-FinalRoll-Revision1-HIN-17-WI.pdf,10,24,0.968,N,,नाम : सहीदा बेगम पति का नाम: शकील मकान संख्या : 83 फोटो उपलब्थ है आयु: ४6 लिंग : महिला,0.0234
235,साबिया,husband,अंसार,83,४०,Female,ZSY2612786,,,N,N,main,,2026-EROLLGEN-S24-86-SIR-FinalRoll-Revision1-HIN-17-WI.pdf,10,25,0.955,N,,नाम : साबिया पति का नाम: अंसार मकान संख्या : 83 फोटो उपलब्ध है आयु : ४० लिंग : महिला,0.0234
236,अरमान,father,प्पू,83,32,Male,ZSY2612885,,,N,N,main,,2026-EROLLGEN-S24-86-SIR-FinalRoll-Revision1-HIN-17-WI.pdf,10,26,0.97,N,,नाम : अरमान पिता का नाम: प्पू मकान संख्या : 83 फोटो उपलब्ध है आयु : 32 लिंग : पुरुष,0.0262
237,समीर,father,हस्सो,83,31,Male,ZSY3092046,,,N,N,main,,2026-EROLLGEN-S24-86-SIR-FinalRoll-Revision1-HIN-17-WI.pdf,10,27,0.964,N,,नाम : समीर पिता का नाम: हस्सो मकान संख्या : 83 फोटो उपलब्ध है आयु : 31 लिंग : पुरुष,0.0231
238,आसमा,father,हस्सो,83,3०,Female,ZSY3092079,,,N,N,main,,2026-EROLLGEN-S24-86-SIR-FinalRoll-Revision1-HIN-17-WI.pdf,10,28,0.975,N,,नाम : आसमा पिता का नाम: हस्सो मकान संख्या : 83 फोटो उपलब्थ है आयु: 3० लिंग : महिला,0.0177
239,असलम,father,हस्सो,83,25,Male,ZSY3092178,,,N,N,main,,2026-EROLLGEN-S24-86-SIR-FinalRoll-Revision1-HIN-17-WI.pdf,10,29,0.96,N,,नाम : असलम पिता का नाम: हस्सो मकान संख्या : 83 फोटो उपलब्थ है आयु : 25 लिंग : पुरुष,0.0211
240,बारिष,father,हस्सों,83,21,Male,ZSY3962818,,,N,N,main,,2026-EROLLGEN-S24-86-SIR-FinalRoll-Revision1-HIN-17-WI.pdf,10,30,0.962,N,,नाम : बारिष पिता का नाम: हस्सों मकान संख्या : 83 फोटो उपलब्थ है आयु : 21 लिंग : पुरुष,0.0177
241,चिस्सो खान,father,अल्लाउद्टीन,84,58,Male,UP/70/355/0030023,,,N,N,main,,2026-EROLLGEN-S24-86-SIR-FinalRoll-Revision1-HIN-17-WI.pdf,11,1,0.96,N,,नाम : चिस्सो खान पिता का नाम: अल्लाउद्टीन मकान संख्या : 84 फोटो उपलब्थ है आयु: 58 लिंग : पुरुष,0.0265
242,रानी,husband,चिस्सो खान,८४,52,Female,ZSY1947258,,,N,N,main,,2026-EROLLGEN-S24-86-SIR-FinalRoll-Revision1-HIN-17-WI.pdf,11,2,0.953,N,,नाम : रानी पति का नाम: चिस्सो खान मकान संख्या : ८४ फोटो उपलब्थ है आयु : 52 लिंग : महिला,0.0265
243,हसीना,husband,प्पू,84,51,Female,CTV3256955,,,N,N,main,,2026-EROLLGEN-S24-86-SIR-FinalRoll-Revision1-HIN-17-WI.pdf,11,3,0.968,N,,नाम : हसीना पति का नाम: प्पू मकान संख्या : 84 फोटो उपलब्थ है आयु : 51 लिंग : महिला,0.0219
244,इमरान चीस्सो कुरेशी,father,चीस्सो करेशी,८४,31,Male,ZSY1947233,,,N,N,main,,2026-EROLLGEN-S24-86-SIR-FinalRoll-Revision1-HIN-17-WI.pdf,11,4,0.929,N,,नाम : इमरान चीस्सो कुरेशी पिता का नाम: चीस्सो करेशी मकान संख्या : ८४ फोटो उपलब्ध है[ आयु : 31 लिंग : पुरुष,0.0259
245,शाहरूख खान,father,चिस्सो खान,८४,30,Male,ZSY1947225,,,N,N,main,,2026-EROLLGEN-S24-86-SIR-FinalRoll-Revision1-HIN-17-WI.pdf,11,5,0.956,N,,नाम : शाहरूख खान पिता का नाम: चिस्सो खान मकान संख्या : ८४ फोटो उपलब्ध है आयु : 30 लिंग : पुरुष,0.0282
246,जलालुददीन,father,निजामुददीन,00,49,Male,ZSY1566983,,,N,N,main,,2026-EROLLGEN-S24-86-SIR-FinalRoll-Revision1-HIN-17-WI.pdf,11,6,0.945,N,,नाम : जलालुददीन पिता का नाम: निजामुददीन मकान संख्या : 00 फोटो उपलब्ध है आयु : 49 लिंग : पुरुष,0.024
247,शहजाद,father,शहीद,85,४0,Male,ZSY0742601,,,N,N,main,,2026-EROLLGEN-S24-86-SIR-FinalRoll-Revision1-HIN-17-WI.pdf,11,7,0.971,N,,नाम : शहजाद पिता का नाम: शहीद फोटो उपलब्ध है मकान संख्या : 85 आयु: ४0 लिंग : पुरुष,0.0176
248,दीन मोहम्मद,father,इकराम कुरेशी,संख्या :,35,Male,ZSY1947191,,,N,N,main,,2026-EROLLGEN-S24-86-SIR-FinalRoll-Revision1-HIN-17-WI.pdf,11,8,0.96,N,,नाम : दीन मोहम्मद पिता का नाम: इकराम कुरेशी फोटो उपलब्ध है मकान संख्या :  आयु : 35 लिंग : पुरुष,0.0224
249,बानो,husband,मुन्ना,88,८2,Female,CTV2885333,,,N,N,main,,2026-EROLLGEN-S24-86-SIR-FinalRoll-Revision1-HIN-17-WI.pdf,11,9,0.958,N,,नाम : बानो पति का नाम: मुन्ना फोटो उपलब्थ है मकान संख्या : 88 आयु : ८2 लिंग : महिला,0.0172
250,साईन,husband,नईम,88,४3,Female,ZSY3104684,,,N,N,main,,2026-EROLLGEN-S24-86-SIR-FinalRoll-Revision1-HIN-17-WI.pdf,11,10,0.964,N,,नाम : साईन पति का नाम: नईम मकान संख्या : 88 फोटो उपलब्ध है आयु : ४3 लिंग : महिला,0.0207
251,मिसिया,husband,पप्पू,89,४8,Female,ZSY0742684,,,N,N,main,,2026-EROLLGEN-S24-86-SIR-FinalRoll-Revision1-HIN-17-WI.pdf,11,11,0.966,N,,नाम : मिसिया पति का नाम: पप्पू मकान संख्या : 89 फोटो उपलब्ध है आयु : ४8 लिंग : महिला,0.0244
252,राशिद,father,राशिद,८९,38,Male,ZSY1945260,,,N,N,main,,2026-EROLLGEN-S24-86-SIR-FinalRoll-Revision1-HIN-17-WI.pdf,11,12,0.961,N,,नाम : राशिद पिता का नाम: राशिद मकान संख्या : ८९ फोटो उपलब्ध है आयु : 38 लिंग : पुरुष,0.021
253,बारिश,father,मुत्रा,८९,35,Male,ZSY1945278,,,N,N,main,,2026-EROLLGEN-S24-86-SIR-FinalRoll-Revision1-HIN-17-WI.pdf,11,13,0.971,N,,नाम : बारिश पिता का नाम: मुत्रा मकान संख्या : ८९ फोटो उपलब्ध है आयु: 35 लिंग : पुरुष,0.017
254,सफीना,husband,शहजाद,90,67,Female,UP/70/355/0030026,,,N,N,main,,2026-EROLLGEN-S24-86-SIR-FinalRoll-Revision1-HIN-17-WI.pdf,11,14,0.952,N,,नाम : सफीना पति का नाम: शहजाद मकान संख्या : 90 फोटो उपलब्ध है आयु : 67 लिंग : महिला,0.0226
255,अमरूद्टीन,father,नसरूद्वीन,९०,६6,Male,ZSY1945617,,,N,N,main,,2026-EROLLGEN-S24-86-SIR-FinalRoll-Revision1-HIN-17-WI.pdf,11,15,0.947,N,,नाम : अमरूद्टीन पिता का नाम: नसरूद्वीन मकान संख्या : ९० फोटो उपलब्ध है आयु : ६6 लिंग : पुरुष,0.0167
256,यासमीन,husband,अमरूद्ीन,९०,58,Female,ZSY1945633,,,N,N,main,,2026-EROLLGEN-S24-86-SIR-FinalRoll-Revision1-HIN-17-WI.pdf,11,16,0.965,N,,नाम : यासमीन पति का नाम: अमरूद्ीन मकान संख्या : ९० फोटो उपलब्ध है आयु : 58 लिंग : महिला,0.0238
257,अलीमुद्वीन,father,नसरूद्टीन,९०,55,Male,ZSY1945781,,,N,N,main,,2026-EROLLGEN-S24-86-SIR-FinalRoll-Revision1-HIN-17-WI.pdf,11,17,0.959,N,,नाम : अलीमुद्वीन पिता का नाम: नसरूद्टीन मकान संख्या : ९० फोटो उपलब्ध है आयु : 55 लिंग : पुरुष,0.0277
258,नजमुद्वीन,father,नसरूद्ीन,९०,52,Male,ZSY1945757,,,N,N,main,,2026-EROLLGEN-S24-86-SIR-FinalRoll-Revision1-HIN-17-WI.pdf,11,18,0.928,N,,नाम : नजमुद्वीन पिता का नाम: नसरूद्ीन मकान संख्या : ९० फोटो उपलब्ध है आयु : 52 लिं : पुरुष,0.0241
259,अफसाना,husband,अलीमुद्ीन,९०,52,Female,ZSY1945807,,,N,N,main,,2026-EROLLGEN-S24-86-SIR-FinalRoll-Revision1-HIN-17-WI.pdf,11,19,0.974,N,,नाम : अफसाना पति का नाम: अलीमुद्ीन फोटो उपलब्ध है मकान संख्या : ९० आयु : 52 लिंग : महिला,0.0217
260,तबस्सुम,husband,नजमुद्वीन,९०,४९,Female,ZSY1945732,,,N,N,main,,2026-EROLLGEN-S24-86-SIR-FinalRoll-Revision1-HIN-17-WI.pdf,11,20,0.97,N,,नाम : तबस्सुम पति का नाम: नजमुद्वीन फोटो उपलब्ध है मकान संख्या : ९० आयु : ४९ लिंग : महिला,0.0264
261,हसमुदह्ीन,father,सफीना,९०,39,Male,ZSY1947563,,,N,N,main,,2026-EROLLGEN-S24-86-SIR-FinalRoll-Revision1-HIN-17-WI.pdf,11,21,0.958,N,,नाम : हसमुदह्ीन पिता का नाम: सफीना फोटो उपलब्ध है मकान संख्या : ९० आयु : 39 लिंग : पुरुष,0.021
262,शबाना,husband,हसमुद्वीन,९०,38,Female,ZSY1947589,,,N,N,main,,2026-EROLLGEN-S24-86-SIR-FinalRoll-Revision1-HIN-17-WI.pdf,11,22,0.972,N,,नाम : शबाना पति का नाम: हसमुद्वीन मकान संख्या : ९० फोटो उपलब्ध है आयु : 38 लिंग : महिला,0.0233
263,मुबीन,father,अमरूद्वीन,९०,37,Male,ZSY1945641,,,N,N,main,,2026-EROLLGEN-S24-86-SIR-FinalRoll-Revision1-HIN-17-WI.pdf,11,23,0.968,N,,नाम : मुबीन पिता का नाम: अमरूद्वीन मकान संख्या : ९० फोटो उपलब्थ है आयु : 37 लिंग : पुरुष,0.025
264,नईम,father,अमरूटद्वीन,९०,34,Male,ZSY1945666,,,N,N,main,,2026-EROLLGEN-S24-86-SIR-FinalRoll-Revision1-HIN-17-WI.pdf,11,24,0.966,N,,नाम : नईम पिता का नाम: अमरूटद्वीन मकान संख्या : ९० फोटो उपलब्थ है[ आयु : 34 लिं : पुरुष,0.0215
265,शाहरूख,father,अलीमुद्वीन,९०,32,Male,ZSY1945765,,,N,N,main,,2026-EROLLGEN-S24-86-SIR-FinalRoll-Revision1-HIN-17-WI.pdf,11,25,0.961,N,,नाम : शाहरूख पिता का नाम: अलीमुद्वीन मकान संख्या : ९० फोटो उपलब्ध है आयु : 32 लिंग : पुरुष,0.0241
266,कामिल,father,अमरूट्टीन,९०,31,Male,ZSY1945682,,,N,N,main,,2026-EROLLGEN-S24-86-SIR-FinalRoll-Revision1-HIN-17-WI.pdf,11,26,0.974,N,,नाम : कामिल पिता का नाम: अमरूट्टीन मकान संख्या : ९० फोटो उपलब्ध है[ आयु : 31 लिंग : पुरुष,0.0281
267,कैफी,father,अमरूददीन,90,२८,Female,ZSY2614741,,,N,N,main,,2026-EROLLGEN-S24-86-SIR-FinalRoll-Revision1-HIN-17-WI.pdf,11,27,0.963,N,,नाम : कैफी पिता का नाम: अमरूददीन मकान संख्या : 90 फोटो उपलब्ध है आयु : २८ लिंग : महिला,0.0247
268,गुलफशा,husband,मुवीन,90,28,Female,ZSY2853430,,,N,N,main,,2026-EROLLGEN-S24-86-SIR-FinalRoll-Revision1-HIN-17-WI.pdf,11,28,0.965,N,,नाम: गुलफशा पति का नाम: मुवीन मकान संख्या : 90 फोटो उपलब्ध है आयु: 28 लिंग : महिला,0.0185
269,जुनैद,father,नजरूद्टीन,90,२8,Male,ZSY2865681,,,N,N,main,,2026-EROLLGEN-S24-86-SIR-FinalRoll-Revision1-HIN-17-WI.pdf,11,29,0.968,N,,नाम : जुनैद पिता का नाम: नजरूद्टीन मकान संख्या : 90 फोटो उपलब्थ है आयु : २8 लिंग : पुरुष,0.0215
270,चाँदनी,father,हसमुद्वीन,90,27,Female,ZSY2865707,,,N,N,main,,2026-EROLLGEN-S24-86-SIR-FinalRoll-Revision1-HIN-17-WI.pdf,11,30,0.966,N,,नाम : चाँदनी पिता का नाम: हसमुद्वीन मकान संख्या : 90 फोटो उपलब्ध है आयु : 27 लिंग : महिला,0.0181
271,जाविद राईन,father,ईशाक,90/279,54,Male,ZSY1600188,,,N,N,main,,2026-EROLLGEN-S24-86-SIR-FinalRoll-Revision1-HIN-17-WI.pdf,12,1,0.962,N,,नाम : जाविद राईन पिता का नाम: ईशाक मकान संख्या : 90/279 फोटो उपलब्थ है आयु: 54 लिंग : पुरुष,0.0247
272,अफसाना,husband,पप्पन,90/279,50,Female,ZSY1264290,,,N,N,main,,2026-EROLLGEN-S24-86-SIR-FinalRoll-Revision1-HIN-17-WI.pdf,12,2,0.953,N,,नाम : अफसाना पति का नाम: पप्पन मकान संख्या : 90/279 फोटो उपलब्थ है आयु : 50 लिंग : महिला,0.0278
273,सहनाज बानो,husband,मुन्ना,90/279,49,Female,ZSY1264274,,,N,N,main,,2026-EROLLGEN-S24-86-SIR-FinalRoll-Revision1-HIN-17-WI.pdf,12,3,0.967,N,,नाम : सहनाज बानो पति का नाम: मुन्ना मकान संख्या : 90/279 फोटो उपलब्थ है आयु : 49 लिंग महिला,0.0237
274,सकील भाई,father,सलीम,90/279,४४,Male,ZSY1600303,,,N,N,main,,2026-EROLLGEN-S24-86-SIR-FinalRoll-Revision1-HIN-17-WI.pdf,12,4,0.966,N,,नाम : सकील भाई पिता का नाम: सलीम मकान संख्या : 90/279 फोटो उपलब्ध है[ आयु : ४४ लिंग : पुरुष,0.0235
275,ग्यासुददीन,father,सलीम,90/279,४०,Male,ZSY1600295,,,N,N,main,,2026-EROLLGEN-S24-86-SIR-FinalRoll-Revision1-HIN-17-WI.pdf,12,5,0.97,N,,नाम : ग्यासुददीन पिता का नाम: सलीम मकान संख्या : 90/279 फोटो उपलब्ध है आयु : ४० लिंग : पुरुष,0.0267
276,न्याजुददीन,father,सलीम,90/279,38,Male,ZSY1600311,,,N,N,main,,2026-EROLLGEN-S24-86-SIR-FinalRoll-Revision1-HIN-17-WI.pdf,12,6,0.969,N,,नाम : न्याजुददीन पिता का नाम: सलीम मकान संख्या : 90/279 फोटो उपलब्ध है[ आयु : 38 लिंग : पुरुष,0.0239
277,नसीम,husband,सकील भाई,90/279,36,Female,ZSY3759495,,,N,N,main,,2026-EROLLGEN-S24-86-SIR-FinalRoll-Revision1-HIN-17-WI.pdf,12,7,0.977,N,,नाम : नसीम पति का नाम: सकील भाई फोटो उपलब्ध है मकान संख्या : 90/279 आयु: 36 लिंग : महिला,0.0191
278,रूखसाना,husband,ग्यासउददीन,९०/२७९,35,Female,ZSY2512200,,,N,N,main,,2026-EROLLGEN-S24-86-SIR-FinalRoll-Revision1-HIN-17-WI.pdf,12,8,0.958,N,,नाम : रूखसाना पति का नाम: ग्यासउददीन फोटो उपलब्ध है मकान संख्या : ९०/२७९ आयु : 35 लिंग : महिला,0.0233
279,अबिद,father,पप्पन,90/279,26,Female,ZSY3092228,,,N,N,main,,2026-EROLLGEN-S24-86-SIR-FinalRoll-Revision1-HIN-17-WI.pdf,12,9,0.972,N,,नाम : अबिद पिता का नाम: पप्पन फोटो उपलब्थ है मकान संख्या : 90/279 आयु : 26 लिंग : महिला,0.0182
280,वानो,husband,निसार,91,7४,Female,CTV1607829,,,N,N,main,,2026-EROLLGEN-S24-86-SIR-FinalRoll-Revision1-HIN-17-WI.pdf,12,10,0.969,N,,नाम : वानो पति का नाम: निसार मकान संख्या : 91 फोटो उपलब्ध है आयु : 7४ लिंग : महिला,0.0205
281,युनिस राईन,father,निसार,91,49,Male,ZSY4352977,,,N,N,main,,2026-EROLLGEN-S24-86-SIR-FinalRoll-Revision1-HIN-17-WI.pdf,12,11,0.971,N,,नाम : युनिस राईन पिता का नाम: निसार मकान संख्या : 91 फोटो उपलब्ध है आयु : 49 लिंग : पुरुष,0.0251
282,अयुबा,father,निसार,91,४९,Male,CTV2687069,,,N,N,main,,2026-EROLLGEN-S24-86-SIR-FinalRoll-Revision1-HIN-17-WI.pdf,12,12,0.955,N,,नाम : अयुबा पिता का नाम: निसार मकान संख्या : 91 फोटो उपलब्ध है आयु : ४९ लिंग : पुरुष,0.0202
283,अंसार,father,निसार,91,45,Male,CTV3302080,,,N,N,main,,2026-EROLLGEN-S24-86-SIR-FinalRoll-Revision1-HIN-17-WI.pdf,12,13,0.961,N,,नाम : अंसार पिता का नाम: निसार मकान संख्या : 91 फोटो उपलब्ध है आयु : 45 लिंग : पुरुष,0.0172
284,अब्बल,father,निसार,91,४3,Male,CTV2658904,,,N,N,main,,2026-EROLLGEN-S24-86-SIR-FinalRoll-Revision1-HIN-17-WI.pdf,12,14,0.955,N,,नाम : अब्बल पिता का नाम: निसार मकान संख्या : 91 फोटो उपलब्ध है आयु : ४3 लिंग : पुरुष,0.021
285,बेबी,husband,यूनिस,91,४3,Female,CTV3256708,,,N,N,main,,2026-EROLLGEN-S24-86-SIR-FinalRoll-Revision1-HIN-17-WI.pdf,12,15,0.969,N,,नाम : बेबी पति का नाम: यूनिस मकान संख्या : 91 फोटो उपलब्ध है आयु : ४3 लिंग : महिला,0.0162
286,कल्लो,husband,अययूब,91,39,Female,ZSY2612729,,,N,N,main,,2026-EROLLGEN-S24-86-SIR-FinalRoll-Revision1-HIN-17-WI.pdf,12,16,0.966,N,,नाम : कल्लो पति का नाम: अययूब मकान संख्या : 91 फोटो उपलब्ध है आयु : 39 लिंग : महिला,0.023
287,इमरान,father,निसार,91,37,Male,CTV2687051,,,N,N,main,,2026-EROLLGEN-S24-86-SIR-FinalRoll-Revision1-HIN-17-WI.pdf,12,17,0.984,N,,नाम : इमरान पिता का नाम: निसार मकान संख्या : 91 फोटो उपलब्ध है आयु : 37 लिंग : पुरुष,0.026
288,फरमान,father,निसार,९१,32,Male,ZSY1945286,,,N,N,main,,2026-EROLLGEN-S24-86-SIR-FinalRoll-Revision1-HIN-17-WI.pdf,12,18,0.971,N,,नाम : फरमान पिता का नाम: निसार मकान संख्या : ९१ फोटो उपलब्ध है आयु : 32 लिं : पुरुष,0.0225
289,राजा बाबू,father,मल्को,९१,30,Male,ZSY2335685,,,N,N,main,,2026-EROLLGEN-S24-86-SIR-FinalRoll-Revision1-HIN-17-WI.pdf,12,19,0.968,N,,नाम : राजा बाबू पिता का नाम: मल्को फोटो उपलब्ध है मकान संख्या : ९१ आयु : 30 लिंग : पुरुष,0.0216
290,फैजान,father,यूनिष,91,29,Male,ZSY2865665,,,N,N,main,,2026-EROLLGEN-S24-86-SIR-FinalRoll-Revision1-HIN-17-WI.pdf,12,20,0.97,N,,नाम : फैजान पिता का नाम: यूनिष फोटो उपलब्ध है मकान संख्या : 91 आयु : 29 लिंग : पुरुष,0.0249
291,रूबीना,father,सलीम,91,२८,Female,ZSY2865657,,,N,N,main,,2026-EROLLGEN-S24-86-SIR-FinalRoll-Revision1-HIN-17-WI.pdf,12,21,0.956,N,,नाम : रूबीना पिता का नाम: सलीम फोटो उपलब्ध है मकान संख्या : 91 आयु : २८ लिंग : महिला,0.0209
292,नाहिद,father,अययूब,91,27,Female,ZSY2865640,,,N,N,main,,2026-EROLLGEN-S24-86-SIR-FinalRoll-Revision1-HIN-17-WI.pdf,12,22,0.97,N,,नाम : नाहिद पिता का नाम: अययूब मकान संख्या : 91 फोटो उपलब्ध है आयु : 27 लिंग : महिला,0.0235
293,सेजन,father,यूनिस,91,27,Female,ZSY2865715,,,N,N,main,,2026-EROLLGEN-S24-86-SIR-FinalRoll-Revision1-HIN-17-WI.pdf,12,23,0.967,N,,नाम : सेजन पिता का नाम: यूनिस मकान संख्या : 91 फोटो उपलब्थ है आयु : 27 लिंग : महिला,0.0258
294,अंजुम,father,अग्यूब,91,२४,Female,ZSY3711975,,,N,N,main,,2026-EROLLGEN-S24-86-SIR-FinalRoll-Revision1-HIN-17-WI.pdf,12,24,0.968,N,,नाम : अंजुम पिता का नाम: अग्यूब मकान संख्या : 91 फोटो उपलब्थ है[ आयु : २४ लिंग : महिला,0.0215
295,फैसल,father,अ्यूब,91,२3,Male,ZSY3704657,,,N,N,main,,2026-EROLLGEN-S24-86-SIR-FinalRoll-Revision1-HIN-17-WI.pdf,12,25,0.957,N,,नाम : फैसल पिता का नाम: अ्यूब मकान संख्या : 91 फोटो उपलब्ध है आयु : २3 लिंग : पुरुष,0.0233
296,अफसर,father,अजमेरी,95,59,Male,UP/70/355/0030033,,,N,N,main,,2026-EROLLGEN-S24-86-SIR-FinalRoll-Revision1-HIN-17-WI.pdf,12,26,0.967,N,,नाम : अफसर पिता का नाम: अजमेरी मकान संख्या : 95 फोटो उपलब्ध है आयु : 59 लिंग : पुरुष,0.0295
297,अबरार,father,याकूब,00,59,Male,ZSY1567593,,,N,N,main,,2026-EROLLGEN-S24-86-SIR-FinalRoll-Revision1-HIN-17-WI.pdf,12,27,0.966,N,,नाम : अबरार पिता का नाम: याकूब मकान संख्या : 00 फोटो उपलब्ध है आयु : 59 लिंग : पुरुष,0.0232
298,रफत,father,अजमेरी,95,58,Male,UP/70/355/0030036,,,N,N,main,,2026-EROLLGEN-S24-86-SIR-FinalRoll-Revision1-HIN-17-WI.pdf,12,28,0.966,N,,नाम : रफत पिता का नाम: अजमेरी मकान संख्या : 95 फोटो उपलब्ध है आयु: 58 लिंग : पुरुष,0.0193
299,समीना,father,अजमेरी,95,57,Male,ZSY0723171,,,N,N,main,,2026-EROLLGEN-S24-86-SIR-FinalRoll-Revision1-HIN-17-WI.pdf,12,29,0.962,N,,नाम : समीना पिता का नाम: अजमेरी मकान संख्या : 95 फोटो उपलब्ध है आयु : 57 लिंग : पुरुष,0.021
300,अकीलो,father,टुण्डा,००,४4,Male,ZSY1567742,,,N,N,main,,2026-EROLLGEN-S24-86-SIR-FinalRoll-Revision1-HIN-17-WI.pdf,12,30,0.967,N,,नाम : अकीलो पिता का नाम: टुण्डा मकान संख्या : ०० फोटो उपलब्थ है आयु : ४4 लिंग : पुरुष,0.0163
301,वल्लू,father,अफसर,95,35,Male,ZSY1756550,,,N,N,main,,2026-EROLLGEN-S24-86-SIR-FinalRoll-Revision1-HIN-17-WI.pdf,13,1,0.971,N,,नाम : वल्लू पिता का नाम: अफसर मकान संख्या : 95 फोटो उपलब्थ है आयु : 35 लिंग : पुरुष,0.0222
302,बसीरन,husband,हब्बो,96,7४,Female,ZSY0723189,,,N,N,main,,2026-EROLLGEN-S24-86-SIR-FinalRoll-Revision1-HIN-17-WI.pdf,13,2,0.965,N,,नाम : बसीरन पति का नाम: हब्बो मकान संख्या : 96 फोटो उपलब्थ है आयु : 7४ लिंग : महिला,0.026
303,तसलीम,father,हफीज,96,73,Male,CTV2890119,,,N,N,main,,2026-EROLLGEN-S24-86-SIR-FinalRoll-Revision1-HIN-17-WI.pdf,13,3,0.963,N,,नाम : तसलीम पिता का नाम: हफीज मकान संख्या : 96 फोटो उपलब्थ है[ आयु : 73 लिंग : पुरुष,0.0214
304,शहजहां,husband,सईद,96,73,Female,ZSY1264159,,,N,N,main,,2026-EROLLGEN-S24-86-SIR-FinalRoll-Revision1-HIN-17-WI.pdf,13,4,0.978,N,,नाम: शहजहां पति का नाम: सईद मकान संख्या : 96 फोटो उपलब्ध है आयु : 73 लिंग : महिला,0.0223
305,हनीफ,father,हफीज खा,९६,33,Male,ZSY1945153,,,N,N,main,,2026-EROLLGEN-S24-86-SIR-FinalRoll-Revision1-HIN-17-WI.pdf,13,5,0.97,N,,नाम : हनीफ पिता का नाम: हफीज खा मकान संख्या : ९६ फोटो उपलब्ध है आयु : 33 लिंग : पुरुष,0.0268
306,अरसी,father,हफीज खां,९६,31,Female,ZSY1946086,,,N,N,main,,2026-EROLLGEN-S24-86-SIR-FinalRoll-Revision1-HIN-17-WI.pdf,13,6,0.96,N,,नाम : अरसी पिता का नाम: हफीज खां मकान संख्या : ९६ फोटो उपलब्ध है आयु : 31 लिंग : महिला,0.0235
307,कमरजरा,husband,याकूब,97,79,Female,CTV2653442,,,N,N,main,,2026-EROLLGEN-S24-86-SIR-FinalRoll-Revision1-HIN-17-WI.pdf,13,7,0.97,N,,नाम : कमरजरा पति का नाम: याकूब फोटो उपलब्ध है मकान संख्या : 97 आयु: 79 लिंग : महिला,0.0169
308,विलकिस,husband,मज्जो,97,६9,Female,CTV1607720,,,N,N,main,,2026-EROLLGEN-S24-86-SIR-FinalRoll-Revision1-HIN-17-WI.pdf,13,8,0.969,N,,नाम : विलकिस पति का नाम: मज्जो फोटो उपलब्ध है मकान संख्या : 97 आयु : ६9 लिंग : महिला,0.0232
309,साबरा,husband,शरीफ,97,६3,Female,CTV3203452,,,N,N,main,,2026-EROLLGEN-S24-86-SIR-FinalRoll-Revision1-HIN-17-WI.pdf,13,9,0.954,N,,नाम : साबरा पति का नाम: शरीफ फोटो उपलब्थ है मकान संख्या : 97 आयु : ६3 लिंग : महिला,0.0174
310,शेर अली,father,मज्जो,97,48,Male,CTV2884575,,,N,N,main,,2026-EROLLGEN-S24-86-SIR-FinalRoll-Revision1-HIN-17-WI.pdf,13,10,0.975,N,,नाम : शेर अली पिता का नाम: मज्जो मकान संख्या : 97 फोटो उपलब्ध है आयु : 48 लिंग : पुरुष,0.0213
311,समाना,father,शेर अली,97,45,Male,CTV2886174,,,N,N,main,,2026-EROLLGEN-S24-86-SIR-FinalRoll-Revision1-HIN-17-WI.pdf,13,11,0.974,N,,नाम : समाना पिता का नाम: शेर अली मकान संख्या : 97 फोटो उपलब्ध है आयु : 45 लिंग : पुरुष,0.0231
312,मुहम्मद अली,father,मज्जी,97,४३3,Male,ZSY0976399,,,N,N,main,,2026-EROLLGEN-S24-86-SIR-FinalRoll-Revision1-HIN-17-WI.pdf,13,12,0.957,N,,नाम : मुहम्मद अली पिता का नाम: मज्जी मकान संख्या : 97 फोटो उपलब्ध है आयु : ४३3 लिंग : पुरुष,0.0211
313,शकील,father,शरीफ,९७,31,Male,ZSY2335750,,,N,N,main,,2026-EROLLGEN-S24-86-SIR-FinalRoll-Revision1-HIN-17-WI.pdf,13,13,0.969,N,,नाम : शकील पिता का नाम: शरीफ मकान संख्या : ९७ फोटो उपलब्ध है आयु : 31 लिंग : पुरुष,0.0174
314,रफीदा,husband,अज्जो,98,६8,Female,CTV3256690,,,N,N,main,,2026-EROLLGEN-S24-86-SIR-FinalRoll-Revision1-HIN-17-WI.pdf,13,14,0.971,N,,नाम : रफीदा पति का नाम: अज्जो मकान संख्या : 98 फोटो उपलब्ध है आयु : ६8 लिंग : महिला,0.021
315,रहाना,father,बबुआ,98,61,Male,CTV3203346,,,N,N,main,,2026-EROLLGEN-S24-86-SIR-FinalRoll-Revision1-HIN-17-WI.pdf,13,15,0.98,N,,नाम : रहाना पिता का नाम: बबुआ मकान संख्या : 98 फोटो उपलब्ध है आयु : 61 लिंग : पुरुष,0.0163
316,मुस्तफा,father,आलेनवी,98,56,Male,UP/70/355/0030039,,,N,N,main,,2026-EROLLGEN-S24-86-SIR-FinalRoll-Revision1-HIN-17-WI.pdf,13,16,0.962,N,,नाम: मुस्तफा पिता का नाम: आलेनवी मकान संख्या : 98 फोटो उपलब्ध है आयु : 56 लिंग : पुरुष,0.0255
317,शकील अन्य: आलेनवी,,,98,56,Male,CTV1607787,,,N,N,main,,2026-EROLLGEN-S24-86-SIR-FinalRoll-Revision1-HIN-17-WI.pdf,13,17,0.976,Y,missing_fields,नाम : शकील अन्य: आलेनवी मकान संख्या : 98 फोटो उपलब्ध है आयु : 56 लिंग : पुरुष,0.0259
318,बबुआ,father,आलेनवी,98,55,Male,CTV3203320,,,N,N,main,,2026-EROLLGEN-S24-86-SIR-FinalRoll-Revision1-HIN-17-WI.pdf,13,18,0.98,N,,नाम : बबुआ पिता का नाम: आलेनवी मकान संख्या : 98 फोटो उपलब्ध है आयु : 55 लिं : पुरुष,0.0233
319,सलीम,father,अब्दुल गनी,98,48,Male,ZSY0230540,,,N,N,main,,2026-EROLLGEN-S24-86-SIR-FinalRoll-Revision1-HIN-17-WI.pdf,13,19,0.969,N,,नाम : सलीम पिता का नाम: अब्दुल गनी फोटो उपलब्ध है मकान संख्या : 98 आयु : 48 लिंग : पुरुष,0.0225
320,युनूस,father,अज्जो,98,45,Male,CTV2886737,,,N,N,main,,2026-EROLLGEN-S24-86-SIR-FinalRoll-Revision1-HIN-17-WI.pdf,13,20,0.962,N,,नाम : युनूस पिता का नाम: अज्जो फोटो उपलब्ध है मकान संख्या : 98 आयु : 45 लिंग : पुरुष,0.0246
321,शकील,father,अब्दुल गनी,98,४4,Male,ZSY0230557,,,N,N,main,,2026-EROLLGEN-S24-86-SIR-FinalRoll-Revision1-HIN-17-WI.pdf,13,21,0.969,N,,नाम : शकील पिता का नाम: अब्दुल गनी फोटो उपलब्ध है मकान संख्या : 98 आयु : ४4 लिंग : पुरुष,0.0221
322,नाजमीन,husband,सलीम,९८,४४,Female,ZSY1945518,,,N,N,main,,2026-EROLLGEN-S24-86-SIR-FinalRoll-Revision1-HIN-17-WI.pdf,13,22,0.967,N,,नाम : नाजमीन पति का नाम: सलीम मकान संख्या : ९८ फोटो उपलब्ध है आयु: ४४ लिंग : महिला,0.0231
323,ईशुव,father,अज्जो,98,43,Male,CTV2884773,,,N,N,main,,2026-EROLLGEN-S24-86-SIR-FinalRoll-Revision1-HIN-17-WI.pdf,13,23,0.97,N,,नाम : ईशुव पिता का नाम: अज्जो मकान संख्या : 98 फोटो उपलब्ध है आयु : 43 लिंग : पुरुष,0.0255
324,परवेज,father,मुस्तफा,98,37,Male,ZSY2192631,,,N,N,main,,2026-EROLLGEN-S24-86-SIR-FinalRoll-Revision1-HIN-17-WI.pdf,13,24,0.977,N,,नाम : परवेज पिता का नाम: मुस्तफा मकान संख्या : 98 फोटो उपलब्थ है[ आयु : 37 लिंग : पुरुष,0.0222
325,अकील,father,अब्दुल गनी,98,36,Male,ZSY0230565,,,N,N,main,,2026-EROLLGEN-S24-86-SIR-FinalRoll-Revision1-HIN-17-WI.pdf,13,25,0.969,N,,नाम : अकील पिता का नाम: अब्दुल गनी मकान संख्या : 98 फोटो उपलब्ध है[ आयु : 36 लिंग : पुरुष,0.0248
326,फरीदा बेगम,husband,परवेज,९८,32,Female,ZSY2335503,,,N,N,main,,2026-EROLLGEN-S24-86-SIR-FinalRoll-Revision1-HIN-17-WI.pdf,13,26,0.976,N,,नाम : फरीदा बेगम पति का नाम: परवेज मकान संख्या : ९८ फोटो उपलब्ध है[ आयु : 32 लिंग : महिला,0.028
327,किस्वर,father,अब्दुल गनी,९८,31,Female,ZSY2393700,,,N,N,main,,2026-EROLLGEN-S24-86-SIR-FinalRoll-Revision1-HIN-17-WI.pdf,13,27,0.972,N,,नाम : किस्वर पिता का नाम: अब्दुल गनी मकान संख्या : ९८ फोटो उपलब्ध है आयु : 31 लिंग : महिला,0.0252
328,काजल,husband,टनटन,98,28,Female,ZSY2612893,,,N,N,main,,2026-EROLLGEN-S24-86-SIR-FinalRoll-Revision1-HIN-17-WI.pdf,13,28,0.979,N,,नाम : काजल पति का नाम: टनटन मकान संख्या : 98 फोटो उपलब्थ है आयु: 28 लिंग : महिला,0.017
329,फरमान,father,बबुआ,98,२8,Male,ZSY3091675,,,N,N,main,,2026-EROLLGEN-S24-86-SIR-FinalRoll-Revision1-HIN-17-WI.pdf,13,29,0.97,N,,नाम : फरमान पिता का नाम: बबुआ मकान संख्या : 98 फोटो उपलब्थ है आयु : २8 लिंग : पुरुष,0.0219
330,इरफ़ान,father,बबुआ,98,27,Male,ZSY3091659,,,N,N,main,,2026-EROLLGEN-S24-86-SIR-FinalRoll-Revision1-HIN-17-WI.pdf,13,30,0.971,N,,नाम : इरफ़ान पिता का नाम: बबुआ मकान संख्या : 98 फोटो उपलब्थ है आयु : 27 लिंग : पुरुष,0.0174
331,अहमद रजा,father,वकील कुरेशी,98,26,Male,ZSY3427770,,,N,N,main,,2026-EROLLGEN-S24-86-SIR-FinalRoll-Revision1-HIN-17-WI.pdf,14,1,0.981,N,,नाम : अहमद रजा पिता का नाम: वकील कुरेशी मकान संख्या : 98 फोटो उपलब्थ है आयु : 26 लिंग : पुरुष,0.0243
332,बन्टू,father,इलियास,00,34,Male,ZSY1567098,,,N,N,main,,2026-EROLLGEN-S24-86-SIR-FinalRoll-Revision1-HIN-17-WI.pdf,14,2,0.949,N,,नाम : बन्टू पिता का नाम: इलियास मकान संख्या : 00 फोटो उपलब्थ है आयु : 34 लिंग : पुरुष,0.0247
333,आरिफ,father,इलियास,00,32,Male,ZSY1566926,,,N,N,main,,2026-EROLLGEN-S24-86-SIR-FinalRoll-Revision1-HIN-17-WI.pdf,14,3,0.949,N,,नाम : आरिफ पिता का नाम: इलियास मकान संख्या : 00 फोटो उपलब्थ है[ आयु : 32 लिंग : पुरुष,0.0213
334,नहींम,husband,युनीर,99,58,Female,CTV3203296,,,N,N,main,,2026-EROLLGEN-S24-86-SIR-FinalRoll-Revision1-HIN-17-WI.pdf,14,4,0.954,N,,नाम : नहींम पति का नाम: युनीर मकान संख्या : 99 फोटो उपलब्ध है[ आयु : 58 लिंग : महिला,0.0224
335,मुत्ञा ETED,father,नूरवक्,संख्या : फोटो उपलब्ध है,,,CTV3203262,E,dead (मृतक),Y,Y,main,,2026-EROLLGEN-S24-86-SIR-FinalRoll-Revision1-HIN-17-WI.pdf,14,5,0.967,Y,missing_fields,नाम : मुत्ञा ETED पिता का नाम: नूरवक् मकान संख्या : फोटो उपलब्ध है[,0.0377
336,जरीना,husband,मुत्रा,100,69,Female,CTV3203270,,,N,N,main,,2026-EROLLGEN-S24-86-SIR-FinalRoll-Revision1-HIN-17-WI.pdf,14,6,0.965,N,,नाम : जरीना पति का नाम: मुत्रा मकान संख्या : 100 फोटो उपलब्ध है[ आयु : 69 लिंग : महिला,0.022
337,अज्जो,father,लतीफ,100,34,Male,ZSY1944875,,,N,N,main,,2026-EROLLGEN-S24-86-SIR-FinalRoll-Revision1-HIN-17-WI.pdf,14,7,0.971,N,,नाम : अज्जो पिता का नाम: लतीफ फोटो उपलब्ध है मकान संख्या : 100 आयु : 34 लिंग : पुरुष,0.0178
338,सलमान,father,अलीमुह्वीन,100,25,Male,ZSY3087863,,,N,N,main,,2026-EROLLGEN-S24-86-SIR-FinalRoll-Revision1-HIN-17-WI.pdf,14,8,0.958,N,,नाम : सलमान पिता का नाम: अलीमुह्वीन फोटो उपलब्ध है मकान संख्या : 100 आयु : 25 लिंग : पुरुष,0.0228
339,वकील खां,father,मुन्ना खां,100/331,41,Male,ZSY1599877,,,N,N,main,,2026-EROLLGEN-S24-86-SIR-FinalRoll-Revision1-HIN-17-WI.pdf,14,9,0.959,N,,नाम : वकील खां पिता का नाम: मुन्ना खां फोटो उपलब्थ है मकान संख्या : 100/331 आयु : 41 लिंग : पुरुष,0.0192
340,जरों बेगम,husband,वकील खां,100/331,४०,Female,ZSY1599851,,,N,N,main,,2026-EROLLGEN-S24-86-SIR-FinalRoll-Revision1-HIN-17-WI.pdf,14,10,0.968,N,,नाम : जरों बेगम पति का नाम: वकील खां मकान संख्या : 100/331 फोटो उपलब्ध है आयु : ४० लिंग : महिला,0.0239
341,हुसेन खां,father,मुन्ना खां,100/331,34,Male,ZSY1599869,,,N,N,main,,2026-EROLLGEN-S24-86-SIR-FinalRoll-Revision1-HIN-17-WI.pdf,14,11,0.961,N,,नाम : हुसेन खां पिता का नाम: मुन्ना खां मकान संख्या : 100/331 फोटो उपलब्ध है आयु : 34 लिंग : पुरुष,0.0263
342,आफरीन,father,मुज्रा,,,,ZSY3844784,S,shifted (स्थानांतरित),Y,Y,main,,2026-EROLLGEN-S24-86-SIR-FinalRoll-Revision1-HIN-17-WI.pdf,14,12,0.963,Y,missing_fields,नाम : आफरीन पिता का नाम: मुज्रा फोटो उपलब्ध है[,0.0329
343,आसीन,father,सिराजू,101,70,Male,ZSY0934836,,,N,N,main,,2026-EROLLGEN-S24-86-SIR-FinalRoll-Revision1-HIN-17-WI.pdf,14,13,0.981,N,,नाम : आसीन पिता का नाम: सिराजू मकान संख्या : 101 फोटो उपलब्ध है आयु: 70 लिंग : पुरुष,0.0171
344,भूरी,husband,अमीन,101,57,Female,CTV2658755,,,N,N,main,,2026-EROLLGEN-S24-86-SIR-FinalRoll-Revision1-HIN-17-WI.pdf,14,14,0.967,N,,नाम : भूरी पति का नाम: अमीन मकान संख्या : 101 फोटो उपलब्ध है आयु : 57 लिंग : महिला,0.0201
345,साईना,husband,भूरा,००,36,Female,ZSY1568211,,,N,N,main,,2026-EROLLGEN-S24-86-SIR-FinalRoll-Revision1-HIN-17-WI.pdf,14,15,0.953,N,,नाम : साईना पति का नाम: भूरा मकान संख्या : ०० फोटो उपलब्ध है आयु : 36 लिंग : महिला,0.0164
346,आस मोहम्मद,father,आशीन,101,35,Male,ZSY1687649,,,N,N,main,,2026-EROLLGEN-S24-86-SIR-FinalRoll-Revision1-HIN-17-WI.pdf,14,16,0.974,N,,नाम : आस मोहम्मद पिता का नाम: आशीन मकान संख्या : 101 फोटो उपलब्ध है आयु : 35 लिंग : पुरुष,0.0239
347,खलील,father,आसीन,00,34,Male,ZSY1567197,,,N,N,main,,2026-EROLLGEN-S24-86-SIR-FinalRoll-Revision1-HIN-17-WI.pdf,14,17,0.98,N,,नाम : खलील पिता का नाम: आसीन मकान संख्या : 00 फोटो उपलब्ध है आयु : 34 लिंग : पुरुष,0.0255
348,सबाना,father,आस मोहम्मद,101,3४4,Female,ZSY1687623,,,N,N,main,,2026-EROLLGEN-S24-86-SIR-FinalRoll-Revision1-HIN-17-WI.pdf,14,18,0.96,N,,नाम : सबाना पिता का नाम: आस मोहम्मद मकान संख्या : 101 फोटो उपलब्ध है आयु : 3४4 लिंग : महिला,0.0232
349,राहुल,father,आसीन,00,33,Male,ZSY1567304,,,N,N,main,,2026-EROLLGEN-S24-86-SIR-FinalRoll-Revision1-HIN-17-WI.pdf,14,19,0.98,N,,नाम : राहुल पिता का नाम: आसीन फोटो उपलब्ध है मकान संख्या : 00 आयु : 33 लिंग : पुरुष,0.0213
350,बाईल,father,आसीन,101,29,Male,ZSY2612901,,,N,N,main,,2026-EROLLGEN-S24-86-SIR-FinalRoll-Revision1-HIN-17-WI.pdf,14,20,0.974,N,,नाम : बाईल पिता का नाम: आसीन फोटो उपलब्ध है मकान संख्या : 101 आयु : 29 लिंग : पुरुष,0.025
351,भूरा कुरेशी,father,आसीन कुरेशी,101/456,39,Male,ZSY0976720,,,N,N,main,,2026-EROLLGEN-S24-86-SIR-FinalRoll-Revision1-HIN-17-WI.pdf,14,21,0.958,N,,नाम : भूरा कुरेशी पिता का नाम: आसीन कुरेशी फोटो उपलब्ध है मकान संख्या : 101/456 आयु : 39 लिंग : पुरुष,0.0244
352,अबरार,father,वली मुहम्मद,१०२,35,Male,ZSY2335602,,,N,N,main,,2026-EROLLGEN-S24-86-SIR-FinalRoll-Revision1-HIN-17-WI.pdf,14,22,0.967,N,,नाम : अबरार पिता का नाम: वली मुहम्मद मकान संख्या : १०२ फोटो उपलब्ध है आयु : 35 लिंग : पुरुष,0.0235
353,इशरत,husband,अबरार,१०२,3४,Female,ZSY2335594,,,N,N,main,,2026-EROLLGEN-S24-86-SIR-FinalRoll-Revision1-HIN-17-WI.pdf,14,23,0.971,N,,नाम : इशरत पति का नाम: अबरार मकान संख्या : १०२ फोटो उपलब्थ है आयु : 3४ लिंग : महिला,0.0257
354,फारुक,father,मलुआ,104,61,Male,UP/70/355/0030043,,,N,N,main,,2026-EROLLGEN-S24-86-SIR-FinalRoll-Revision1-HIN-17-WI.pdf,14,24,0.955,N,,नाम : फारुक पिता का नाम: मलुआ मकान संख्या : 104 फोटो उपलब्थ है आयु : 61 लिंग : पुरुष,0.0235
355,आजाद,father,फारूक,104,35,Male,ZSY1600139,,,N,N,main,,2026-EROLLGEN-S24-86-SIR-FinalRoll-Revision1-HIN-17-WI.pdf,14,25,0.967,N,,नाम : आजाद पिता का नाम: फारूक मकान संख्या : 104 फोटो उपलब्ध है आयु : 35 लिंग : पुरुष,0.0239
356,अखतरी,husband,सिरानो,107,६४,Female,ZSY1128420,,,N,N,main,,2026-EROLLGEN-S24-86-SIR-FinalRoll-Revision1-HIN-17-WI.pdf,14,26,0.973,N,,नाम : अखतरी पति का नाम: सिरानो मकान संख्या : 107 फोटो उपलब्ध है[ आयु : ६४ लिंग : महिला,0.0284
357,नजर हुसेन,father,अली हुसैन,109,74,Male,UP/70/355/0030047,,,N,N,main,,2026-EROLLGEN-S24-86-SIR-FinalRoll-Revision1-HIN-17-WI.pdf,14,27,0.959,N,,नाम : नजर हुसेन पिता का नाम: अली हुसैन मकान संख्या : 109 फोटो उपलब्ध है आयु : 74 लिंग : पुरुष,0.0267
358,आयशा,father,नजर हुसेन,109,67,Male,CTV2658466,,,N,N,main,,2026-EROLLGEN-S24-86-SIR-FinalRoll-Revision1-HIN-17-WI.pdf,14,28,0.957,N,,नाम : आयशा पिता का नाम: नजर हुसेन मकान संख्या : 109 फोटो उपलब्थ है आयु : 67 लिंग : पुरुष,0.0181
359,समीना,husband,स्लाम,109,59,Female,CTV3319035,,,N,N,main,,2026-EROLLGEN-S24-86-SIR-FinalRoll-Revision1-HIN-17-WI.pdf,14,29,0.976,N,,नाम : समीना पति का नाम: स्लाम मकान संख्या : 109 फोटो उपलब्ध है आयु : 59 लिंग : महिला,0.021
360,मुन्री,husband,बबुआ,109,53,Female,CTV2658516,,,N,N,main,,2026-EROLLGEN-S24-86-SIR-FinalRoll-Revision1-HIN-17-WI.pdf,14,30,0.965,N,,नाम : मुन्री पति का नाम: बबुआ मकान संख्या : 109 फोटो उपलब्थ है आयु : 53 लिंग : महिला,0.0173
361,मुत्रा,father,अली हुसेन,109,53,Male,CTV2658441,,,N,N,main,,2026-EROLLGEN-S24-86-SIR-FinalRoll-Revision1-HIN-17-WI.pdf,15,1,0.956,N,,नाम : मुत्रा पिता का नाम: अली हुसेन मकान संख्या : 109 फोटो उपलब्थ है आयु: 53 लिंग : पुरुष,0.0222
362,सफीदा,husband,अतर,109,51,Female,CTV2658417,,,N,N,main,,2026-EROLLGEN-S24-86-SIR-FinalRoll-Revision1-HIN-17-WI.pdf,15,2,0.967,N,,नाम : सफीदा पति का नाम: अतर मकान संख्या : 109 फोटो उपलब्थ है आयु : 51 लिं : महिला,0.0258
363,सफीदा,father,मुत्रा,109,51,Male,CTV2658367,,,N,N,main,,2026-EROLLGEN-S24-86-SIR-FinalRoll-Revision1-HIN-17-WI.pdf,15,3,0.963,N,,नाम : सफीदा पिता का नाम: मुत्रा मकान संख्या : 109 फोटो उपलब्थ है आयु : 51 लिंग : पुरुष,0.0215
364,बबुआ,father,मुल्ला,109,४9,Male,ZSY0230433,,,N,N,main,,2026-EROLLGEN-S24-86-SIR-FinalRoll-Revision1-HIN-17-WI.pdf,15,4,0.966,N,,नाम: बबुआ पिता का नाम: मुल्ला मकान संख्या : 109 फोटो उपलब्ध है आयु : ४9 लिंग : पुरुष,0.0224
365,हीरा,husband,बबुआ,109,४8,Female,CTV3319050,,,N,N,main,,2026-EROLLGEN-S24-86-SIR-FinalRoll-Revision1-HIN-17-WI.pdf,15,5,0.973,N,,नाम : हीरा पति का नाम: बबुआ मकान संख्या : 109 फोटो उपलब्ध है आयु : ४8 लिंग : महिला,0.0263
366,पप्पू अली,father,अली हुसैन,109,४8,Male,CTV3319019,,,N,N,main,,2026-EROLLGEN-S24-86-SIR-FinalRoll-Revision1-HIN-17-WI.pdf,15,6,0.955,N,,नाम : पप्पू अली पिता का नाम: अली हुसैन मकान संख्या : 109 फोटो उपलब्ध है[ आयु : ४8 लिंग : पुरुष,0.0234
367,साबिर,father,इस्लाम भोला,१०९,४4,Male,ZSY1945179,,,N,N,main,,2026-EROLLGEN-S24-86-SIR-FinalRoll-Revision1-HIN-17-WI.pdf,15,7,0.953,N,,नाम : साबिर पिता का नाम: इस्लाम भोला फोटो उपलब्ध है मकान संख्या : १०९ आयु : ४4 लिंग : पुरुष,0.0186
368,साहीद,father,मुत्रा,109,४3,Male,CTV3319100,,,N,N,main,,2026-EROLLGEN-S24-86-SIR-FinalRoll-Revision1-HIN-17-WI.pdf,15,8,0.947,N,,नाम : साहीद पिता का नाम: मुत्रा फोटो उपलब्ध है मकान संख्या : 109 आयु : ४3 लिंग : पुरुष,0.0213
369,नगमा,husband,चौँद कुरेशी,१०९,४०,Female,ZSY1946227,,,N,N,main,,2026-EROLLGEN-S24-86-SIR-FinalRoll-Revision1-HIN-17-WI.pdf,15,9,0.963,N,,नाम : नगमा पति का नाम: चौँद कुरेशी फोटो उपलब्थ है मकान संख्या : १०९ आयु : ४० लिंग : महिला,0.0169
370,साहिद,father,इस्लाम,109,४0,Male,CTV3134210,,,N,N,main,,2026-EROLLGEN-S24-86-SIR-FinalRoll-Revision1-HIN-17-WI.pdf,15,10,0.977,N,,नाम : साहिद पिता का नाम: इस्लाम मकान संख्या : 109 फोटो उपलब्ध है आयु : ४0 लिंग : पुरुष,0.0215
371,रहीश,father,नबाब,109,४०,Male,CTV4331030,,,N,N,main,,2026-EROLLGEN-S24-86-SIR-FinalRoll-Revision1-HIN-17-WI.pdf,15,11,0.966,N,,नाम : रहीश पिता का नाम: नबाब मकान संख्या : 109 फोटो उपलब्ध है आयु : ४० लिंग : पुरुष,0.0243
372,लईक कुरेशी,father,नजर हुसैन,१०९,39,Male,ZSY1946284,,,N,N,main,,2026-EROLLGEN-S24-86-SIR-FinalRoll-Revision1-HIN-17-WI.pdf,15,12,0.948,N,,नाम : लईक कुरेशी पिता का नाम: नजर हुसैन मकान संख्या : १०९ फोटो उपलब्ध है आयु : 39 लिंग : पुरुष,0.0228
373,सह्जाद,father,इस्लाम,109,38,Male,CTV3134251,,,N,N,main,,2026-EROLLGEN-S24-86-SIR-FinalRoll-Revision1-HIN-17-WI.pdf,15,13,0.973,N,,नाम : सह्जाद पिता का नाम: इस्लाम मकान संख्या : 109 फोटो उपलब्ध है आयु: 38 लिंग : पुरुष,0.0177
374,अकबर,father,इस्लाम भोला,109,37,Male,ZSY0976506,,,N,N,main,,2026-EROLLGEN-S24-86-SIR-FinalRoll-Revision1-HIN-17-WI.pdf,15,14,0.983,N,,नाम : अकबर पिता का नाम: इस्लाम भोला मकान संख्या : 109 फोटो उपलब्ध है आयु : 37 लिंग : पुरुष,0.0223
375,बन्टू,father,अत्तर,१०९,37,Male,ZSY1946052,,,N,N,main,,2026-EROLLGEN-S24-86-SIR-FinalRoll-Revision1-HIN-17-WI.pdf,15,15,0.959,N,,नाम : बन्टू पिता का नाम: अत्तर मकान संख्या : १०९ फोटो उपलब्ध है आयु : 37 लिंग : पुरुष,0.0162
376,सलमा,husband,लईक कुरेशी,१०९,37,Female,ZSY1946276,,,N,N,main,,2026-EROLLGEN-S24-86-SIR-FinalRoll-Revision1-HIN-17-WI.pdf,15,16,0.976,N,,नाम : सलमा पति का नाम: लईक कुरेशी मकान संख्या : १०९ फोटो उपलब्ध है आयु : 37 लिंग : महिला,0.0236
377,जाहिद,father,बबुआ,109,36,Male,ZSY0976514,,,N,N,main,,2026-EROLLGEN-S24-86-SIR-FinalRoll-Revision1-HIN-17-WI.pdf,15,17,0.969,N,,नाम : जाहिद पिता का नाम: बबुआ मकान संख्या : 109 फोटो उपलब्ध है आयु : 36 लिंग : पुरुष,0.0262
378,फुरकान,father,अत्तर,१०९,36,Male,ZSY1945195,,,N,N,main,,2026-EROLLGEN-S24-86-SIR-FinalRoll-Revision1-HIN-17-WI.pdf,15,18,0.974,N,,नाम : फुरकान पिता का नाम: अत्तर मकान संख्या : १०९ फोटो उपलब्ध है आयु : 36 लिं : पुरुष,0.0228
379,नईम कुरेशी,father,नजर हुसैन,१०९,36,Male,ZSY1946243,,,N,N,main,,2026-EROLLGEN-S24-86-SIR-FinalRoll-Revision1-HIN-17-WI.pdf,15,19,0.962,N,,नाम : नईम कुरेशी पिता का नाम: नजर हुसैन फोटो उपलब्ध है मकान संख्या : १०९ आयु : 36 लिंग : पुरुष,0.0227
380,शकील,father,स्लाम,109,35,Male,ZSY0976589,,,N,N,main,,2026-EROLLGEN-S24-86-SIR-FinalRoll-Revision1-HIN-17-WI.pdf,15,20,0.983,N,,नाम : शकील पिता का नाम: स्लाम फोटो उपलब्ध है मकान संख्या : 109 आयु : 35 लिंग : पुरुष,0.0253
381,सानू,father,मुन्ना,१०९,33,Male,ZSY1945229,,,N,N,main,,2026-EROLLGEN-S24-86-SIR-FinalRoll-Revision1-HIN-17-WI.pdf,15,21,0.973,N,,नाम : सानू पिता का नाम: मुन्ना फोटो उपलब्ध है मकान संख्या : १०९ आयु : 33 लिंग : पुरुष,0.0208
382,आबिद कुरेशी,father,बबुआ,109,30,Male,ZSY3104536,,,N,N,main,,2026-EROLLGEN-S24-86-SIR-FinalRoll-Revision1-HIN-17-WI.pdf,15,22,0.964,N,,नाम : आबिद कुरेशी पिता का नाम: बबुआ मकान संख्या : 109 फोटो उपलब्ध है आयु : 30 लिंग : पुरुष,0.025
383,रीना बानो,father,बबुआ,109,29,Female,ZSY3104551,,,N,N,main,,2026-EROLLGEN-S24-86-SIR-FinalRoll-Revision1-HIN-17-WI.pdf,15,23,0.972,N,,नाम : रीना बानो पिता का नाम: बबुआ मकान संख्या : 109 फोटो उपलब्थ है आयु : 29 लिंग : महिला,0.0277
384,मौसिम कुरेशी,father,पप्पूक्रेशी,109,25,Male,ZSY3427762,,,N,N,main,,2026-EROLLGEN-S24-86-SIR-FinalRoll-Revision1-HIN-17-WI.pdf,15,24,0.961,N,,नाम : मौसिम कुरेशी पिता का नाम: पप्पूक्रेशी मकान संख्या : 109 फोटो उपलब्थ है[ आयु : 25 लिंग : पुरुष,0.0248
385,भूरा,father,इस्लाम,109/487,37,Male,ZSY0976498,,,N,N,main,,2026-EROLLGEN-S24-86-SIR-FinalRoll-Revision1-HIN-17-WI.pdf,15,25,0.96,N,,नाम : भूरा पिता का नाम: इस्लाम मकान संख्या : 109/487 फोटो उपलब्ध है आयु : 37 लिंग : पुरुष,0.0238
386,जाविद,father,बबुआ,109/496,34,Male,ZSY0976522,,,N,N,main,,2026-EROLLGEN-S24-86-SIR-FinalRoll-Revision1-HIN-17-WI.pdf,15,26,0.973,N,,नाम : जाविद पिता का नाम: बबुआ मकान संख्या : 109/496 फोटो उपलब्ध है आयु : 34 लिंग : पुरुष,0.028
387,इशरार,father,इवरार,111,35,Male,ZSY0742577,,,N,N,main,,2026-EROLLGEN-S24-86-SIR-FinalRoll-Revision1-HIN-17-WI.pdf,15,27,0.969,N,,नाम : इशरार पिता का नाम: इवरार मकान संख्या : 111 फोटो उपलब्ध है आयु : 35 लिंग : पुरुष,0.0229
388,गाविन्दी,husband,निरोत्तम सिंह,114,71,Female,CTV2687135,,,N,N,main,,2026-EROLLGEN-S24-86-SIR-FinalRoll-Revision1-HIN-17-WI.pdf,15,28,0.957,N,,नाम : गाविन्दी पति का नाम: निरोत्तम सिंह मकान संख्या : 114 फोटो उपलब्ध है आयु: 71 लिंग : महिला,0.0189
389,कुसमा,husband,नवल सिंह,114,६3,Female,CTV2045227,,,N,N,main,,2026-EROLLGEN-S24-86-SIR-FinalRoll-Revision1-HIN-17-WI.pdf,15,29,0.968,N,,नाम : कुसमा पति का नाम: नवल सिंह मकान संख्या : 114 फोटो उपलब्थ है आयु : ६3 लिंग : महिला,0.0224
390,अंसो,husband,राजेन्द्र सिंह,114,58,Female,CTV2045235,,,N,N,main,,2026-EROLLGEN-S24-86-SIR-FinalRoll-Revision1-HIN-17-WI.pdf,15,30,0.973,N,,नाम : अंसो पति का नाम: राजेन्द्र सिंह मकान संख्या : 114 फोटो उपलब्थ है आयु : 58 लिंग : महिला,0.0179
391,लाखन सिंह,father,निरोतम,114,50,Male,CTV3134442,,,N,N,main,,2026-EROLLGEN-S24-86-SIR-FinalRoll-Revision1-HIN-17-WI.pdf,16,1,0.97,N,,नाम : लाखन सिंह पिता का नाम: निरोतम मकान संख्या : 114 फोटो उपलब्थ है आयु : 50 लिंग : पुरुष,0.0235
392,आशा देवी,husband,लाखन सिंह,114,४६,Female,CTV3134160,,,N,N,main,,2026-EROLLGEN-S24-86-SIR-FinalRoll-Revision1-HIN-17-WI.pdf,16,2,0.974,N,,नाम : आशा देवी पति का नाम: लाखन सिंह मकान संख्या : 114 फोटो उपलब्थ है आयु : ४६ लिंग : महिला,0.0276
393,बाबी सिंह,father,निरोक्तम सिंह,114,४२,Male,CTV4608444,,,N,N,main,,2026-EROLLGEN-S24-86-SIR-FinalRoll-Revision1-HIN-17-WI.pdf,16,3,0.963,N,,नाम : बाबी सिंह पिता का नाम: निरोक्तम सिंह मकान संख्या : 114 फोटो उपलब्थ है[ आयु : ४२ लिंग : पुरुष,0.0234
394,सुनील जरेल,father,दयाराम,114,36,Male,ZSY0245886,,,N,N,main,,2026-EROLLGEN-S24-86-SIR-FinalRoll-Revision1-HIN-17-WI.pdf,16,4,0.959,N,,नाम : सुनील जरेल पिता का नाम: दयाराम मकान संख्या : 114 फोटो उपलब्ध है आयु : 36 लिंग : पुरुष,0.0236
395,आरती देवी,husband,सुनील जूरैल,११४,33,Female,ZSY2335578,,,N,N,main,,2026-EROLLGEN-S24-86-SIR-FinalRoll-Revision1-HIN-17-WI.pdf,16,5,0.979,N,,नाम : आरती देवी पति का नाम: सुनील जूरैल मकान संख्या : ११४ फोटो उपलब्ध है आयु : 33 लिंग : महिला,0.0286
396,सतीश,father,नवल सिंह,११४,32,Male,ZSY1944651,,,N,N,main,,2026-EROLLGEN-S24-86-SIR-FinalRoll-Revision1-HIN-17-WI.pdf,16,6,0.958,N,,नाम : सतीश पिता का नाम: नवल सिंह मकान संख्या : ११४ फोटो उपलब्ध है[ आयु : 32 लिंग : पुरुष,0.023
397,पूजा देवी,husband,प्रशान्त जूरेल,११४,31,Female,ZSY2335560,,,N,N,main,,2026-EROLLGEN-S24-86-SIR-FinalRoll-Revision1-HIN-17-WI.pdf,16,7,0.961,N,,नाम : पूजा देवी पति का नाम: प्रशान्त जूरेल फोटो उपलब्ध है मकान संख्या : ११४ आयु: 31 लिंग : महिला,0.0189
398,प्रशान्त जूरेल,father,दयाराम सिंह जूरेल,११४,31,Male,ZSY2393775,,,N,N,main,,2026-EROLLGEN-S24-86-SIR-FinalRoll-Revision1-HIN-17-WI.pdf,16,8,0.932,N,,नाम : प्रशान्त जूरेल पिता का नाम: दयाराम सिंह जूरेल फोटो उपलब्ध है मकान संख्या : ११४ आयु : 31 लिंग : पुरुष,0.0246
399,सुरज सिकरवार,father,रा्ेंद्र सिकरवार,114,26,Male,ZSY3087855,,,N,N,main,,2026-EROLLGEN-S24-86-SIR-FinalRoll-Revision1-HIN-17-WI.pdf,16,9,0.955,N,,नाम : सुरज सिकरवार पिता का नाम: रा्ेंद्र सिकरवार फोटो उपलब्थ है मकान संख्या : 114 आयु : 26 लिंग : पुरुष,0.0199
400,अंशुल,father,नवल सिंह,11४,26,Male,ZSY3087848,,,N,N,main,,2026-EROLLGEN-S24-86-SIR-FinalRoll-Revision1-HIN-17-WI.pdf,16,10,0.978,N,,नाम : अंशुल पिता का नाम: नवल सिंह मकान संख्या : 11४ फोटो उपलब्ध है आयु : 26 लिंग : पुरुष,0.0223
401,अंकित जरैल,father,दयाराम जूरेल,114,२6,Male,ZSY3104841,,,N,N,main,,2026-EROLLGEN-S24-86-SIR-FinalRoll-Revision1-HIN-17-WI.pdf,16,11,0.956,N,,नाम : अंकित जरैल पिता का नाम: दयाराम जूरेल मकान संख्या : 114 फोटो उपलब्ध है आयु : २6 लिंग : पुरुष,0.0265
402,अनिल,father,लाल सिंह,116,38,Male,CTV4330758,,,N,N,main,,2026-EROLLGEN-S24-86-SIR-FinalRoll-Revision1-HIN-17-WI.pdf,16,12,0.963,N,,नाम : अनिल पिता का नाम: लाल सिंह मकान संख्या : 116 फोटो उपलब्ध है आयु : 38 लिंग : पुरुष,0.021
403,अशोक कुमार,father,रमेश चन्द्,116,33,Male,ZSY0742650,,,N,N,main,,2026-EROLLGEN-S24-86-SIR-FinalRoll-Revision1-HIN-17-WI.pdf,16,13,0.972,N,,नाम : अशोक कुमार पिता का नाम: रमेश चन्द् मकान संख्या : 116 फोटो उपलब्ध है आयु : 33 लिंग : पुरुष,0.0191
404,मनोज सिकरवार,father,लाल सिंह,११६,26,Male,ZSY2865624,,,N,N,main,,2026-EROLLGEN-S24-86-SIR-FinalRoll-Revision1-HIN-17-WI.pdf,16,14,0.967,N,,नाम : मनोज सिकरवार पिता का नाम: लाल सिंह मकान संख्या : ११६ फोटो उपलब्ध है आयु : 26 लिंग : पुरुष,0.0231
405,माया,husband,लाल सिंह,116,४9,Female,CTV2885960,,,N,N,main,,2026-EROLLGEN-S24-86-SIR-FinalRoll-Revision1-HIN-17-WI.pdf,16,15,0.965,N,,नाम : माया पति का नाम: लाल सिंह मकान संख्या : 116अ फोटो उपलब्ध है आयु : ४9 लिंग : महिला,0.0172
406,रामेन्र कुमारी,husband,रमेश चन्द,116,58,Female,CTV2687424,,,N,N,main,,2026-EROLLGEN-S24-86-SIR-FinalRoll-Revision1-HIN-17-WI.pdf,16,16,0.96,N,,नाम : रामेन्र कुमारी पति का नाम: रमेश चन्द मकान संख्या : 116ब फोटो उपलब्ध है आयु : 58 लिंग : महिला,0.0256
407,बबलू अन्य: हब्बो,,,117,46,Male,CTV3203460,,,N,N,main,,2026-EROLLGEN-S24-86-SIR-FinalRoll-Revision1-HIN-17-WI.pdf,16,17,0.966,Y,missing_fields,नाम : बबलू अन्य: हब्बो मकान संख्या : 117 फोटो उपलब्ध है आयु : 46 लिंग : पुरुष,0.025
408,वेदरिया,father,चुत्रा,118,71,Male,UP/70/355/0030056,,,N,N,main,,2026-EROLLGEN-S24-86-SIR-FinalRoll-Revision1-HIN-17-WI.pdf,16,18,0.955,N,,नाम : वेदरिया पिता का नाम: चुत्रा मकान संख्या : 118 फोटो उपलब्ध है आयु : 71 लिं : पुरुष,0.0246
409,मिम्मी,husband,बेदरिया,118,6९,Female,CTV3203361,,,N,N,main,,2026-EROLLGEN-S24-86-SIR-FinalRoll-Revision1-HIN-17-WI.pdf,16,19,0.975,N,,नाम : मिम्मी पति का नाम: बेदरिया फोटो उपलब्ध है मकान संख्या : 118 आयु: 6९ लिंग : महिला,0.0211
410,राजू,father,बेदरिया,118,49,Male,UP/70/355/0030057,,,N,N,main,,2026-EROLLGEN-S24-86-SIR-FinalRoll-Revision1-HIN-17-WI.pdf,16,20,0.97,N,,नाम : राजू पिता का नाम: बेदरिया फोटो उपलब्ध है मकान संख्या : 118 आयु : 49 लिंग : पुरुष,0.0269
411,गुडिया बानो,husband,बसरू,118,४5,Female,ZSY0976654,,,N,N,main,,2026-EROLLGEN-S24-86-SIR-FinalRoll-Revision1-HIN-17-WI.pdf,16,21,0.949,N,,नाम : गुडिया बानो पति का नाम: बसरू फोटो उपलब्ध है मकान संख्या : 118 आयु : ४5 लिंग : महिला,0.0213
412,नजमा,husband,राजू,११८,४3,Female,ZSY2335701,,,N,N,main,,2026-EROLLGEN-S24-86-SIR-FinalRoll-Revision1-HIN-17-WI.pdf,16,22,0.945,Y,serial_corrected,नाम : नजमा पति का नाम: राजू मकान संख्या : ११८ फोटो उपलब्ध है आयु : ४3 लिंग : महिला,0.0225
413,सिराजू,father,वेदरिया,118,40,Male,ZSY1264407,,,N,N,main,,2026-EROLLGEN-S24-86-SIR-FinalRoll-Revision1-HIN-17-WI.pdf,16,23,0.947,N,,नाम : सिराजू पिता का नाम: वेदरिया मकान संख्या : 118 फोटो उपलब्थ है आयु : 40 लिंग : पुरुष,0.0258
414,नाजमा,husband,सिराजू,११८,37,Female,ZSY2335461,,,N,N,main,,2026-EROLLGEN-S24-86-SIR-FinalRoll-Revision1-HIN-17-WI.pdf,16,24,0.931,Y,serial_corrected,नाम : नाजमा पति का नाम: सिराजू मकान संख्या : ११८ फोटो उपलब्थ है[ आयु : 37 लिंग : महिला,0.0217
415,शन्नो,husband,सानू,११८,3४,Female,ZSY2335479,,,N,N,main,,2026-EROLLGEN-S24-86-SIR-FinalRoll-Revision1-HIN-17-WI.pdf,16,25,0.937,N,,नाम : शन्नो पति का नाम: सानू मकान संख्या : ११८ फोटो उपलब्ध है आयु : 3४ लिंग : महिला,0.0224
416,शाहरूख कुरेशी,father,बेदर हुसैन,118,२८,Male,ZSY2612943,,,N,N,main,,2026-EROLLGEN-S24-86-SIR-FinalRoll-Revision1-HIN-17-WI.pdf,16,26,0.961,N,,नाम : शाहरूख कुरेशी पिता का नाम: बेदर हुसैन मकान संख्या : 118 फोटो उपलब्ध है[ आयु : २८ लिंग : पुरुष,0.0299
417,बसरू,father,कल्ला खाँ,118/520,४8,Male,ZSY0976647,,,N,N,main,,2026-EROLLGEN-S24-86-SIR-FinalRoll-Revision1-HIN-17-WI.pdf,16,27,0.964,N,,नाम : बसरू पिता का नाम: कल्ला खाँ मकान संख्या : 118/520 फोटो उपलब्ध है आयु : ४8 लिंग : पुरुष,0.0248
418,मेहराज कुरेशी,father,कल्ला कुरेशी,118-520,46,Male,ZSY0976613,,,N,N,main,,2026-EROLLGEN-S24-86-SIR-FinalRoll-Revision1-HIN-17-WI.pdf,16,28,0.94,N,,नाम : मेहराज कुरेशी पिता का नाम: कल्ला कुरेशी मकान संख्या : 118-520 फोटो उपलब्थ है आयु: 46 लिंग : पुरुष,0.0222
419,नजरु,father,कल्ला खां,118/520,45,Male,ZSY0976639,,,N,N,main,,2026-EROLLGEN-S24-86-SIR-FinalRoll-Revision1-HIN-17-WI.pdf,16,29,0.952,N,,नाम : नजरु पिता का नाम: कल्ला खां मकान संख्या : 118/520 फोटो उपलब्थ है आयु : 45 लिंग : पुरुष,0.0227
420,रुबीना,husband,मेहराज़ कुरेशी,118/520,38,Female,ZSY0976621,,,N,N,main,,2026-EROLLGEN-S24-86-SIR-FinalRoll-Revision1-HIN-17-WI.pdf,16,30,0.963,N,,नाम : रुबीना पति का नाम: मेहराज़ कुरेशी मकान संख्या : 118/520 फोटो उपलब्थ है आयु : 38 लिंग : महिला,0.0204
421,नाजिम,father,मेहराज कुरेशी,118-520,22,Male,ZSY3962586,,,N,N,main,,2026-EROLLGEN-S24-86-SIR-FinalRoll-Revision1-HIN-17-WI.pdf,17,1,0.976,N,,नाम : नाजिम पिता का नाम: मेहराज कुरेशी मकान संख्या : 118-520 फोटो उपलब्थ है आयु : 22 लिंग : पुरुष,0.0254
422,मुल्लो,father,हुरया,120,64,Male,UP/70/355/0030058,,,N,N,main,,2026-EROLLGEN-S24-86-SIR-FinalRoll-Revision1-HIN-17-WI.pdf,17,2,0.932,N,,नाम : मुल्लो पिता का नाम: हुरया मकान संख्या : 120 फोटो उपलब्थ है आयु : 64 लिंग : पुरुष,0.0267
423,चमन,husband,फरीद,120,६3,Female,CTV3203387,,,N,N,main,,2026-EROLLGEN-S24-86-SIR-FinalRoll-Revision1-HIN-17-WI.pdf,17,3,0.977,N,,नाम : चमन पति का नाम: फरीद मकान संख्या : 120 फोटो उपलब्थ है[ आयु : ६3 लिंग : महिला,0.0206
424,मिसिया,father,मुल्लो,120,59,Male,CTV2658664,,,N,N,main,,2026-EROLLGEN-S24-86-SIR-FinalRoll-Revision1-HIN-17-WI.pdf,17,4,0.968,N,,नाम : मिसिया पिता का नाम: मुल्लो मकान संख्या : 120 फोटो उपलब्ध है[ आयु : 59 लिंग : पुरुष,0.023
425,नईम,father,मुल्लो,१२०,30,Male,ZSY1944487,,,N,N,main,,2026-EROLLGEN-S24-86-SIR-FinalRoll-Revision1-HIN-17-WI.pdf,17,5,0.965,N,,नाम : नईम पिता का नाम: मुल्लो मकान संख्या : १२० फोटो उपलब्ध है आयु : 30 लिंग : पुरुष,0.0253
426,नकीम कुरेशी,father,मुल्ला,120,२2९,Male,ZSY2614857,,,N,N,main,,2026-EROLLGEN-S24-86-SIR-FinalRoll-Revision1-HIN-17-WI.pdf,17,6,0.954,N,,नाम : नकीम कुरेशी पिता का नाम: मुल्ला मकान संख्या : 120 फोटो उपलब्ध है आयु : २2९ लिंग : पुरुष,0.0229
427,अनवरी,husband,हमीद,१२१,67,Female,ZSY2335677,,,N,N,main,,2026-EROLLGEN-S24-86-SIR-FinalRoll-Revision1-HIN-17-WI.pdf,17,7,0.968,N,,नाम : अनवरी पति का नाम: हमीद फोटो उपलब्ध है मकान संख्या : १२१ आयु : 67 लिंग : महिला,0.0174
428,कलुआ,father,छुददया,121,62,Male,CTV2658920,,,N,N,main,,2026-EROLLGEN-S24-86-SIR-FinalRoll-Revision1-HIN-17-WI.pdf,17,8,0.954,N,,नाम : कलुआ पिता का नाम: छुददया फोटो उपलब्ध है मकान संख्या : 121 आयु : 62 लिंग : पुरुष,0.0218
429,अन्सार,father,हनीफ,121,60,Male,UP/70/355/0030060,,,N,N,main,,2026-EROLLGEN-S24-86-SIR-FinalRoll-Revision1-HIN-17-WI.pdf,17,9,0.962,N,,नाम : अन्सार पिता का नाम: हनीफ फोटो उपलब्थ है मकान संख्या : 121 आयु : 60 लिंग : पुरुष,0.0195
430,हमीसा,husband,कलुआ,121,59,Female,CTV3203585,,,N,N,main,,2026-EROLLGEN-S24-86-SIR-FinalRoll-Revision1-HIN-17-WI.pdf,17,10,0.97,N,,नाम : हमीसा पति का नाम: कलुआ मकान संख्या : 121 फोटो उपलब्ध है आयु : 59 लिंग : महिला,0.0221
431,बाबर,father,कमरु,121,59,Male,UP/70/355/0030062,,,N,N,main,,2026-EROLLGEN-S24-86-SIR-FinalRoll-Revision1-HIN-17-WI.pdf,17,11,0.967,N,,नाम : बाबर पिता का नाम: कमरु मकान संख्या : 121 फोटो उपलब्ध है आयु : 59 लिंग : पुरुष,0.0251
432,नसीम,husband,सिराजुददीन,121,57,Female,ZSY2192730,,,N,N,main,,2026-EROLLGEN-S24-86-SIR-FinalRoll-Revision1-HIN-17-WI.pdf,17,12,0.965,N,,नाम : नसीम पति का नाम: सिराजुददीन मकान संख्या : 121 फोटो उपलब्ध है आयु : 57 लिंग : महिला,0.0212
433,बानो,father,टुण्डा,121,51,Male,CTV2890184,,,N,N,main,,2026-EROLLGEN-S24-86-SIR-FinalRoll-Revision1-HIN-17-WI.pdf,17,13,0.967,N,,नाम : बानो पिता का नाम: टुण्डा मकान संख्या : 121 फोटो उपलब्ध है आयु: 51 लिंग : पुरुष,0.0168
434,सिराजू,father,कमरू,121,49,Male,UP/70/355/0030063,,,N,N,main,,2026-EROLLGEN-S24-86-SIR-FinalRoll-Revision1-HIN-17-WI.pdf,17,14,0.97,N,,नाम : सिराजू पिता का नाम: कमरू मकान संख्या : 121 फोटो उपलब्ध है आयु : 49 लिंग : पुरुष,0.0221
435,सलीम,father,हनीफ,१२१,४4,Male,ZSY1947514,,,N,N,main,,2026-EROLLGEN-S24-86-SIR-FinalRoll-Revision1-HIN-17-WI.pdf,17,15,0.966,N,,नाम : सलीम पिता का नाम: हनीफ मकान संख्या : १२१ फोटो उपलब्ध है आयु : ४4 लिंग : पुरुष,0.0161
436,गुडो बेगम,husband,मुबीन कुरेशी,१२१,४3,Female,ZSY2335487,,,N,N,main,,2026-EROLLGEN-S24-86-SIR-FinalRoll-Revision1-HIN-17-WI.pdf,17,16,0.968,N,,नाम : गुडो बेगम पति का नाम: मुबीन कुरेशी मकान संख्या : १२१ फोटो उपलब्ध है आयु : ४3 लिंग : महिला,0.0256
437,इसरार,father,सिखावत,१२१,4२,Male,ZSY1945302,,,N,N,main,,2026-EROLLGEN-S24-86-SIR-FinalRoll-Revision1-HIN-17-WI.pdf,17,17,0.972,N,,नाम : इसरार पिता का नाम: सिखावत मकान संख्या : १२१ फोटो उपलब्ध है आयु : 4२ लिंग : पुरुष,0.0269
438,अन्सार,father,सिखावत,१२१,४०,Male,ZSY1945310,,,N,N,main,,2026-EROLLGEN-S24-86-SIR-FinalRoll-Revision1-HIN-17-WI.pdf,17,18,0.971,N,,नाम : अन्सार पिता का नाम: सिखावत मकान संख्या : १२१ फोटो उपलब्ध है आयु : ४० लिं : पुरुष,0.0228
439,इरसाद,father,कलुआ,121,39,Male,ZSY1264415,,,N,N,main,,2026-EROLLGEN-S24-86-SIR-FinalRoll-Revision1-HIN-17-WI.pdf,17,19,0.982,N,,नाम : इरसाद पिता का नाम: कलुआ फोटो उपलब्ध है मकान संख्या : 121 आयु : 39 लिंग : पुरुष,0.0211
440,बन्ट्ू,father,कलुआ,121,38,Male,ZSY1599950,,,N,N,main,,2026-EROLLGEN-S24-86-SIR-FinalRoll-Revision1-HIN-17-WI.pdf,17,20,0.957,N,,नाम : बन्ट्ू पिता का नाम: कलुआ फोटो उपलब्ध है मकान संख्या : 121 आयु : 38 लिंग : पुरुष,0.025
441,रहीश,father,कलुआ,121,37,Male,ZSY1264373,,,N,N,main,,2026-EROLLGEN-S24-86-SIR-FinalRoll-Revision1-HIN-17-WI.pdf,17,21,0.97,N,,नाम : रहीश पिता का नाम: कलुआ फोटो उपलब्ध है मकान संख्या : 121 आयु : 37 लिंग : पुरुष,0.021
442,भाजू,father,ठुण्डा,121,37,Male,ZSY2192649,,,N,N,main,,2026-EROLLGEN-S24-86-SIR-FinalRoll-Revision1-HIN-17-WI.pdf,17,22,0.963,N,,नाम : भाजू पिता का नाम: ठुण्डा मकान संख्या : 121 फोटो उपलब्ध है आयु : 37 लिंग : पुरुष,0.0228
443,वाहिद,father,कलुआ,121,36,Male,ZSY1599984,,,N,N,main,,2026-EROLLGEN-S24-86-SIR-FinalRoll-Revision1-HIN-17-WI.pdf,17,23,0.974,N,,नाम : वाहिद पिता का नाम: कलुआ मकान संख्या : 121 फोटो उपलब्ध है आयु : 36 लिंग : पुरुष,0.0262
444,राशिद,father,वाकर,121,36,Male,ZSY2192722,,,N,N,main,,2026-EROLLGEN-S24-86-SIR-FinalRoll-Revision1-HIN-17-WI.pdf,17,24,0.976,N,,नाम : राशिद पिता का नाम: वाकर मकान संख्या : 121 फोटो उपलब्थ है आयु : 36 लिंग : पुरुष,0.0204
445,गोरा,father,कलुआ,121,34,Male,ZSY1264423,,,N,N,main,,2026-EROLLGEN-S24-86-SIR-FinalRoll-Revision1-HIN-17-WI.pdf,17,25,0.971,N,,नाम : गोरा पिता का नाम: कलुआ मकान संख्या : 121 फोटो उपलब्ध है[ आयु : 34 लिंग : पुरुष,0.0235
446,शाहिद,father,कलुआ,121,34,Male,ZSY1599935,,,N,N,main,,2026-EROLLGEN-S24-86-SIR-FinalRoll-Revision1-HIN-17-WI.pdf,17,26,0.967,N,,नाम : शाहिद पिता का नाम: कलुआ मकान संख्या : 121 फोटो उपलब्ध है आयु : 34 लिंग : पुरुष,0.0274
447,जावेद,father,बाकर,१२१,33,Male,ZSY1945294,,,N,N,main,,2026-EROLLGEN-S24-86-SIR-FinalRoll-Revision1-HIN-17-WI.pdf,17,27,0.976,N,,नाम : जावेद पिता का नाम: बाकर मकान संख्या : १२१ फोटो उपलब्ध है आयु : 33 लिंग : पुरुष,0.0238
448,आलिम कुरेशी,father,सिराजुद्टीन,१२१,33,Male,ZSY1946060,,,N,N,main,,2026-EROLLGEN-S24-86-SIR-FinalRoll-Revision1-HIN-17-WI.pdf,17,28,0.967,N,,नाम : आलिम कुरेशी पिता का नाम: सिराजुद्टीन मकान संख्या : १२१ फोटो उपलब्थ है आयु : 33 लिंग : पुरुष,0.0202
449,मोसीम,father,वाकर,१२१,31,Male,ZSY2393767,,,N,N,main,,2026-EROLLGEN-S24-86-SIR-FinalRoll-Revision1-HIN-17-WI.pdf,17,29,0.97,N,,नाम : मोसीम पिता का नाम: वाकर मकान संख्या : १२१ फोटो उपलब्ध है आयु : 31 लिंग : पुरुष,0.021
450,गुलजार,father,मुत्रा,122,६9,Male,CTV3203429,,,N,N,main,,2026-EROLLGEN-S24-86-SIR-FinalRoll-Revision1-HIN-17-WI.pdf,17,30,0.954,N,,नाम : गुलजार पिता का नाम: मुत्रा मकान संख्या : 122 फोटो उपलब्थ है आयु : ६9 लिंग : पुरुष,0.0184
451,रहमत,father,मुत्रा,122,57,Male,CTV3203395,,,N,N,main,,2026-EROLLGEN-S24-86-SIR-FinalRoll-Revision1-HIN-17-WI.pdf,18,1,0.971,N,,नाम : रहमत पिता का नाम: मुत्रा मकान संख्या : 122 फोटो उपलब्थ है आयु : 57 लिंग : पुरुष,0.0221
452,आसीन,father,छुददया,122,54,Male,UP/70/355/0030065,,,N,N,main,,2026-EROLLGEN-S24-86-SIR-FinalRoll-Revision1-HIN-17-WI.pdf,18,2,0.972,N,,नाम : आसीन पिता का नाम: छुददया मकान संख्या : 122 फोटो उपलब्थ है आयु : 54 लिंग : पुरुष,0.0283
453,मखमल,husband,आसीन,122,51,Female,CTV3203403,,,N,N,main,,2026-EROLLGEN-S24-86-SIR-FinalRoll-Revision1-HIN-17-WI.pdf,18,3,0.973,N,,नाम : मखमल पति का नाम: आसीन मकान संख्या : 122 फोटो उपलब्थ है आयु : 51 लिंग : महिला,0.0226
454,ताहिर अन्य: आसीन,,,122,४6,Male,CTV2658649,,,N,N,main,,2026-EROLLGEN-S24-86-SIR-FinalRoll-Revision1-HIN-17-WI.pdf,18,4,0.984,Y,missing_fields,नाम : ताहिर अन्य: आसीन मकान संख्या : 122 फोटो उपलब्ध है आयु : ४6 लिंग : पुरुष,0.0211
455,नदीम,father,मुल्ला,122,४०,Male,ZSY0641068,,,N,N,main,,2026-EROLLGEN-S24-86-SIR-FinalRoll-Revision1-HIN-17-WI.pdf,18,5,0.959,N,,नाम : नदीम पिता का नाम: मुल्ला मकान संख्या : 122 फोटो उपलब्ध है आयु : ४० लिंग : पुरुष,0.0258
456,सलीम,father,शरीफ,00,38,Male,ZSY1568252,,,N,N,main,,2026-EROLLGEN-S24-86-SIR-FinalRoll-Revision1-HIN-17-WI.pdf,18,6,0.948,N,,नाम : सलीम पिता का नाम: शरीफ मकान संख्या : 00 फोटो उपलब्ध है आयु : 38 लिंग : पुरुष,0.0215
457,आरिफ,father,आसीन,122,28,Male,ZSY2612950,,,N,N,main,,2026-EROLLGEN-S24-86-SIR-FinalRoll-Revision1-HIN-17-WI.pdf,18,7,0.978,N,,नाम : आरिफ पिता का नाम: आसीन फोटो उपलब्ध है मकान संख्या : 122 आयु: 28 लिंग : पुरुष,0.0178
458,सईम,father,भुल्ला खान,१२२,28,Male,ZSY2860179,,,N,N,main,,2026-EROLLGEN-S24-86-SIR-FinalRoll-Revision1-HIN-17-WI.pdf,18,8,0.971,N,,नाम : सईम पिता का नाम: भुल्ला खान फोटो उपलब्ध है मकान संख्या : १२२ आयु : 28 लिंग : पुरुष,0.0218
459,इन्तजार,father,मुन्ना,संख्या :,36,Male,ZSY1264043,,,N,N,main,,2026-EROLLGEN-S24-86-SIR-FinalRoll-Revision1-HIN-17-WI.pdf,18,9,0.963,N,,नाम : इन्तजार पिता का नाम: मुन्ना फोटो उपलब्थ है मकान संख्या :  आयु : 36 लिंग : पुरुष,0.0159
460,नजरूट्वीन,father,इब्राहिम,123,45,Male,CTV3319118,,,N,N,main,,2026-EROLLGEN-S24-86-SIR-FinalRoll-Revision1-HIN-17-WI.pdf,18,10,0.954,N,,नाम : नजरूट्वीन पिता का नाम: इब्राहिम मकान संख्या : 123 फोटो उपलब्ध है आयु : 45 लिंग : पुरुष,0.0232
461,शब्बीर,father,बदो,१२४,52,Male,ZSY1946110,,,N,N,main,,2026-EROLLGEN-S24-86-SIR-FinalRoll-Revision1-HIN-17-WI.pdf,18,11,0.963,N,,नाम : शब्बीर पिता का नाम: बदो मकान संख्या : १२४ फोटो उपलब्ध है आयु : 52 लिंग : पुरुष,0.0237
462,अकीला,husband,साबिर,124,50,Female,ZSY2192656,,,N,N,main,,2026-EROLLGEN-S24-86-SIR-FinalRoll-Revision1-HIN-17-WI.pdf,18,12,0.956,N,,नाम : अकीला पति का नाम: साबिर मकान संख्या : 124 फोटो उपलब्ध है आयु : 50 लिंग : महिला,0.0207
463,बन्टू,father,श्री बददो,124,४40,Male,ZSY0230458,,,N,N,main,,2026-EROLLGEN-S24-86-SIR-FinalRoll-Revision1-HIN-17-WI.pdf,18,13,0.959,N,,नाम: बन्टू पिता का नाम: श्री बददो मकान संख्या : 124 फोटो उपलब्ध है आयु: ४40 लिंग : पुरुष,0.018
464,नासिर,father,बद्ो,१२४,37,Male,ZSY1947407,,,N,N,main,,2026-EROLLGEN-S24-86-SIR-FinalRoll-Revision1-HIN-17-WI.pdf,18,14,0.956,N,,नाम : नासिर पिता का नाम: बद्ो मकान संख्या : १२४ फोटो उपलब्ध है आयु : 37 लिंग : पुरुष,0.0199
465,शाहीन,father,साबिर,१२४,30,Female,ZSY2393734,,,N,N,main,,2026-EROLLGEN-S24-86-SIR-FinalRoll-Revision1-HIN-17-WI.pdf,18,15,0.974,N,,नाम : शाहीन पिता का नाम: साबिर मकान संख्या : १२४ फोटो उपलब्ध है आयु : 30 लिंग : महिला,0.0179
466,इसरार,father,बबुआ,125,35,Male,ZSY1945815,,,N,N,main,,2026-EROLLGEN-S24-86-SIR-FinalRoll-Revision1-HIN-17-WI.pdf,18,16,0.972,N,,नाम : इसरार पिता का नाम: बबुआ मकान संख्या : 125 फोटो उपलब्ध है आयु : 35 लिंग : पुरुष,0.0234
467,सरीफ,father,अजमेरी,126,72,Male,CTV2658391,,,N,N,main,,2026-EROLLGEN-S24-86-SIR-FinalRoll-Revision1-HIN-17-WI.pdf,18,17,0.964,N,,नाम : सरीफ पिता का नाम: अजमेरी मकान संख्या : 126 फोटो उपलब्ध है आयु : 72 लिंग : पुरुष,0.0264
468,लुकमान,father,सत्तार,126,60,Male,ZSY0976688,,,N,N,main,,2026-EROLLGEN-S24-86-SIR-FinalRoll-Revision1-HIN-17-WI.pdf,18,18,0.954,N,,नाम : लुकमान पिता का नाम: सत्तार मकान संख्या : 126 फोटो उपलब्ध है आयु : 60 लिंग : पुरुष,0.0238
469,गफ्फार,father,सत्तार,126,58,Male,ZSY3723749,,,N,N,main,,2026-EROLLGEN-S24-86-SIR-FinalRoll-Revision1-HIN-17-WI.pdf,18,19,0.984,N,,नाम : गफ्फार पिता का नाम: सत्तार फोटो उपलब्ध है मकान संख्या : 126 आयु : 58 लिंग : पुरुष,0.0202
470,समीना,husband,गफ्फार,126,53,Female,CTV3319183,,,N,N,main,,2026-EROLLGEN-S24-86-SIR-FinalRoll-Revision1-HIN-17-WI.pdf,18,20,0.966,N,,नाम : समीना पति का नाम: गफ्फार फोटो उपलब्ध है मकान संख्या : 126 आयु : 53 लिंग : महिला,0.0246
471,असगर,father,इकबाल,126,53,Male,CTV3318664,,,N,N,main,,2026-EROLLGEN-S24-86-SIR-FinalRoll-Revision1-HIN-17-WI.pdf,18,21,0.97,N,,नाम : असगर पिता का नाम: इकबाल फोटो उपलब्ध है मकान संख्या : 126 आयु : 53 लिंग : पुरुष,0.0209
472,रुकसाना,husband,लुकमान,126,49,Female,CTV3319175,,,N,N,main,,2026-EROLLGEN-S24-86-SIR-FinalRoll-Revision1-HIN-17-WI.pdf,18,22,0.974,N,,नाम : रुकसाना पति का नाम: लुकमान मकान संख्या : 126 फोटो उपलब्ध है आयु : 49 लिंग : महिला,0.0227
473,रोशनी,husband,कल्लू,126,४8,Female,CTV3256765,,,N,N,main,,2026-EROLLGEN-S24-86-SIR-FinalRoll-Revision1-HIN-17-WI.pdf,18,23,0.974,N,,नाम : रोशनी पति का नाम: कल्लू मकान संख्या : 126 फोटो उपलब्ध है आयु : ४8 लिंग : महिला,0.0256
474,जहागीर,father,कल्लू,126,48,Male,ZSY1599893,,,N,N,main,,2026-EROLLGEN-S24-86-SIR-FinalRoll-Revision1-HIN-17-WI.pdf,18,24,0.972,N,,नाम : जहागीर पिता का नाम: कल्लू मकान संख्या : 126 फोटो उपलब्थ है आयु: 48 लिंग : पुरुष,0.0215
475,पप्पू,father,कल्लू,१२६,४48,Male,ZSY1947837,,,N,N,main,,2026-EROLLGEN-S24-86-SIR-FinalRoll-Revision1-HIN-17-WI.pdf,18,25,0.968,N,,नाम: पप्पू पिता का नाम: कल्लू मकान संख्या : १२६ फोटो उपलब्ध है आयु : ४48 लिंग : पुरुष,0.0226
476,नाजिरा,husband,जहागीर,126,४6,Female,ZSY1599885,,,N,N,main,,2026-EROLLGEN-S24-86-SIR-FinalRoll-Revision1-HIN-17-WI.pdf,18,26,0.977,N,,नाम : नाजिरा पति का नाम: जहागीर मकान संख्या : 126 फोटो उपलब्ध है[ आयु : ४6 लिंग : महिला,0.0276
477,रहीश,husband,इकबाल,126,४2,Female,CTV3309028,,,N,N,main,,2026-EROLLGEN-S24-86-SIR-FinalRoll-Revision1-HIN-17-WI.pdf,18,27,0.97,N,,नाम : रहीश पति का नाम: इकबाल मकान संख्या : 126 फोटो उपलब्ध है आयु : ४2 लिंग : महिला,0.0243
478,नजमा बानो,husband,गुडड़ कुरेशी,126,39,Female,ZSY2512291,,,N,N,main,,2026-EROLLGEN-S24-86-SIR-FinalRoll-Revision1-HIN-17-WI.pdf,18,28,0.968,N,,नाम : नजमा बानो पति का नाम: गुडड़ कुरेशी मकान संख्या : 126 फोटो उपलब्ध है आयु: 39 लिंग : महिला,0.0193
479,साकिर,father,शरीफ,126,38,Male,ZSY0976357,,,N,N,main,,2026-EROLLGEN-S24-86-SIR-FinalRoll-Revision1-HIN-17-WI.pdf,18,29,0.968,N,,नाम : साकिर पिता का नाम: शरीफ मकान संख्या : 126 फोटो उपलब्ध है आयु : 38 लिंग : पुरुष,0.0222
480,जाकिर,father,शरीफ,126,37,Male,ZSY0723072,,,N,N,main,,2026-EROLLGEN-S24-86-SIR-FinalRoll-Revision1-HIN-17-WI.pdf,18,30,0.971,N,,नाम : जाकिर पिता का नाम: शरीफ मकान संख्या : 126 फोटो उपलब्थ है आयु : 37 लिंग : पुरुष,0.0178
481,अशरफ,father,असलम,१२६,36,Male,ZSY1947787,,,N,N,main,,2026-EROLLGEN-S24-86-SIR-FinalRoll-Revision1-HIN-17-WI.pdf,19,1,0.979,N,,नाम : अशरफ पिता का नाम: असलम मकान संख्या : १२६ फोटो उपलब्थ है आयु: 36 लिंग : पुरुष,0.0222
482,इरफान,father,लुकमान,126,33,Male,ZSY0976696,,,N,N,main,,2026-EROLLGEN-S24-86-SIR-FinalRoll-Revision1-HIN-17-WI.pdf,19,2,0.966,N,,नाम : इरफान पिता का नाम: लुकमान मकान संख्या : 126 फोटो उपलब्थ है आयु : 33 लिंग : पुरुष,0.0266
483,नरगिस,father,लुकमान,१२६,31,Female,ZSY2335735,,,N,N,main,,2026-EROLLGEN-S24-86-SIR-FinalRoll-Revision1-HIN-17-WI.pdf,19,3,0.972,N,,नाम : नरगिस पिता का नाम: लुकमान मकान संख्या : १२६ फोटो उपलब्थ है[ आयु : 31 लिंग : महिला,0.0226
484,हिना,father,लुकमान,126,२28,Female,ZSY2612968,,,N,N,main,,2026-EROLLGEN-S24-86-SIR-FinalRoll-Revision1-HIN-17-WI.pdf,19,4,0.966,N,,नाम : हिना पिता का नाम: लुकमान मकान संख्या : 126 फोटो उपलब्ध है[ आयु : २28 लिंग : महिला,0.023
485,आकाश,father,जान सिंह,126,27,Male,ZSY2865673,,,N,N,main,,2026-EROLLGEN-S24-86-SIR-FinalRoll-Revision1-HIN-17-WI.pdf,19,5,0.971,N,,नाम : आकाश पिता का नाम: जान सिंह मकान संख्या : 126 फोटो उपलब्ध है आयु : 27 लिंग : पुरुष,0.0269
486,बबलू करेशी,father,लुकमान कुरेशी,126,२5,Male,ZSY3091295,,,N,N,main,,2026-EROLLGEN-S24-86-SIR-FinalRoll-Revision1-HIN-17-WI.pdf,19,6,0.957,N,,नाम : बबलू करेशी पिता का नामः लुकमान कुरेशी मकान संख्या : 126 फोटो उपलब्ध है[ आयु : २5 लिंग : पुरुष,0.0257
487,सिन्दन,husband,सलीम,00,४२,Female,ZSY1568179,,,N,N,main,,2026-EROLLGEN-S24-86-SIR-FinalRoll-Revision1-HIN-17-WI.pdf,19,7,0.964,N,,नाम : सिन्दन पति का नाम: सलीम फोटो उपलब्ध है मकान संख्या : 00 आयु : ४२ लिंग : महिला,0.0174
488,सिमरन,husband,कदीर,0०,37,Female,ZSY1568187,,,N,N,main,,2026-EROLLGEN-S24-86-SIR-FinalRoll-Revision1-HIN-17-WI.pdf,19,8,0.948,N,,नाम : सिमरन पति का नाम: कदीर फोटो उपलब्ध है मकान संख्या : 0० आयु : 37 लिंग : महिला,0.0208
489,आस मुहम्मद,father,फरीद,128,75,Male,CTV3256831,,,N,N,main,,2026-EROLLGEN-S24-86-SIR-FinalRoll-Revision1-HIN-17-WI.pdf,19,9,0.96,N,,नाम : आस मुहम्मद पिता का नाम: फरीद फोटो उपलब्थ है मकान संख्या : 128 आयु : 75 लिंग : पुरुष,0.0178
490,तारीक्र,father,फरीद,१२८,34,Male,ZSY2335644,,,N,N,main,,2026-EROLLGEN-S24-86-SIR-FinalRoll-Revision1-HIN-17-WI.pdf,19,10,0.971,N,,नाम : तारीक्र पिता का नाम: फरीद मकान संख्या : १२८ फोटो उपलब्ध है आयु : 34 लिंग : पुरुष,0.0215
491,रुबी,husband,आसमोहम्मद,128,33,Female,ZSY3105822,,,N,N,main,,2026-EROLLGEN-S24-86-SIR-FinalRoll-Revision1-HIN-17-WI.pdf,19,11,0.965,N,,नाम : रुबी पति का नाम: आसमोहम्मद मकान संख्या : 128 फोटो उपलब्ध है आयु : 33 लिंग : महिला,0.0252
492,आरिफ,father,फरीद,१२८,31,Male,ZSY1945955,,,N,N,main,,2026-EROLLGEN-S24-86-SIR-FinalRoll-Revision1-HIN-17-WI.pdf,19,12,0.957,N,,नाम : आरिफ पिता का नाम: फरीद मकान संख्या : १२८ फोटो उपलब्ध है आयु : 31 लिंग : पुरुष,0.0199
493,सबबीर,father,सिकंदर,129,74,Male,UP/70/355/0030073,,,N,N,main,,2026-EROLLGEN-S24-86-SIR-FinalRoll-Revision1-HIN-17-WI.pdf,19,13,0.975,N,,नाम : सबबीर पिता का नाम: सिकंदर मकान संख्या : 129 फोटो उपलब्ध है आयु: 74 लिंग : पुरुष,0.0194
494,शाहबरा,husband,शबबीर,129,7४,Female,UP/70/355/0030074,,,N,N,main,,2026-EROLLGEN-S24-86-SIR-FinalRoll-Revision1-HIN-17-WI.pdf,19,14,0.969,N,,नाम : शाहबरा पति का नाम: शबबीर मकान संख्या : 129 फोटो उपलब्ध है आयु : 7४ लिंग : महिला,0.0226
495,आलम गिरि,father,शमसू LETED,संख्या : फोटो उपलब्ध है,57,,UP/70/355/0030072,S,shifted (स्थानांतरित),Y,Y,main,,2026-EROLLGEN-S24-86-SIR-FinalRoll-Revision1-HIN-17-WI.pdf,19,15,0.922,Y,missing_fields,नाम : आलम गिरि पिता का नाम: शमसू LETED मकान संख्या : फोटो उपलब्ध है आयु : 57 िंग भुरुष,0.032
496,चान्दबाबू,father,मुत्रा,129,४0,Male,CTV3166121,,,N,N,main,,2026-EROLLGEN-S24-86-SIR-FinalRoll-Revision1-HIN-17-WI.pdf,19,16,0.97,N,,नाम : चान्दबाबू पिता का नाम: मुत्रा मकान संख्या : 129 फोटो उपलब्ध है आयु : ४0 लिंग : पुरुष,0.0235
497,आश मोहम्मद,father,मुत्रा,129,38,Male,CTV3134228,,,N,N,main,,2026-EROLLGEN-S24-86-SIR-FinalRoll-Revision1-HIN-17-WI.pdf,19,17,0.971,N,,नाम : आश मोहम्मद पिता का नाम: मुत्रा मकान संख्या : 129 फोटो उपलब्ध है आयु : 38 लिंग : पुरुष,0.0274
498,राजा,father,शब्बीर,129,37,Male,ZSY0976415,,,N,N,main,,2026-EROLLGEN-S24-86-SIR-FinalRoll-Revision1-HIN-17-WI.pdf,19,18,0.976,N,,नाम : राजा पिता का नाम: शब्बीर मकान संख्या : 129 फोटो उपलब्ध है आयु : 37 लिंग : पुरुष,0.0229
499,मुमताज,husband,बादशाह,129,37,Female,ZSY0976407,,,N,N,main,,2026-EROLLGEN-S24-86-SIR-FinalRoll-Revision1-HIN-17-WI.pdf,19,19,0.981,N,,नाम : मुमताज पति का नाम: बादशाह फोटो उपलब्ध है मकान संख्या : 129 आयु : 37 लिंग : महिला,0.021
500,शाहिद,father,साबिर,१२९,37,Male,ZSY1947373,,,N,N,main,,2026-EROLLGEN-S24-86-SIR-FinalRoll-Revision1-HIN-17-WI.pdf,19,20,0.979,N,,नाम : शाहिद पिता का नाम: साबिर फोटो उपलब्ध है मकान संख्या : १२९ आयु : 37 लिंग : पुरुष,0.0249
501,नबाब,father,शब्बीर,129,36,Male,ZSY0562918,,,N,N,main,,2026-EROLLGEN-S24-86-SIR-FinalRoll-Revision1-HIN-17-WI.pdf,19,21,0.968,N,,नाम : नबाब पिता का नाम: शब्बीर फोटो उपलब्ध है मकान संख्या : 129 आयु : 36 लिंग : पुरुष,0.0208
502,तसलीम,husband,शाहिद,१२९,3४,Female,ZSY1945336,,,N,N,main,,2026-EROLLGEN-S24-86-SIR-FinalRoll-Revision1-HIN-17-WI.pdf,19,22,0.972,N,,नाम : तसलीम पति का नाम: शाहिद मकान संख्या : १२९ फोटो उपलब्ध है आयु: 3४ लिंग : महिला,0.0226
503,अनिशा,husband,नबाब,१२९,33,Female,ZSY2512069,,,N,N,main,,2026-EROLLGEN-S24-86-SIR-FinalRoll-Revision1-HIN-17-WI.pdf,19,23,0.972,N,,नाम : अनिशा पति का नाम: नबाब मकान संख्या : १२९ फोटो उपलब्ध है आयु : 33 लिंग : महिला,0.0261
504,फरमान,father,इस्लाम,१२९,२8,Male,ZSY2512150,,,N,N,main,,2026-EROLLGEN-S24-86-SIR-FinalRoll-Revision1-HIN-17-WI.pdf,19,24,0.971,N,,नाम : फरमान पिता का नाम: इस्लाम मकान संख्या : १२९ फोटो उपलब्थ है आयु : २8 लिंग : पुरुष,0.0208
505,आरिफ,father,साबिर,,,,ZSY2860328,S,shifted (स्थानांतरित),Y,Y,main,,2026-EROLLGEN-S24-86-SIR-FinalRoll-Revision1-HIN-17-WI.pdf,19,25,0.966,Y,missing_fields,नाम : आरिफ पिता का नाम: साबिर फोटो उपलब्ध है,0.0356
506,चांदनी,father,बबुआ,130,२८,Female,ZSY1945872,,,N,N,main,,2026-EROLLGEN-S24-86-SIR-FinalRoll-Revision1-HIN-17-WI.pdf,19,26,0.972,N,,नाम : चांदनी पिता का नाम: बबुआ मकान संख्या : 130 फोटो उपलब्ध है[ आयु : २८ लिंग : महिला,0.0278
507,अशोक कुमार अन्य: वैनी राम,,,131,50,Male,CTV3318797,,,N,N,main,,2026-EROLLGEN-S24-86-SIR-FinalRoll-Revision1-HIN-17-WI.pdf,19,27,0.977,Y,missing_fields,नाम : अशोक कुमार अन्य: वैनी राम मकान संख्या : 131 फोटो उपलब्ध है आयु : 50 लिंग : पुरुष,0.0219
508,लक्ष्मी देवी,husband,भगवान दास,१३१,४8,Female,ZSY1945583,,,N,N,main,,2026-EROLLGEN-S24-86-SIR-FinalRoll-Revision1-HIN-17-WI.pdf,19,28,0.972,N,,नाम : लक्ष्मी देवी पति का नाम: भगवान दास मकान संख्या : १३१ फोटो उपलब्थ है आयु: ४8 लिंग : महिला,0.0185
509,चन्द्रकला,husband,अशोक कुमार,१३१,४5,Female,ZSY1945328,,,N,N,main,,2026-EROLLGEN-S24-86-SIR-FinalRoll-Revision1-HIN-17-WI.pdf,19,29,0.965,N,,नाम : चन्द्रकला पति का नाम: अशोक कुमार मकान संख्या : १३१ फोटो उपलब्ध है आयु : ४5 लिंग : महिला,0.0237
510,शाकिर कुरेशी,father,सिराजुददीन कुरेशी,131,35,Male,ZSY2192714,,,N,N,main,,2026-EROLLGEN-S24-86-SIR-FinalRoll-Revision1-HIN-17-WI.pdf,19,30,0.967,N,,नाम : शाकिर कुरेशी पिता का नाम: सिराजुददीन कुरेशी मकान संख्या : 131 फोटो उपलब्ध है आयु : 35 लिंग : पुरुष,0.0214
511,कन्हैया,father,छोटे लाल,१३२,55,Male,ZSY1946920,,,N,N,main,,2026-EROLLGEN-S24-86-SIR-FinalRoll-Revision1-HIN-17-WI.pdf,20,1,0.973,N,,नाम : कन्हैया पिता का नाम: छोटे लाल मकान संख्या : १३२ फोटो उपलब्थ है आयु: 55 लिंग : पुरुष,0.023
512,रेशम,husband,कन्हेया,१३२,5४,Female,ZSY1946912,,,N,N,main,,2026-EROLLGEN-S24-86-SIR-FinalRoll-Revision1-HIN-17-WI.pdf,20,2,0.962,N,,नाम : रेशम पति का नाम: कन्हेया मकान संख्या : १३२ फोटो उपलब्थ है आयु : 5४ लिंग : महिला,0.0254
513,राकेश,father,प्रानसुख,132,53,Male,CTV3318912,,,N,N,main,,2026-EROLLGEN-S24-86-SIR-FinalRoll-Revision1-HIN-17-WI.pdf,20,3,0.956,N,,नाम : राकेश पिता का नाम: प्रानसुख मकान संख्या : 132 फोटो उपलब्थ है[ आयु : 53 लिंग : पुरुष,0.0211
514,आनन्द कुमार,father,राकेश कुमार,132,२8,Male,ZSY2612992,,,N,N,main,,2026-EROLLGEN-S24-86-SIR-FinalRoll-Revision1-HIN-17-WI.pdf,20,4,0.958,N,,नाम : आनन्द कुमार पिता का नाम: राकेश कुमार मकान संख्या : 132 फोटो उपलब्ध है आयु : २8 लिंग : पुरुष,0.024
515,सनी,father,कन्हैयालाल,132,22,Male,ZSY3723822,,,N,N,main,,2026-EROLLGEN-S24-86-SIR-FinalRoll-Revision1-HIN-17-WI.pdf,20,5,0.976,N,,नाम : सनी पिता का नाम: कन्हैयालाल मकान संख्या : 132 फोटो उपलब्ध है आयु : 22 लिंग : पुरुष,0.0272
516,संदीप कुमार,father,हरिओम सिंह,132,21,Male,ZSY3723814,,,N,N,main,,2026-EROLLGEN-S24-86-SIR-FinalRoll-Revision1-HIN-17-WI.pdf,20,6,0.961,N,,नाम : संदीप कुमार पिता का नाम: हरिओम सिंह मकान संख्या : 132 फोटो उपलब्ध है आयु : 21 लिंग : पुरुष,0.0251
517,मोहन सिंह,father,लक्ष्मण,132,21,Male,ZSY3735784,,,N,N,main,,2026-EROLLGEN-S24-86-SIR-FinalRoll-Revision1-HIN-17-WI.pdf,20,7,0.97,N,,नाम : मोहन सिंह पिता का नाम: लक्ष्मण फोटो उपलब्ध है मकान संख्या : 132 आयु : 21 लिंग : पुरुष,0.0188
518,अफसरा,husband,शहीद,135,59,Female,ZSY0723122,,,N,N,main,,2026-EROLLGEN-S24-86-SIR-FinalRoll-Revision1-HIN-17-WI.pdf,20,8,0.966,N,,नाम : अफसरा पति का नाम: शहीद फोटो उपलब्ध है मकान संख्या : 135 आयु : 59 लिंग : महिला,0.022
519,महाराजउदटीन,father,अज़ीज,136,57,Male,UP/70/355/0030079,,,N,N,main,,2026-EROLLGEN-S24-86-SIR-FinalRoll-Revision1-HIN-17-WI.pdf,20,9,0.957,N,,नाम : महाराजउदटीन पिता का नाम: अज़ीज फोटो उपलब्थ है मकान संख्या : 136 आयु : 57 लिंग : पुरुष,0.0215
520,मखमल,husband,सकीउददीन,136,56,Female,CTV2044923,,,N,N,main,,2026-EROLLGEN-S24-86-SIR-FinalRoll-Revision1-HIN-17-WI.pdf,20,10,0.976,N,,नाम : मखमल पति का नाम: सकीउददीन मकान संख्या : 136 फोटो उपलब्ध है आयु : 56 लिंग : महिला,0.0235
521,मुन्रा,father,अज़ीज़,136,56,Male,CTV3134178,,,N,N,main,,2026-EROLLGEN-S24-86-SIR-FinalRoll-Revision1-HIN-17-WI.pdf,20,11,0.964,N,,नाम : मुन्रा पिता का नाम: अज़ीज़ मकान संख्या : 136 फोटो उपलब्ध है आयु : 56 लिंग : पुरुष,0.0243
522,रहाना,husband,महराजदीन,136,55,Female,CTV2658540,,,N,N,main,,2026-EROLLGEN-S24-86-SIR-FinalRoll-Revision1-HIN-17-WI.pdf,20,12,0.962,N,,नाम : रहाना पति का नाम: महराजदीन मकान संख्या : 136 फोटो उपलब्ध है आयु : 55 लिंग : महिला,0.0216
523,वकील,father,अज़ीज,136,53,Male,UP/70/355/0030080,,,N,N,main,,2026-EROLLGEN-S24-86-SIR-FinalRoll-Revision1-HIN-17-WI.pdf,20,13,0.961,N,,नाम : वकील पिता का नाम: अज़ीज मकान संख्या : 136 फोटो उपलब्ध है आयु: 53 लिंग : पुरुष,0.0191
524,सकील,father,अजीज,136,51,Male,UP/70/355/0030081,,,N,N,main,,2026-EROLLGEN-S24-86-SIR-FinalRoll-Revision1-HIN-17-WI.pdf,20,14,0.964,N,,नाम : सकील पिता का नाम: अजीज मकान संख्या : 136 फोटो उपलब्ध है आयु : 51 लिंग : पुरुष,0.0229
525,केशर,husband,मकसुअल,136,50,Female,CTV3318631,,,N,N,main,,2026-EROLLGEN-S24-86-SIR-FinalRoll-Revision1-HIN-17-WI.pdf,20,15,0.976,N,,नाम : केशर पति का नाम: मकसुअल मकान संख्या : 136 फोटो उपलब्ध है आयु : 50 लिंग : महिला,0.0171
526,पप्पू,father,चिरागुद्वीन,136,४4,Male,CTV3134152,,,N,N,main,,2026-EROLLGEN-S24-86-SIR-FinalRoll-Revision1-HIN-17-WI.pdf,20,16,0.96,N,,नाम : पप्पू पिता का नाम: चिरागुद्वीन मकान संख्या : 136 फोटो उपलब्ध है आयु : ४4 लिंग : पुरुष,0.0239
527,सीमा,husband,वकील,136,४3,Female,CTV3134111,,,N,N,main,,2026-EROLLGEN-S24-86-SIR-FinalRoll-Revision1-HIN-17-WI.pdf,20,17,0.983,N,,नाम : सीमा पति का नाम: वकील मकान संख्या : 136 फोटो उपलब्ध है आयु : ४3 लिंग : महिला,0.0261
528,रेश्मा,husband,पप्पू,136,४२,Female,CTV3309010,,,N,N,main,,2026-EROLLGEN-S24-86-SIR-FinalRoll-Revision1-HIN-17-WI.pdf,20,18,0.948,N,,नाम : रेश्मा पति का नाम: पप्पू मकान संख्या : 136 फोटो उपलब्ध है आयु : ४२ लिंग : महिला,0.0227
529,भोलू,father,चिरागु्ीन,136,38,Male,CTV3166113,,,N,N,main,,2026-EROLLGEN-S24-86-SIR-FinalRoll-Revision1-HIN-17-WI.pdf,20,19,0.975,N,,नाम : भोलू पिता का नाम: चिरागु्ीन फोटो उपलब्ध है मकान संख्या : 136 आयु : 38 लिंग : पुरुष,0.022
530,नकिम,father,शकील,136,37,Male,ZSY0230441,,,N,N,main,,2026-EROLLGEN-S24-86-SIR-FinalRoll-Revision1-HIN-17-WI.pdf,20,20,0.984,N,,नाम : नकिम पिता का नाम: शकील फोटो उपलब्ध है मकान संख्या : 136 आयु : 37 लिंग : पुरुष,0.0249
531,असलम,father,श्री चिरागुद्वीन,136,37,Male,ZSY0237206,,,N,N,main,,2026-EROLLGEN-S24-86-SIR-FinalRoll-Revision1-HIN-17-WI.pdf,20,21,0.957,N,,नाम : असलम पिता का नाम: श्री चिरागुद्वीन फोटो उपलब्ध है मकान संख्या : 136 आयु : 37 लिंग : पुरुष,0.023
532,कदीर कुरेशी,father,शकील कुरेशी,136,37,Male,ZSY2512317,,,N,N,main,,2026-EROLLGEN-S24-86-SIR-FinalRoll-Revision1-HIN-17-WI.pdf,20,22,0.971,N,,नाम : कदीर कुरेशी पिता का नाम: शकील कुरेशी मकान संख्या : 136 फोटो उपलब्ध है आयु : 37 लिंग : पुरुष,0.0257
533,अकरम,father,मेहराजउद्टीन,136,33,Male,ZSY0976548,,,N,N,main,,2026-EROLLGEN-S24-86-SIR-FinalRoll-Revision1-HIN-17-WI.pdf,20,23,0.967,N,,नाम : अकरम पिता का नाम: मेहराजउद्टीन मकान संख्या : 136 फोटो उपलब्थ है आयु : 33 लिंग : पुरुष,0.0273
534,चांदनी,husband,क्रादिर कुरेशी,136,२9,Female,ZSY3427531,,,N,N,main,,2026-EROLLGEN-S24-86-SIR-FinalRoll-Revision1-HIN-17-WI.pdf,20,24,0.968,N,,नाम : चांदनी पति का नाम: क्रादिर कुरेशी मकान संख्या : 136 फोटो उपलब्थ है आयु : २9 लिंग : महिला,0.0234
535,साहिल,father,मुत्ञा,136,22,Male,ZSY3465374,,,N,N,main,,2026-EROLLGEN-S24-86-SIR-FinalRoll-Revision1-HIN-17-WI.pdf,20,25,0.964,N,,नाम : साहिल पिता का नाम: मुत्ञा मकान संख्या : 136 फोटो उपलब्ध है आयु : 22 लिंग : पुरुष,0.023
536,गुडिया,father,शकील,00,32,Female,ZSY1568161,,,N,N,main,,2026-EROLLGEN-S24-86-SIR-FinalRoll-Revision1-HIN-17-WI.pdf,20,26,0.959,N,,नाम : गुडिया पिता का नाम: शकील मकान संख्या : 00 फोटो उपलब्ध है आयु : 32 लिंग : महिला,0.0272
537,मखमल,husband,मुत्रा,138,६7,Female,CTV2044931,,,N,N,main,,2026-EROLLGEN-S24-86-SIR-FinalRoll-Revision1-HIN-17-WI.pdf,20,27,0.958,N,,नाम : मखमल पति का नाम: मुत्रा मकान संख्या : 138 फोटो उपलब्ध है आयु : ६7 लिंग : महिला,0.0228
538,नकीम,father,मुन्ना,१३८,45,Male,ZSY1946318,,,N,N,main,,2026-EROLLGEN-S24-86-SIR-FinalRoll-Revision1-HIN-17-WI.pdf,20,28,0.962,N,,नाम : नकीम पिता का नाम: मुन्ना मकान संख्या : १३८ फोटो उपलब्ध है आयु: 45 लिंग : पुरुष,0.0173
539,मुनब्बर,husband,नकीम,१३८,४2,Female,ZSY1946359,,,N,N,main,,2026-EROLLGEN-S24-86-SIR-FinalRoll-Revision1-HIN-17-WI.pdf,20,29,0.966,N,,नाम : मुनब्बर पति का नाम: नकीम मकान संख्या : १३८ फोटो उपलब्ध है आयु : ४2 लिंग : महिला,0.022
540,सायरा,husband,मुकीम,१३८,४०,Female,ZSY1946326,,,N,N,main,,2026-EROLLGEN-S24-86-SIR-FinalRoll-Revision1-HIN-17-WI.pdf,20,30,0.953,N,,नाम : सायरा पति का नाम: मुकीम मकान संख्या : १३८ फोटो उपलब्थ है आयु : ४० लिंग : महिला,0.0171
541,बन्टू,father,मुत्ता,138,38,Male,ZSY0230516,,,N,N,main,,2026-EROLLGEN-S24-86-SIR-FinalRoll-Revision1-HIN-17-WI.pdf,21,1,0.956,N,,नाम : बन्टू पिता का नाम: मुत्ता मकान संख्या : 138 फोटो उपलब्थ है आयु: 38 लिंग : पुरुष,0.021
542,गुडडा,father,मुस्ताक,००,36,Male,ZSY1567239,,,N,N,main,,2026-EROLLGEN-S24-86-SIR-FinalRoll-Revision1-HIN-17-WI.pdf,21,2,0.951,N,,नाम : गुडडा पिता का नाम: मुस्ताक मकान संख्या : ०० फोटो उपलब्थ है आयु : 36 लिंग : पुरुष,0.0255
543,साकिर,father,स्व.मुत्रा,138,35,Male,ZSY0976563,,,N,N,main,,2026-EROLLGEN-S24-86-SIR-FinalRoll-Revision1-HIN-17-WI.pdf,21,3,0.94,N,,नाम : साकिर पिता का नाम: स्व.मुत्रा मकान संख्या : 138 फोटो उपलब्थ है[ आयु : 35 लिं : पुरुष,0.0221
544,साविर माता मखवल,,,138,31,Female,ZSY3427721,,,N,N,main,,2026-EROLLGEN-S24-86-SIR-FinalRoll-Revision1-HIN-17-WI.pdf,21,4,0.978,Y,missing_fields,नाम : साविर माता का नाम: मखवल मकान संख्या : 138 फोटो उपलब्ध है आयु : 31 लिंग : महिला,0.0229
545,सौनम,father,मंसूर,139,27,Female,ZSY3427788,,,N,N,main,,2026-EROLLGEN-S24-86-SIR-FinalRoll-Revision1-HIN-17-WI.pdf,21,5,0.97,N,,नाम : सौनम पिता का नाम: मंसूर मकान संख्या : 139 फोटो उपलब्ध है आयु : 27 लिंग : महिला,0.0264
546,मिस्टर,father,मंसूर,139,२5,Female,ZSY2335628,,,N,N,main,,2026-EROLLGEN-S24-86-SIR-FinalRoll-Revision1-HIN-17-WI.pdf,21,6,0.957,N,,नाम : मिस्टर पिता का नाम: मंसूर मकान संख्या : 139 फोटो उपलब्ध है[ आयु : २5 लिंग : महिला,0.0223
547,ईशुब,father,मिन्नी,140,35,Male,ZSY1264209,,,N,N,main,,2026-EROLLGEN-S24-86-SIR-FinalRoll-Revision1-HIN-17-WI.pdf,21,7,0.962,N,,नाम : ईशुब पिता का नाम: मिन्नी फोटो उपलब्ध है मकान संख्या : 140 आयु: 35 लिंग : पुरुष,0.0174
548,सलमान,father,मिन्नी,140,33,Male,ZSY1264365,,,N,N,main,,2026-EROLLGEN-S24-86-SIR-FinalRoll-Revision1-HIN-17-WI.pdf,21,8,0.97,N,,नाम : सलमान पिता का नाम: मिन्नी फोटो उपलब्ध है मकान संख्या : 140 आयु : 33 लिंग : पुरुष,0.0219
549,फईम,father,मुत्रा खान,140,30,Male,ZSY2853521,,,N,N,main,,2026-EROLLGEN-S24-86-SIR-FinalRoll-Revision1-HIN-17-WI.pdf,21,9,0.96,N,,नाम : फईम पिता का नाम: मुत्रा खान फोटो उपलब्थ है मकान संख्या : 140 आयु : 30 लिंग : पुरुष,0.0177
550,सत्तार,father,इलाहीबक्स,140/472,55,Male,ZSY1600204,,,N,N,main,,2026-EROLLGEN-S24-86-SIR-FinalRoll-Revision1-HIN-17-WI.pdf,21,10,0.974,N,,नाम : सत्तार पिता का नाम: इलाहीबक्स मकान संख्या : 140/472 फोटो उपलब्ध है आयु : 55 लिंग : पुरुष,0.0237
551,अमीना,husband,सत्तार,140/472,52,Female,ZSY1600212,,,N,N,main,,2026-EROLLGEN-S24-86-SIR-FinalRoll-Revision1-HIN-17-WI.pdf,21,11,0.974,N,,नाम : अमीना पति का नाम: सत्तार मकान संख्या : 140/472 फोटो उपलब्ध है आयु : 52 लिंग महिला,0.0245
552,मुत्री,husband,जाकिर,140/472,33,Female,ZSY2613008,,,N,N,main,,2026-EROLLGEN-S24-86-SIR-FinalRoll-Revision1-HIN-17-WI.pdf,21,12,0.952,N,,नाम : मुत्री पति का नाम: जाकिर मकान संख्या : 140/472 फोटो उपलब्ध है आयु : 33 लिंग : महिला,0.0227
553,सरवरी,husband,भूरा,142,73,Female,CTV2884716,,,N,N,main,,2026-EROLLGEN-S24-86-SIR-FinalRoll-Revision1-HIN-17-WI.pdf,21,13,0.959,N,,नाम : सरवरी पति का नाम: भूरा मकान संख्या : 142 फोटो उपलब्ध है आयु: 73 लिंग : महिला,0.0167
554,रोनक,husband,मुशीर,,,,ZSY3704061,R,repeated (पुनरावृत्ति),Y,Y,main,,2026-EROLLGEN-S24-86-SIR-FinalRoll-Revision1-HIN-17-WI.pdf,21,14,0.958,Y,missing_fields,नाम : रोनक पति का नाम: मुशीर फोटो उपलब्ध है,0.0339
555,सोहिल,father,भूरा,142,20,Male,ZSY3704236,,,N,N,main,,2026-EROLLGEN-S24-86-SIR-FinalRoll-Revision1-HIN-17-WI.pdf,21,15,0.96,N,,नाम : सोहिल पिता का नाम: भूरा मकान संख्या : 142 फोटो उपलब्ध है आयु : 20 लिंग : पुरुष,0.0169
556,गुलजार,father,श्री नन्हे खां,143,51,Male,ZSY0230524,,,N,N,main,,2026-EROLLGEN-S24-86-SIR-FinalRoll-Revision1-HIN-17-WI.pdf,21,16,0.968,N,,नाम : गुलजार पिता का नाम: श्री नन्हे खां मकान संख्या : 143 फोटो उपलब्ध है आयु : 51 लिंग : पुरुष,0.025
557,रेहना,husband,गुलजार खाँ,143,४5,Female,ZSY0237255,,,N,N,main,,2026-EROLLGEN-S24-86-SIR-FinalRoll-Revision1-HIN-17-WI.pdf,21,17,0.969,N,,नाम : रेहना पति का नाम: गुलजार खाँ मकान संख्या : 143 फोटो उपलब्ध है आयु : ४5 लिंग महिला,0.0276
558,कु नाज़,father,सलीम खान,143,२5,Female,ZSY3862745,,,N,N,main,,2026-EROLLGEN-S24-86-SIR-FinalRoll-Revision1-HIN-17-WI.pdf,21,18,0.965,N,,नाम : कु नाज़ पिता का नाम: सलीम खान मकान संख्या : 143 फोटो उपलब्ध है आयु : २5 लिंग महिला,0.0244
559,मुस्कान,father,गुलजार,143,२2,Female,ZSY3856234,,,N,N,main,,2026-EROLLGEN-S24-86-SIR-FinalRoll-Revision1-HIN-17-WI.pdf,21,19,0.968,N,,नाम : मुस्कान पिता का नाम: गुलजार फोटो उपलब्ध है मकान संख्या : 143 आयु : २2 लिंग : महिला,0.0225
560,अरवाज़ खान,father,सलीम खान,143,22,Male,ZSY3862836,,,N,N,main,,2026-EROLLGEN-S24-86-SIR-FinalRoll-Revision1-HIN-17-WI.pdf,21,20,0.978,N,,नाम : अरवाज़ खान पिता का नाम: सलीम खान फोटो उपलब्ध है मकान संख्या : 143 आयु : 22 लिंग : पुरुष,0.0276
561,सोनम,father,गुलजार,143,२0,Female,ZSY3844925,,,N,N,main,,2026-EROLLGEN-S24-86-SIR-FinalRoll-Revision1-HIN-17-WI.pdf,21,21,0.957,N,,नाम : सोनम पिता का नाम: गुलजार फोटो उपलब्ध है मकान संख्या : 143 आयु : २0 लिंग : महिला,0.0217
562,सूरज सिंह अन्य: नन्नू मल,,,144,91,Male,CTV2890200,,,N,N,main,,2026-EROLLGEN-S24-86-SIR-FinalRoll-Revision1-HIN-17-WI.pdf,21,22,0.96,Y,missing_fields,नाम : सूरज सिंह अन्य: नन्नू मल मकान संख्या : 144 फोटो उपलब्ध है आयु : 91 लिंग : पुरुष,0.023
563,बन्रो,father,हकीम,144,76,Male,CTV2888501,,,N,N,main,,2026-EROLLGEN-S24-86-SIR-FinalRoll-Revision1-HIN-17-WI.pdf,21,23,0.947,N,,नाम : बन्रो पिता का नाम: हकीम मकान संख्या : 144 फोटो उपलब्ध है[ आयु : 76 लिंग : पुरुष,0.0249
564,शाबरा,husband,मुन्ना,144,7४,Female,ZSY1687615,,,N,N,main,,2026-EROLLGEN-S24-86-SIR-FinalRoll-Revision1-HIN-17-WI.pdf,21,24,0.964,N,,नाम : शाबरा पति का नाम: मुन्ना मकान संख्या : 144 फोटो उपलब्थ है[ आयु: 7४ लिंग : महिला,0.0216
565,लच्छो,husband,बत्रो,144,73,Female,CTV2885549,,,N,N,main,,2026-EROLLGEN-S24-86-SIR-FinalRoll-Revision1-HIN-17-WI.pdf,21,25,0.966,N,,नाम : लच्छो पति का नाम: बत्रो मकान संख्या : 144 फोटो उपलब्ध है आयु : 73 लिंग : महिला,0.0232
566,राजेन्द्र सिंह,father,बादाम सिंह,144,68,Male,ZSY0245910,,,N,N,main,,2026-EROLLGEN-S24-86-SIR-FinalRoll-Revision1-HIN-17-WI.pdf,21,26,0.955,N,,नाम : राजेन्द्र सिंह पिता का नाम: बादाम सिंह मकान संख्या : 144 फोटो उपलब्ध है आयु : 68 लिंग : पुरुष,0.0287
567,चन्द्रवती,husband,राजेन्द्र सिंह,144,56,Female,ZSY0245951,,,N,N,main,,2026-EROLLGEN-S24-86-SIR-FinalRoll-Revision1-HIN-17-WI.pdf,21,27,0.964,N,,नाम : चन्द्रवती पति का नाम: राजेन्द्र सिंह मकान संख्या : 144 फोटो उपलब्ध है आयु : 56 लिंग : महिला,0.0252
568,विद्या,husband,जगदीश,144,56,Female,CTV2886455,,,N,N,main,,2026-EROLLGEN-S24-86-SIR-FinalRoll-Revision1-HIN-17-WI.pdf,21,28,0.96,N,,नाम : विद्या पति का नाम: जगदीश मकान संख्या : 144 फोटो उपलब्थ है आयु: 56 लिंग : महिला,0.0184
569,पुष्पा देवी,husband,चन्द्रवीर सिंह,१४४,54,Female,ZSY1947670,,,N,N,main,,2026-EROLLGEN-S24-86-SIR-FinalRoll-Revision1-HIN-17-WI.pdf,21,29,0.947,N,,नाम : पुष्पा देवी पति का नाम: चन्द्रवीर सिंह मकान संख्या : १४४ फोटो उपलब्ध है आयु : 54 लिंग : महिला,0.0237
570,खूवीराम अन्य: डमू वर सिंह,,,144,51,Male,CTV2687556,,,N,N,main,,2026-EROLLGEN-S24-86-SIR-FinalRoll-Revision1-HIN-17-WI.pdf,21,30,0.96,Y,missing_fields,नाम : खूवीराम अन्य: डमू वर सिंह मकान संख्या : 144 फोटो उपलब्ध है आयु : 51 लिंग : पुरुष,0.0174
571,रहाना,husband,आमीन,144,51,Female,ZSY2512333,,,N,N,main,,2026-EROLLGEN-S24-86-SIR-FinalRoll-Revision1-HIN-17-WI.pdf,22,1,0.977,N,,नाम : रहाना पति का नाम: आमीन मकान संख्या : 144 फोटो उपलब्थ है आयु: 51 लिंग : महिला,0.0216
572,राजेश देवी,husband,जाफुर,144,51,Female,ZSY2613081,,,N,N,main,,2026-EROLLGEN-S24-86-SIR-FinalRoll-Revision1-HIN-17-WI.pdf,22,2,0.975,N,,नाम : राजेश देवी पति का नाम: जाफुर मकान संख्या : 144 फोटो उपलब्थ है आयु : 51 लिंग : महिला,0.0258
573,सन्तोष,husband,वीरेन्र सिंह,144,४8,Female,ZSY0245894,,,N,N,main,,2026-EROLLGEN-S24-86-SIR-FinalRoll-Revision1-HIN-17-WI.pdf,22,3,0.942,N,,नाम : सन्तोष पति का नाम: वीरेन्र सिंह मकान संख्या : 144 फोटो उपलब्थ है आयु : ४8 लिंग : महिला,0.0224
574,धमैन्र सिंह,father,राजेन्द्र सिंह,144,41,Male,ZSY0245928,,,N,N,main,,2026-EROLLGEN-S24-86-SIR-FinalRoll-Revision1-HIN-17-WI.pdf,22,4,0.955,N,,नाम : धमैन्र सिंह पिता का नाम: राजेन्द्र सिंह मकान संख्या : 144 फोटो उपलब्ध है आयु : 41 लिंग : पुरुष,0.0243
575,श्रीमती धीरज सिंह,husband,धमेन्र सिंह,1४4,४०,Female,ZSY0245936,,,N,N,main,,2026-EROLLGEN-S24-86-SIR-FinalRoll-Revision1-HIN-17-WI.pdf,22,5,0.961,N,,नाम : श्रीमती धीरज सिंह पति का नाम: धमेन्र सिंह मकान संख्या : 1४4 फोटो उपलब्ध है आयु : ४० लिंग : महिला,0.0295
576,आमीन खान,father,स्व. नूर मोहम्मद,144,39,Male,ZSY0976365,,,N,N,main,,2026-EROLLGEN-S24-86-SIR-FinalRoll-Revision1-HIN-17-WI.pdf,22,6,0.968,N,,नाम : आमीन खान पिता का नाम: स्व. नूर मोहम्मद मकान संख्या : 144 फोटो उपलब्ध है[ आयु : 39 लिंग : पुरुष,0.0254
577,कर्मवीर सिंह,father,राजेन्द्र सिंह,144,38,Male,ZSY0245944,,,N,N,main,,2026-EROLLGEN-S24-86-SIR-FinalRoll-Revision1-HIN-17-WI.pdf,22,7,0.952,N,,नाम : कर्मवीर सिंह पिता का नाम: राजेन्द्र सिंह फोटो उपलब्ध है मकान संख्या : 144 आयु : 38 लिंग : पुरुष,0.0192
578,जाकिर,father,चुज्ञा खाँ,144,38,Male,ZSY0562868,,,N,N,main,,2026-EROLLGEN-S24-86-SIR-FinalRoll-Revision1-HIN-17-WI.pdf,22,8,0.953,N,,नाम : जाकिर पिता का नाम: चुज्ञा खाँ फोटो उपलब्ध है मकान संख्या : 144 आयु : 38 लिंग : पुरुष,0.0216
579,जाविद,father,चुत्रा,144,37,Male,CTV4608295,,,N,N,main,,2026-EROLLGEN-S24-86-SIR-FinalRoll-Revision1-HIN-17-WI.pdf,22,9,0.964,N,,नाम : जाविद पिता का नाम: चुत्रा फोटो उपलब्थ है मकान संख्या : 144 आयु : 37 लिंग : पुरुष,0.0164
580,आजाद,father,नूर मोहम्मद,144,35,Male,ZSY0562934,,,N,N,main,,2026-EROLLGEN-S24-86-SIR-FinalRoll-Revision1-HIN-17-WI.pdf,22,10,0.971,N,,नाम : आजाद पिता का नाम: नूर मोहम्मद मकान संख्या : 144 फोटो उपलब्ध है आयु : 35 लिंग : पुरुष,0.0229
581,प्रीति जुरेल,husband,कर्मवीर सिंह,144,35,Female,ZSY2613057,,,N,N,main,,2026-EROLLGEN-S24-86-SIR-FinalRoll-Revision1-HIN-17-WI.pdf,22,11,0.963,N,,नाम : प्रीति जुरेल पति का नाम: कर्मवीर सिंह मकान संख्या : 144 फोटो उपलब्ध है आयु : 35 लिंग : महिला,0.027
582,साकिर अहमद,father,चुत्रा,144,34,Male,ZSY0976456,,,N,N,main,,2026-EROLLGEN-S24-86-SIR-FinalRoll-Revision1-HIN-17-WI.pdf,22,12,0.961,N,,नाम : साकिर अहमद पिता का नाम: चुत्रा मकान संख्या : 144 फोटो उपलब्ध है आयु : 34 लिंग : पुरुष,0.0216
583,गुडिया,husband,बल्लू खां,144,33,Female,ZSY2613024,,,N,N,main,,2026-EROLLGEN-S24-86-SIR-FinalRoll-Revision1-HIN-17-WI.pdf,22,13,0.97,N,,नाम : गुडिया पति का नाम: बल्लू खां मकान संख्या : 144 फोटो उपलब्ध है आयु : 33 लिंग : महिला,0.0176
584,सुल्ताना,father,चुज्ञा,14४,30,Female,ZSY3092251,,,N,N,main,,2026-EROLLGEN-S24-86-SIR-FinalRoll-Revision1-HIN-17-WI.pdf,22,14,0.961,N,,नाम : सुल्ताना पिता का नाम: चुज्ञा मकान संख्या : 14४ फोटो उपलब्ध है आयु : 30 लिंग : महिला,0.021
585,अफसाना,husband,यूनूस खांन,144,29,Female,ZSY2613032,,,N,N,main,,2026-EROLLGEN-S24-86-SIR-FinalRoll-Revision1-HIN-17-WI.pdf,22,15,0.96,N,,नाम : अफसाना पति का नाम: यूनूस खांन मकान संख्या : 144 फोटो उपलब्ध है आयु : 29 लिंग : महिला,0.0185
586,गौरव सिंह,father,चनद्रवीर सिंह,144,२28,Male,ZSY2614840,,,N,N,main,,2026-EROLLGEN-S24-86-SIR-FinalRoll-Revision1-HIN-17-WI.pdf,22,16,0.972,N,,नाम : गौरव सिंह पिता का नाम: चनद्रवीर सिंह मकान संख्या : 144 फोटो उपलब्ध है आयु : २28 लिंग : पुरुष,0.0258
587,आसिफ,father,बन्नेखान,144,25,Male,ZSY3092285,,,N,N,main,,2026-EROLLGEN-S24-86-SIR-FinalRoll-Revision1-HIN-17-WI.pdf,22,17,0.968,N,,नाम : आसिफ पिता का नाम: बन्नेखान मकान संख्या : 144 फोटो उपलब्ध है आयु : 25 लिंग : पुरुष,0.0267
588,नसरीन,father,बन्ने खान,144,२४,Female,ZSY3232287,,,N,N,main,,2026-EROLLGEN-S24-86-SIR-FinalRoll-Revision1-HIN-17-WI.pdf,22,18,0.957,N,,नाम : नसरीन पिता का नाम: बन्ने खान मकान संख्या : 144 फोटो उपलब्ध है आयु : २४ लिंग : महिला,0.0239
589,रूबी,husband,कासिम,144/80,४२,Female,ZSY1600006,,,N,N,main,,2026-EROLLGEN-S24-86-SIR-FinalRoll-Revision1-HIN-17-WI.pdf,22,19,0.957,N,,नाम : रूबी पति का नाम: कासिम फोटो उपलब्ध है मकान संख्या : 144/80 आयु : ४२ लिंग : महिला,0.0223
590,सिंधन बेगम,husband,नाजिम कुरैशी,144/80,39,Female,ZSY2613040,,,N,N,main,,2026-EROLLGEN-S24-86-SIR-FinalRoll-Revision1-HIN-17-WI.pdf,22,20,0.977,N,,नाम : सिंधन बेगम पति का नाम: नाजिम कुरैशी फोटो उपलब्ध है मकान संख्या : 144/80 आयु : 39 लिंग : महिला,0.0286
591,खालिद,father,जहीर,144/80,34,Male,ZSY1600014,,,N,N,main,,2026-EROLLGEN-S24-86-SIR-FinalRoll-Revision1-HIN-17-WI.pdf,22,21,0.966,N,,नाम : खालिद पिता का नाम: जहीर फोटो उपलब्ध है मकान संख्या : 144/80 आयु : 34 लिंग : पुरुष,0.021
592,आविद अहमद,father,चुत्रा,144/685,33,Male,ZSY0976449,,,N,N,main,,2026-EROLLGEN-S24-86-SIR-FinalRoll-Revision1-HIN-17-WI.pdf,22,22,0.954,N,,नाम : आविद अहमद पिता का नाम: चुत्रा मकान संख्या : 144/685 फोटो उपलब्ध है आयु : 33 लिंग : पुरुष,0.0258
593,मजीद,father,नुरमुहम्मद,145,31,Male,ZSY0742676,,,N,N,main,,2026-EROLLGEN-S24-86-SIR-FinalRoll-Revision1-HIN-17-WI.pdf,22,23,0.97,N,,नाम : मजीद पिता का नाम: नुरमुहम्मद मकान संख्या : 145 फोटो उपलब्थ है आयु : 31 लिंग : पुरुष,0.0253
594,रिजवान,father,बबुआ,145,२९,Male,ZSY1945880,,,N,N,main,,2026-EROLLGEN-S24-86-SIR-FinalRoll-Revision1-HIN-17-WI.pdf,22,24,0.965,N,,नाम : रिजवान पिता का नाम: बबुआ मकान संख्या : 145 फोटो उपलब्थ है[ आयु : २९ लिंग : पुरुष,0.0215
595,जेैतून,husband,शहीद,147,58,Female,ZSY0497404,,,N,N,main,,2026-EROLLGEN-S24-86-SIR-FinalRoll-Revision1-HIN-17-WI.pdf,22,25,0.961,N,,नाम : जेैतून पति का नाम: शहीद मकान संख्या : 147 फोटो उपलब्ध है[ आयु : 58 लिंग : महिला,0.0234
596,नूतन,husband,लाल मुहम्मद,149,71,Female,UP/70/355/0030084,,,N,N,main,,2026-EROLLGEN-S24-86-SIR-FinalRoll-Revision1-HIN-17-WI.pdf,22,26,0.973,N,,नाम : नूतन पति का नाम: लाल मुहम्मद मकान संख्या : 149 फोटो उपलब्ध है आयु : 71 लिंग : महिला,0.0296
597,मटरू खा,father,मुंशी,149,६69,Male,ZSY4352969,,,N,N,main,,2026-EROLLGEN-S24-86-SIR-FinalRoll-Revision1-HIN-17-WI.pdf,22,27,0.968,N,,नाम : मटरू खा पिता का नाम: मुंशी मकान संख्या : 149 फोटो उपलब्ध है आयु : ६69 लिंग : पुरुष,0.0238
598,मुबीना,husband,शाहिद,149,६3,Female,CTV3165859,,,N,N,main,,2026-EROLLGEN-S24-86-SIR-FinalRoll-Revision1-HIN-17-WI.pdf,22,28,0.972,N,,नाम : मुबीना पति का नाम: शाहिद मकान संख्या : 149 फोटो उपलब्थ है आयु : ६3 लिंग : महिला,0.0185
599,सितारा,husband,शरीफ,149,६1,Female,CTV2045508,,,N,N,main,,2026-EROLLGEN-S24-86-SIR-FinalRoll-Revision1-HIN-17-WI.pdf,22,29,0.976,N,,नाम : सितारा पति का नाम: शरीफ मकान संख्या : 149 फोटो उपलब्थ है आयु : ६1 लिंग : महिला,0.0225
600,सरीफ अन्य: वसीरा,,,149,४९,Male,CTV1607928,,,N,N,main,,2026-EROLLGEN-S24-86-SIR-FinalRoll-Revision1-HIN-17-WI.pdf,22,30,0.972,Y,missing_fields,नाम : सरीफ अन्य: वसीरा मकान संख्या : 149 फोटो उपलब्थ है आयु : ४९ लिंग : पुरुष,0.0156
601,आविद खा,father,वसरुद्टीन,149,49,Male,CTV4608279,,,N,N,main,,2026-EROLLGEN-S24-86-SIR-FinalRoll-Revision1-HIN-17-WI.pdf,23,1,0.966,N,,नाम : आविद खा पिता का नाम: वसरुद्टीन मकान संख्या : 149 फोटो उपलब्थ है आयु : 49 लिंग : पुरुष,0.0233
602,कदीर,father,लाल मुहम्मद,149,48,Male,ZSY0230490,,,N,N,main,,2026-EROLLGEN-S24-86-SIR-FinalRoll-Revision1-HIN-17-WI.pdf,23,2,0.955,N,,नाम : कदीर पिता का नाम: लाल मुहम्मद मकान संख्या : 149 फोटो उपलब्थ है आयु : 48 लिंग : पुरुष,0.0259
603,बुलबुल,husband,आबिद,149,४7,Female,ZSY0207605,,,N,N,main,,2026-EROLLGEN-S24-86-SIR-FinalRoll-Revision1-HIN-17-WI.pdf,23,3,0.958,N,,नाम : बुलबुल पति का नाम: आबिद मकान संख्या : 149 फोटो उपलब्थ है आयु : ४7 लिंग : महिला,0.0225
604,शाहिद,father,वसीरा,149,४5,Male,CTV2045482,,,N,N,main,,2026-EROLLGEN-S24-86-SIR-FinalRoll-Revision1-HIN-17-WI.pdf,23,4,0.966,N,,नाम : शाहिद पिता का नाम: वसीरा मकान संख्या : 149 फोटो उपलब्ध है आयु : ४5 लिंग : पुरुष,0.0223
605,शकील,father,वसीर खा,149,4५5,Male,CTV4608311,,,N,N,main,,2026-EROLLGEN-S24-86-SIR-FinalRoll-Revision1-HIN-17-WI.pdf,23,5,0.965,N,,नाम : शकील पिता का नाम: वसीर खा मकान संख्या : 149 फोटो उपलब्ध है आयु : 4५5 लिंग : पुरुष,0.026
606,प्पू,father,वसर्दीन,149,४5,Male,CTV4608352,,,N,N,main,,2026-EROLLGEN-S24-86-SIR-FinalRoll-Revision1-HIN-17-WI.pdf,23,6,0.951,N,,नाम : प्पू पिता का नाम: वसर्दीन मकान संख्या : 149 फोटो उपलब्ध है आयु : ४5 लिंग : पुरुष,0.0222
607,फ्रैजू,father,छोटे खा,149,4४,Male,CTV4608253,,,N,N,main,,2026-EROLLGEN-S24-86-SIR-FinalRoll-Revision1-HIN-17-WI.pdf,23,7,0.952,N,,नाम : फ्रैजू पिता का नाम: छोटे खा फोटो उपलब्ध है मकान संख्या : 149 आयु: 4४ लिंग : पुरुष,0.0182
608,तरन्नम बेगम,husband,फ्रैजू,149,४2,Female,CTV4608246,,,N,N,main,,2026-EROLLGEN-S24-86-SIR-FinalRoll-Revision1-HIN-17-WI.pdf,23,8,0.956,N,,नाम : तरन्नम बेगम पति का नाम: फ्रैजू फोटो उपलब्ध है मकान संख्या : 149 आयु : ४2 लिंग : महिला,0.0222
609,तस्लीम बेगम,husband,जहीर,149,४1,Female,ZSY0230474,,,N,N,main,,2026-EROLLGEN-S24-86-SIR-FinalRoll-Revision1-HIN-17-WI.pdf,23,9,0.961,N,,नाम : तस्लीम बेगम पति का नाम: जहीर फोटो उपलब्थ है मकान संख्या : 149 आयु : ४1 लिंग : महिला,0.0184
610,कलुआ,father,छोटे खां,149,४0,Male,CTV4608261,,,N,N,main,,2026-EROLLGEN-S24-86-SIR-FinalRoll-Revision1-HIN-17-WI.pdf,23,10,0.965,N,,नाम : कलुआ पिता का नाम: छोटे खां मकान संख्या : 149 फोटो उपलब्ध है आयु : ४0 लिंग : पुरुष,0.0222
611,अफसाना,husband,साहिद,149,39,Female,CTV4608287,,,N,N,main,,2026-EROLLGEN-S24-86-SIR-FinalRoll-Revision1-HIN-17-WI.pdf,23,11,0.971,N,,नाम : अफसाना पति का नाम: साहिद मकान संख्या : 149 फोटो उपलब्ध है आयु : 39 लिंग महिला,0.0249
612,जरीना,husband,जावेद,149,38,Female,ZSY2614808,,,N,N,main,,2026-EROLLGEN-S24-86-SIR-FinalRoll-Revision1-HIN-17-WI.pdf,23,12,0.939,N,,नाम : जरीना पति का नाम: जावेद मकान संख्या : 149 फोटो उपलब्ध है आयु : 38 लिंग : महिला,0.0209
613,जहीर,father,लाल मुहम्मद,149,37,Male,ZSY0230508,,,N,N,main,,2026-EROLLGEN-S24-86-SIR-FinalRoll-Revision1-HIN-17-WI.pdf,23,13,0.977,N,,नाम : जहीर पिता का नाम: लाल मुहम्मद मकान संख्या : 149 फोटो उपलब्ध है आयु: 37 लिंग : पुरुष,0.0187
614,अजीम,father,लाल मुहम्मद,149,36,Male,ZSY0230482,,,N,N,main,,2026-EROLLGEN-S24-86-SIR-FinalRoll-Revision1-HIN-17-WI.pdf,23,14,0.96,N,,नाम : अजीम पिता का नाम: लाल मुहम्मद मकान संख्या : 149 फोटो उपलब्ध है आयु : 36 लिंग : पुरुष,0.0223
615,बसीम,father,रशीद खान,149,35,Male,CTV4608329,,,N,N,main,,2026-EROLLGEN-S24-86-SIR-FinalRoll-Revision1-HIN-17-WI.pdf,23,15,0.972,N,,नाम : बसीम पिता का नाम: रशीद खान मकान संख्या : 149 फोटो उपलब्ध है आयु : 35 लिंग : पुरुष,0.0168
616,सीमा,husband,दानिश,149,35,Female,ZSY3091568,,,N,N,main,,2026-EROLLGEN-S24-86-SIR-FinalRoll-Revision1-HIN-17-WI.pdf,23,16,0.974,N,,नाम : सीमा पति का नाम: दानिश मकान संख्या : 149 फोटो उपलब्ध है आयु : 35 लिंग : महिला,0.0231
617,रिहाना,father,अजीम,१४९,3४4,Female,ZSY1947217,,,N,N,main,,2026-EROLLGEN-S24-86-SIR-FinalRoll-Revision1-HIN-17-WI.pdf,23,17,0.971,N,,नाम : रिहाना पिता का नाम: अजीम मकान संख्या : १४९ फोटो उपलब्ध है आयु : 3४4 लिंग : महिला,0.0264
618,लुवना,husband,पप्पू,149,3४,Female,ZSY2614790,,,N,N,main,,2026-EROLLGEN-S24-86-SIR-FinalRoll-Revision1-HIN-17-WI.pdf,23,18,0.961,N,,नाम : लुवना पति का नाम: पप्पू मकान संख्या : 149 फोटो उपलब्ध है आयु : 3४ लिंग : महिला,0.0225
619,शमा,husband,बसीम,149,32,Female,ZSY2614758,,,N,N,main,,2026-EROLLGEN-S24-86-SIR-FinalRoll-Revision1-HIN-17-WI.pdf,23,19,0.977,N,,नाम : शमा पति का नाम: बसीम फोटो उपलब्ध है मकान संख्या : 149 आयु : 32 लिंग : महिला,0.0207
620,दानिश,father,जमील,१४९,31,Male,ZSY2865582,,,N,N,main,,2026-EROLLGEN-S24-86-SIR-FinalRoll-Revision1-HIN-17-WI.pdf,23,20,0.985,N,,नाम : दानिश पिता का नाम: जमील फोटो उपलब्ध है मकान संख्या : १४९ आयु : 31 लिंग : पुरुष,0.0255
621,नाजिम,father,जमील,१४९,28,Male,ZSY2860286,,,N,N,main,,2026-EROLLGEN-S24-86-SIR-FinalRoll-Revision1-HIN-17-WI.pdf,23,21,0.964,N,,नाम : नाजिम पिता का नाम: जमील फोटो उपलब्ध है मकान संख्या : १४९ आयु : 28 लिंग : पुरुष,0.0209
622,सादान,father,जमील,१४९,25,Male,ZSY2865574,,,N,N,main,,2026-EROLLGEN-S24-86-SIR-FinalRoll-Revision1-HIN-17-WI.pdf,23,22,0.978,N,,नाम : सादान पिता का नाम: जमील मकान संख्या : १४९ फोटो उपलब्ध है आयु : 25 लिंग : पुरुष,0.0225
623,अखतरी,husband,रहीस,00,४47,Female,ZSY1566751,,,N,N,main,,2026-EROLLGEN-S24-86-SIR-FinalRoll-Revision1-HIN-17-WI.pdf,23,23,0.962,N,,नाम : अखतरी पति का नाम: रहीस मकान संख्या : 00 फोटो उपलब्थ है आयु : ४47 लिंग : महिला,0.026
624,मुल्ला,father,भोला,150,६4,Male,UP/70/355/0030090,,,N,N,main,,2026-EROLLGEN-S24-86-SIR-FinalRoll-Revision1-HIN-17-WI.pdf,23,24,0.967,N,,नाम : मुल्ला पिता का नाम: भोला मकान संख्या : 150 फोटो उपलब्थ है[ आयु : ६4 लिंग : पुरुष,0.0236
625,मुवारीक,father,साबिर,150,४४,Male,ZSY2192706,,,N,N,main,,2026-EROLLGEN-S24-86-SIR-FinalRoll-Revision1-HIN-17-WI.pdf,23,25,0.962,N,,नाम : मुवारीक पिता का नाम: साबिर मकान संख्या : 150 फोटो उपलब्ध है आयु : ४४ लिंग : पुरुष,0.0241
626,गुडिया,husband,मुबारिक,150,35,Female,ZSY2613099,,,N,N,main,,2026-EROLLGEN-S24-86-SIR-FinalRoll-Revision1-HIN-17-WI.pdf,23,26,0.97,N,,नाम : गुडिया पति का नाम: मुबारिक मकान संख्या : 150 फोटो उपलब्ध है आयु : 35 लिंग : महिला,0.0278
627,समीना,father,मुत्रा,150,२6,Female,ZSY3091543,,,N,N,main,,2026-EROLLGEN-S24-86-SIR-FinalRoll-Revision1-HIN-17-WI.pdf,23,27,0.962,N,,नाम : समीना पिता का नाम: मुत्रा मकान संख्या : 150 फोटो उपलब्ध है आयु : २6 लिंग : महिला,0.0233
628,सोनिया,father,मुत्ता,150,2४,Female,ZSY3232279,,,N,N,main,,2026-EROLLGEN-S24-86-SIR-FinalRoll-Revision1-HIN-17-WI.pdf,23,28,0.961,N,,नाम : सोनिया पिता का नाम: मुत्ता मकान संख्या : 150 फोटो उपलब्थ है आयु: 2४ लिंग : महिला,0.0175
629,रिहान,father,मुत्रा,150,20,,ZSY3961976,,,N,N,main,,2026-EROLLGEN-S24-86-SIR-FinalRoll-Revision1-HIN-17-WI.pdf,23,29,0.969,Y,missing_fields,नाम : रिहान पिता का नाम: मुत्रा मकान संख्या : 150 फोटो उपलब्थ है आयु : 20 लिंग : ुरुष,0.0213
630,इब्राहीम,father,नत्था,151,४5,Male,ZSY0009316,,,N,N,main,,2026-EROLLGEN-S24-86-SIR-FinalRoll-Revision1-HIN-17-WI.pdf,23,30,0.977,N,,नाम : इब्राहीम पिता का नाम: नत्था मकान संख्या : 151 फोटो उपलब्थ है आयु : ४5 लिंग : पुरुष,0.0174
631,सितारा,husband,इब्रहीम,151,४२,Female,ZSY0009324,,,N,N,main,,2026-EROLLGEN-S24-86-SIR-FinalRoll-Revision1-HIN-17-WI.pdf,24,1,0.964,N,,नाम : सितारा पति का नाम: इब्रहीम मकान संख्या : 151 फोटो उपलब्थ है आयु : ४२ लिंग : महिला,0.0224
632,आजाद,father,नत्था,151,39,Male,ZSY0009274,,,N,N,main,,2026-EROLLGEN-S24-86-SIR-FinalRoll-Revision1-HIN-17-WI.pdf,24,2,0.965,N,,नाम : आजाद पिता का नाम: नत्था मकान संख्या : 151 फोटो उपलब्थ है आयु : 39 लिंग : पुरुष,0.0254
633,फैसल अहमद,father,इस्माइल,151,39,Male,ZSY0009290,,,N,N,main,,2026-EROLLGEN-S24-86-SIR-FinalRoll-Revision1-HIN-17-WI.pdf,24,3,0.972,N,,नाम : फैसल अहमद पिता का नाम: इस्माइल मकान संख्या : 151 फोटो उपलब्थ है[ आयु : 39 लिं : पुरुष,0.023
634,आमिर,father,नत्था,151,37,Male,ZSY0009282,,,N,N,main,,2026-EROLLGEN-S24-86-SIR-FinalRoll-Revision1-HIN-17-WI.pdf,24,4,0.979,N,,नाम : आमिर पिता का नाम: नत्था मकान संख्या : 151 फोटो उपलब्ध है आयु : 37 लिंग : पुरुष,0.0217
635,जाविद,father,इस्माइल,151,35,Male,ZSY3090487,,,N,N,main,,2026-EROLLGEN-S24-86-SIR-FinalRoll-Revision1-HIN-17-WI.pdf,24,5,0.988,N,,नाम : जाविद पिता का नाम: इस्माइल मकान संख्या : 151 फोटो उपलब्ध है आयु : 35 लिंग : पुरुष,0.0258
636,आसमीन,father,फहीम,151,32,Female,ZSY2613123,,,N,N,main,,2026-EROLLGEN-S24-86-SIR-FinalRoll-Revision1-HIN-17-WI.pdf,24,6,0.976,N,,नाम : आसमीन पिता का नाम: फहीम मकान संख्या : 151 फोटो उपलब्ध है[ आयु : 32 लिंग : महिला,0.0222
637,नाज़मीन,father,जुबेर,151,२8,Female,ZSY3736063,,,N,N,main,,2026-EROLLGEN-S24-86-SIR-FinalRoll-Revision1-HIN-17-WI.pdf,24,7,0.97,N,,नाम : नाज़मीन पिता का नाम: जुबेर फोटो उपलब्ध है मकान संख्या : 151 आयु : २8 लिंग : महिला,0.0183
638,शुमाईला,father,इस्माइल,151,28,Female,ZSY3736543,,,N,N,main,,2026-EROLLGEN-S24-86-SIR-FinalRoll-Revision1-HIN-17-WI.pdf,24,8,0.967,N,,नाम : शुमाईला पिता का नाम: इस्माइल फोटो उपलब्ध है मकान संख्या : 151 आयु : 28 लिंग : महिला,0.0226
639,अरसला,father,इब्राहिम,151,२४,Female,ZSY3723913,,,N,N,main,,2026-EROLLGEN-S24-86-SIR-FinalRoll-Revision1-HIN-17-WI.pdf,24,9,0.97,N,,नाम : अरसला पिता का नाम: इब्राहिम फोटो उपलब्थ है मकान संख्या : 151 आयु : २४ लिंग : महिला,0.0177
640,नसीम,husband,इरसाद,154,37,Female,ZSY2613131,,,N,N,main,,2026-EROLLGEN-S24-86-SIR-FinalRoll-Revision1-HIN-17-WI.pdf,24,10,0.972,N,,नाम : नसीम पति का नाम: इरसाद मकान संख्या : 154 फोटो उपलब्ध है आयु : 37 लिंग : महिला,0.0206
641,कृष्ध्णा देवी,husband,रविन्द सिंह,160,६5,Female,CTV3317427,,,N,N,main,,2026-EROLLGEN-S24-86-SIR-FinalRoll-Revision1-HIN-17-WI.pdf,24,11,0.964,N,,नाम : कृष्ध्णा देवी पति का नाम: रविन्द सिंह मकान संख्या : 160 फोटो उपलब्ध है आयु : ६5 लिंग : महिला,0.0269
642,सहारा बानो,husband,साकिर,160,49,Female,ZSY0237313,,,N,N,main,,2026-EROLLGEN-S24-86-SIR-FinalRoll-Revision1-HIN-17-WI.pdf,24,12,0.961,N,,नाम : सहारा बानो पति का नाम: साकिर मकान संख्या : 160 फोटो उपलब्ध है आयु : 49 लिंग : महिला,0.0214
643,विजेन्द्र सिंह,father,रविन्र सिंह,160,४2,Male,CTV3317716,,,N,N,main,,2026-EROLLGEN-S24-86-SIR-FinalRoll-Revision1-HIN-17-WI.pdf,24,13,0.964,N,,नाम : विजेन्द्र सिंह पिता का नाम: रविन्र सिंह मकान संख्या : 160 फोटो उपलब्ध है आयु: ४2 लिंग : पुरुष,0.0182
644,मीना,husband,सकील खान,170,53,Female,ZSY0009258,,,N,N,main,,2026-EROLLGEN-S24-86-SIR-FinalRoll-Revision1-HIN-17-WI.pdf,24,14,0.979,N,,नाम : मीना पति का नाम: सकील खान मकान संख्या : 170 फोटो उपलब्ध है आयु : 53 लिंग : महिला,0.0224
645,सन्तोष सिंह,father,रमेश चन्द्र,174,४2,Male,ZSY0742635,,,N,N,main,,2026-EROLLGEN-S24-86-SIR-FinalRoll-Revision1-HIN-17-WI.pdf,24,15,0.968,N,,नाम : सन्तोष सिंह पिता का नाम: रमेश चन्द्र मकान संख्या : 174 फोटो उपलब्ध है आयु : ४2 लिंग : पुरुष,0.018
646,सनी कुरेशी,father,मुत्रा कुरेशी,179,२28,Male,ZSY4030904,,,N,N,main,,2026-EROLLGEN-S24-86-SIR-FinalRoll-Revision1-HIN-17-WI.pdf,24,16,0.964,N,,नाम : सनी कुरेशी पिता का नाम: मुत्रा कुरेशी मकान संख्या : 179 फोटो उपलब्ध है आयु : २28 लिंग : पुरुष,0.0256
647,अरशी,father,गु्ू्र,185,23,Female,ZSY3639549,,,N,N,main,,2026-EROLLGEN-S24-86-SIR-FinalRoll-Revision1-HIN-17-WI.pdf,24,17,0.955,N,,नाम : अरशी पिता का नाम: गु्ू्र मकान संख्या : 185 फोटो उपलब्ध है आयु : 23 लिंग : महिला,0.0272
648,समीर,father,गुडू्र,185,21,Male,ZSY3639606,,,N,N,main,,2026-EROLLGEN-S24-86-SIR-FinalRoll-Revision1-HIN-17-WI.pdf,24,18,0.945,N,,नाम : समीर पिता का नाम: गुडू्र मकान संख्या : 185 फोटो उपलब्ध है आयु : 21 लिं : पुरुष,0.0225
649,गब्बर,father,सिरोजू,230,38,Male,ZSY0237412,,,N,N,main,,2026-EROLLGEN-S24-86-SIR-FinalRoll-Revision1-HIN-17-WI.pdf,24,19,0.972,N,,नाम : गब्बर पिता का नाम: सिरोजू फोटो उपलब्ध है मकान संख्या : 230(2) आयु: 38 लिंग : पुरुष,0.0221
650,नदीम,father,शहजाद,233,37,Male,ZSY2512283,,,N,N,main,,2026-EROLLGEN-S24-86-SIR-FinalRoll-Revision1-HIN-17-WI.pdf,24,20,0.983,N,,नाम : नदीम पिता का नाम: शहजाद फोटो उपलब्ध है मकान संख्या : 233 आयु : 37 लिंग : पुरुष,0.0254
651,इमरान,father,शहज़ाद,२३३,33,Male,ZSY2512192,,,N,N,main,,2026-EROLLGEN-S24-86-SIR-FinalRoll-Revision1-HIN-17-WI.pdf,24,21,0.968,N,,नाम : इमरान पिता का नाम: शहज़ाद फोटो उपलब्ध है मकान संख्या : २३३ आयु : 33 लिंग : पुरुष,0.0218
652,मेहजबी,husband,नदीम,233,30,Female,ZSY2512267,,,N,N,main,,2026-EROLLGEN-S24-86-SIR-FinalRoll-Revision1-HIN-17-WI.pdf,24,22,0.979,N,,नाम : मेहजबी पति का नाम: नदीम मकान संख्या : 233 फोटो उपलब्ध है आयु : 30 लिंग : महिला,0.0233
653,निजमुददीन,father,मोहम्मद,240,66,Male,CTV2687994,,,N,N,main,,2026-EROLLGEN-S24-86-SIR-FinalRoll-Revision1-HIN-17-WI.pdf,24,23,0.968,N,,नाम : निजमुददीन पिता का नाम: मोहम्मद मकान संख्या : 240 फोटो उपलब्ध है आयु : 66 लिंग : पुरुष,0.0272
654,भूरा,father,जेनू,२४०,६4,Male,ZSY1947209,,,N,N,main,,2026-EROLLGEN-S24-86-SIR-FinalRoll-Revision1-HIN-17-WI.pdf,24,24,0.965,N,,नाम : भूरा पिता का नाम: जेनू मकान संख्या : २४० फोटो उपलब्थ है[ आयु : ६4 लिंग : पुरुष,0.0207
655,अकील,father,सत्तार,२४०,57,Male,ZSY2512176,,,N,N,main,,2026-EROLLGEN-S24-86-SIR-FinalRoll-Revision1-HIN-17-WI.pdf,24,25,0.978,N,,नाम : अकील पिता का नाम: सत्तार मकान संख्या : २४० फोटो उपलब्ध है आयु : 57 लिंग : पुरुष,0.0232
656,सलीम,father,नथी खान,240,57,Male,ZSY3759461,,,N,N,main,,2026-EROLLGEN-S24-86-SIR-FinalRoll-Revision1-HIN-17-WI.pdf,24,26,0.975,N,,नाम : सलीम पिता का नाम: नथी खान मकान संख्या : 240 फोटो उपलब्ध है आयु : 57 लिंग : पुरुष,0.0275
657,गबरूद्वीन,father,मौहम्मद,२४०,54,Male,ZSY1945492,,,N,N,main,,2026-EROLLGEN-S24-86-SIR-FinalRoll-Revision1-HIN-17-WI.pdf,24,27,0.959,N,,नाम : गबरूद्वीन पिता का नाम: मौहम्मद मकान संख्या : २४० फोटो उपलब्ध है आयु : 54 लिंग : पुरुष,0.0242
658,आसीन,father,जम्मा,240,४8,Male,ZSY0373548,,,N,N,main,,2026-EROLLGEN-S24-86-SIR-FinalRoll-Revision1-HIN-17-WI.pdf,24,28,0.957,N,,नाम : आसीन पिता का नाम: जम्मा मकान संख्या : 240 फोटो उपलब्ध है आयु : ४8 लिंग : पुरुष,0.0182
659,गुझो बेगम अन्य: सलीम,,,240,47,Female,ZSY3759479,,,N,N,main,,2026-EROLLGEN-S24-86-SIR-FinalRoll-Revision1-HIN-17-WI.pdf,24,29,0.959,Y,missing_fields,नाम : गुझो बेगम अन्य: सलीम मकान संख्या : 240 फोटो उपलब्ध है आयु : 47 लिंग : महिला,0.0226
660,रइ्स,father,इईद्द,240,46,Male,CTV3100740,,,N,N,main,,2026-EROLLGEN-S24-86-SIR-FinalRoll-Revision1-HIN-17-WI.pdf,24,30,0.947,N,,नाम : रइ्स पिता का नाम: इईद्द मकान संख्या : 240 फोटो उपलब्थ है आयु : 46 लिंग : पुरुष,0.0164
661,गुडड्र,father,मोहम्मद,240,४6,Male,CTV2686699,,,N,N,main,,2026-EROLLGEN-S24-86-SIR-FinalRoll-Revision1-HIN-17-WI.pdf,25,1,0.959,N,,नाम : गुडड्र पिता का नाम: मोहम्मद मकान संख्या : 240 फोटो उपलब्थ है आयु: ४6 लिंग : पुरुष,0.0225
662,शाहरुख,father,भूरा,240,34,Male,ZSY0976605,,,N,N,main,,2026-EROLLGEN-S24-86-SIR-FinalRoll-Revision1-HIN-17-WI.pdf,25,2,0.97,N,,नाम : शाहरुख पिता का नाम: भूरा मकान संख्या : 240 फोटो उपलब्थ है आयु : 34 लिंग : पुरुष,0.0261
663,समीर,father,भूरा,२४०,32,Male,ZSY1946011,,,N,N,main,,2026-EROLLGEN-S24-86-SIR-FinalRoll-Revision1-HIN-17-WI.pdf,25,3,0.972,N,,नाम : समीर पिता का नाम: भूरा मकान संख्या : २४० फोटो उपलब्थ है[ आयु : 32 लिंग : पुरुष,0.02
664,सोनम,husband,शाहरुख,240,31,Female,ZSY3091337,,,N,N,main,,2026-EROLLGEN-S24-86-SIR-FinalRoll-Revision1-HIN-17-WI.pdf,25,4,0.976,N,,नाम : सोनम पति का नाम: शाहरुख मकान संख्या : 240 फोटो उपलब्ध है[ आयु : 31 लिंग : महिला,0.0226
665,असलम,father,रईस,240,30,Male,ZSY3105897,,,N,N,main,,2026-EROLLGEN-S24-86-SIR-FinalRoll-Revision1-HIN-17-WI.pdf,25,5,0.97,N,,नाम : असलम पिता का नाम: रईस मकान संख्या : 240 फोटो उपलब्ध है आयु : 30 लिंग : पुरुष,0.0257
666,रेखा खान,husband,आशिफ खान,240,3०,Female,ZSY3733466,,,N,N,main,,2026-EROLLGEN-S24-86-SIR-FinalRoll-Revision1-HIN-17-WI.pdf,25,6,0.963,N,,नाम : रेखा खान पति का नाम: आशिफ खान मकान संख्या : 240 फोटो उपलब्ध है[ आयु : 3० लिंग : महिला,0.0243
667,आमरीन,husband,समीर,240,2९,Female,ZSY3091329,,,N,N,main,,2026-EROLLGEN-S24-86-SIR-FinalRoll-Revision1-HIN-17-WI.pdf,25,7,0.963,N,,नाम : आमरीन पति का नाम: समीर फोटो उपलब्ध है मकान संख्या : 240 आयु : 2९ लिंग : महिला,0.0178
668,मौहम्मद हनीफ़ क्रेशी,father,यासीन कुरेशी,240,29,Male,ZSY3732757,,,N,N,main,,2026-EROLLGEN-S24-86-SIR-FinalRoll-Revision1-HIN-17-WI.pdf,25,8,0.938,N,,नाम : मौहम्मद हनीफ़ क्रेशी पिता का नाम: यासीन कुरेशी फोटो उपलब्ध है[ मकान संख्या : 240 आयु : 29 लिंग : पुरुष,0.0251
669,मुसेक,father,भूरा,240,26,Male,ZSY3232212,,,N,N,main,,2026-EROLLGEN-S24-86-SIR-FinalRoll-Revision1-HIN-17-WI.pdf,25,9,0.965,N,,नाम : मुसेक पिता का नाम: भूरा फोटो उपलब्थ है मकान संख्या : 240 आयु : 26 लिंग : पुरुष,0.0165
670,रिहान,father,अकील,240,26,Male,ZSY3427754,,,N,N,main,,2026-EROLLGEN-S24-86-SIR-FinalRoll-Revision1-HIN-17-WI.pdf,25,10,0.981,N,,नाम : रिहान पिता का नाम: अकील मकान संख्या : 240 फोटो उपलब्ध है आयु : 26 लिंग : पुरुष,0.0205
671,सोफिया,father,अकील क्रुरेशी,240,२४,Female,ZSY3427747,,,N,N,main,,2026-EROLLGEN-S24-86-SIR-FinalRoll-Revision1-HIN-17-WI.pdf,25,11,0.968,N,,नाम : सोफिया पिता का नाम: अकील क्रुरेशी मकान संख्या : 240 फोटो उपलब्ध है आयु : २४ लिंग : महिला,0.0268
672,आशिफ,father,सलीम,240,२४,Male,ZSY3736790,,,N,N,main,,2026-EROLLGEN-S24-86-SIR-FinalRoll-Revision1-HIN-17-WI.pdf,25,12,0.971,N,,नाम : आशिफ पिता का नाम: सलीम मकान संख्या : 240 फोटो उपलब्ध है आयु : २४ लिंग : पुरुष,0.0202
673,मो अरशद,father,सलीम,240,23,Male,ZSY3732518,,,N,N,main,,2026-EROLLGEN-S24-86-SIR-FinalRoll-Revision1-HIN-17-WI.pdf,25,13,0.972,N,,नाम : मो अरशद पिता का नाम: सलीम मकान संख्या : 240 फोटो उपलब्ध है आयु : 23 लिंग : पुरुष,0.0183
674,साजिया,father,पप्पन,240,22,Female,ZSY3723855,,,N,N,main,,2026-EROLLGEN-S24-86-SIR-FinalRoll-Revision1-HIN-17-WI.pdf,25,14,0.968,N,,नाम : साजिया पिता का नाम: पप्पन मकान संख्या : 240 फोटो उपलब्ध है आयु : 22 लिंग : महिला,0.0213
675,सिमरन,father,गुडू्र,240,२0,Female,ZSY3714805,,,N,N,main,,2026-EROLLGEN-S24-86-SIR-FinalRoll-Revision1-HIN-17-WI.pdf,25,15,0.948,N,,नाम : सिमरन पिता का नाम: गुडू्र मकान संख्या : 240 फोटो उपलब्ध है आयु : २0 लिंग : महिला,0.0166
676,रेशमा,husband,गुडडूर,240/166,४5,Female,ZSY0976464,,,N,N,main,,2026-EROLLGEN-S24-86-SIR-FinalRoll-Revision1-HIN-17-WI.pdf,25,16,0.963,N,,नाम : रेशमा पति का नाम: गुडडूर मकान संख्या : 240/166 फोटो उपलब्ध है आयु : ४5 लिंग : महिला,0.0247
677,इरफान,father,मेहराजउद्वीन,241,30,Male,ZSY1944511,,,N,N,main,,2026-EROLLGEN-S24-86-SIR-FinalRoll-Revision1-HIN-17-WI.pdf,25,17,0.973,N,,नाम : इरफान पिता का नाम: मेहराजउद्वीन मकान संख्या : 241 फोटो उपलब्ध है आयु : 30 लिंग : पुरुष,0.0266
678,रिजवाना,father,पप्पू कुरेशी,0,3०,Female,ZSY1947464,,,N,N,main,,2026-EROLLGEN-S24-86-SIR-FinalRoll-Revision1-HIN-17-WI.pdf,25,18,0.944,N,,नाम : रिजवाना पिता का नाम: पप्पू कुरेशी मकान संख्या : 0 फोटो उपलब्ध है आयु : 3० लिंग : महिला,0.0239
679,शकील कुरेसी,father,शरीफ कुरेसी,325,४5,Male,CTV2658839,,,N,N,main,,2026-EROLLGEN-S24-86-SIR-FinalRoll-Revision1-HIN-17-WI.pdf,25,19,0.96,N,,नाम : शकील कुरेसी पिता का नाम: शरीफ कुरेसी फोटो उपलब्ध है मकान संख्या : 325 आयु: ४5 लिंग : पुरुष,0.0236
680,समीना,husband,वकील,३२५,39,Female,ZSY1946714,,,N,N,main,,2026-EROLLGEN-S24-86-SIR-FinalRoll-Revision1-HIN-17-WI.pdf,25,20,0.978,N,,नाम : समीना पति का नाम: वकील फोटो उपलब्ध है मकान संख्या : ३२५ आयु : 39 लिंग : महिला,0.0247
681,इस्लाम कुरेशी,father,मुन्ना कुरेशी,३२५,38,Male,ZSY2335636,,,N,N,main,,2026-EROLLGEN-S24-86-SIR-FinalRoll-Revision1-HIN-17-WI.pdf,25,21,0.949,N,,नाम : इस्लाम कुरेशी पिता का नाम: मुन्ना कुरेशी फोटो उपलब्ध है मकान संख्या : ३२५ आयु : 38 लिंग : पुरुष,0.0235
682,समरीन,husband,बल्लू कुरेशी,३२५,37,Female,ZSY1946680,,,N,N,main,,2026-EROLLGEN-S24-86-SIR-FinalRoll-Revision1-HIN-17-WI.pdf,25,22,0.975,N,,नाम : समरीन पति का नाम: बल्लू कुरेशी मकान संख्या : ३२५ फोटो उपलब्ध है आयु: 37 लिंग : महिला,0.0242
683,बन्टी कुरेशी,father,शरीफ कुरेशी,३२५,37,Male,ZSY1946797,,,N,N,main,,2026-EROLLGEN-S24-86-SIR-FinalRoll-Revision1-HIN-17-WI.pdf,25,23,0.964,N,,नाम : बन्टी कुरेशी पिता का नाम: शरीफ कुरेशी मकान संख्या : ३२५ फोटो उपलब्थ है आयु : 37 लिंग : पुरुष,0.0284
684,शमीम बानो,husband,इस्लाम कुरेशी,३२५,35,Female,ZSY2335610,,,N,N,main,,2026-EROLLGEN-S24-86-SIR-FinalRoll-Revision1-HIN-17-WI.pdf,25,24,0.972,N,,नाम : शमीम बानो पति का नाम: इस्लाम कुरेशी मकान संख्या : ३२५ फोटो उपलब्थ है आयु : 35 लिंग : महिला,0.0243
685,भोलू कुरेशी,father,शरीफ कुरेशी,३२५,34,Male,ZSY1946870,,,N,N,main,,2026-EROLLGEN-S24-86-SIR-FinalRoll-Revision1-HIN-17-WI.pdf,25,25,0.959,N,,नाम : भोलू कुरेशी पिता का नाम: शरीफ कुरेशी मकान संख्या : ३२५ फोटो उपलब्ध है आयु : 34 लिंग : पुरुष,0.0262
686,आसिफ,father,शरीफ कुरेशी,३२५,32,Male,ZSY1946904,,,N,N,main,,2026-EROLLGEN-S24-86-SIR-FinalRoll-Revision1-HIN-17-WI.pdf,25,26,0.986,N,,नाम : आसिफ पिता का नाम: शरीफ कुरेशी मकान संख्या : ३२५ फोटो उपलब्ध है[ आयु : 32 लिंग : पुरुष,0.0292
687,सोहिल कुरेरशी,father,शरीफ करेशी,३२५,31,Male,ZSY1946698,,,N,N,main,,2026-EROLLGEN-S24-86-SIR-FinalRoll-Revision1-HIN-17-WI.pdf,25,27,0.951,N,,नाम : सोहिल कुरेरशी पिता का नाम: शरीफ करेशी मकान संख्या : ३२५ फोटो उपलब्ध है आयु : 31 लिंग : पुरुष,0.0265
688,यासमीन,husband,मोहम्मद हनीफ़र क्रुरेशी,325,31,Female,ZSY3732740,,,N,N,main,,2026-EROLLGEN-S24-86-SIR-FinalRoll-Revision1-HIN-17-WI.pdf,25,28,0.962,N,,नाम : यासमीन पति का नाम: मोहम्मद हनीफ़र क्रुरेशी मकान संख्या : 325 फोटो उपलब्ध है आयु: 31 लिंग : महिला,0.0197
689,सोनू कुरेशी,father,सलीम कुरेशी,३२५,31,Male,ZSY1946896,,,N,N,main,,2026-EROLLGEN-S24-86-SIR-FinalRoll-Revision1-HIN-17-WI.pdf,25,29,0.963,N,,नाम : सोनू कुरेशी पिता का नाम: सलीम कुरेशी मकान संख्या : ३२५ फोटो उपलब्थ है आयु : 31 लिंग : पुरुष,0.0241
690,सगीर,father,शकील,325,27,Male,ZSY3091519,,,N,N,main,,2026-EROLLGEN-S24-86-SIR-FinalRoll-Revision1-HIN-17-WI.pdf,25,30,0.956,N,,नाम : सगीर पिता का नाम: शकील मकान संख्या : 325 फोटो उपलब्थ है आयु : 27 लिंग : पुरुष,0.0173
691,रहीस,father,शकील,325,26,Male,ZSY3091527,,,N,N,main,,2026-EROLLGEN-S24-86-SIR-FinalRoll-Revision1-HIN-17-WI.pdf,26,1,0.982,N,,नाम : रहीस पिता का नाम: शकील मकान संख्या : 325 फोटो उपलब्थ है आयु: 26 लिंग : पुरुष,0.0222
692,शबनम,husband,राजा,३३९,४०,Female,ZSY1946730,,,N,N,main,,2026-EROLLGEN-S24-86-SIR-FinalRoll-Revision1-HIN-17-WI.pdf,26,2,0.949,N,,नाम : शबनम पति का नाम: राजा मकान संख्या : ३३९ फोटो उपलब्थ है आयु : ४० लिंग : महिला,0.026
693,आसमा,father,मजीद,354,२3,Female,ZSY3975208,,,N,N,main,,2026-EROLLGEN-S24-86-SIR-FinalRoll-Revision1-HIN-17-WI.pdf,26,3,0.969,N,,नाम : आसमा पिता का नाम: मजीद मकान संख्या : 354 फोटो उपलब्थ है[ आयु : २3 लिंग : महिला,0.0219
694,चन्दा,father,हब्बो,0,39,Male,ZSY1947753,,,N,N,main,,2026-EROLLGEN-S24-86-SIR-FinalRoll-Revision1-HIN-17-WI.pdf,26,4,0.96,N,,नाम : चन्दा पिता का नाम: हब्बो मकान संख्या : 0 फोटो उपलब्ध है[ आयु : 39 लिंग : पुरुष,0.0207
695,तबस्सुम,husband,जाकिर,357,33,Female,ZSY2613156,,,N,N,main,,2026-EROLLGEN-S24-86-SIR-FinalRoll-Revision1-HIN-17-WI.pdf,26,5,0.976,N,,नाम : तबस्सुम पति का नाम: जाकिर मकान संख्या : 357 फोटो उपलब्ध है आयु : 33 लिंग : महिला,0.0265
696,ताजूददीन,father,वन्ने खाँ,361,31,Male,ZSY0742668,,,N,N,main,,2026-EROLLGEN-S24-86-SIR-FinalRoll-Revision1-HIN-17-WI.pdf,26,6,0.961,N,,नाम : ताजूददीन पिता का नाम: वन्ने खाँ मकान संख्या : 361 फोटो उपलब्ध है आयु : 31 लिंग : पुरुष,0.0225
697,नज्जो,husband,नाजिम,362,3०,Female,ZSY2613164,,,N,N,main,,2026-EROLLGEN-S24-86-SIR-FinalRoll-Revision1-HIN-17-WI.pdf,26,7,0.962,N,,नाम : नज्जो पति का नाम: नाजिम फोटो उपलब्ध है मकान संख्या : 362 आयु : 3० लिंग : महिला,0.0179
698,बाबूदीन,father,अव्दुल अजीज,365,50,Male,ZSY0009530,,,N,N,main,,2026-EROLLGEN-S24-86-SIR-FinalRoll-Revision1-HIN-17-WI.pdf,26,8,0.96,N,,नाम : बाबूदीन पिता का नाम: अव्दुल अजीज फोटो उपलब्थ है मकान संख्या : 365 आयु : 50 लिंग : पुरुष,0.0236
699,सददनाम,father,दुल्ला,365,37,Male,ZSY0009555,,,N,N,main,,2026-EROLLGEN-S24-86-SIR-FinalRoll-Revision1-HIN-17-WI.pdf,26,9,0.963,N,,नाम : सददनाम पिता का नाम: दुल्ला फोटो उपलब्थ है मकान संख्या : 365 आयु : 37 लिंग : पुरुष,0.0178
700,अफ़्रसार कुरैेशी,father,इशहाक्र,371,36,Male,CTV4608485,,,N,N,main,,2026-EROLLGEN-S24-86-SIR-FinalRoll-Revision1-HIN-17-WI.pdf,26,10,0.965,N,,नाम : अफ़्रसार कुरैेशी पिता का नाम: इशहाक्र मकान संख्या : 371 फोटो उपलब्ध है आयु : 36 लिंग : पुरुष,0.0234
701,साहरूख,father,साकिर,373,२8,Male,ZSY2853448,,,N,N,main,,2026-EROLLGEN-S24-86-SIR-FinalRoll-Revision1-HIN-17-WI.pdf,26,11,0.958,N,,नाम : साहरूख पिता का नाम: साकिर मकान संख्या : 373 फोटो उपलब्ध है आयु : २8 लिंग : पुरुष,0.0244
702,सायरा,father,साकिर,३७३,२८,Female,ZSY2860278,,,N,N,main,,2026-EROLLGEN-S24-86-SIR-FinalRoll-Revision1-HIN-17-WI.pdf,26,12,0.968,N,,नाम : सायरा पिता का नाम: साकिर मकान संख्या : ३७३ फोटो उपलब्ध है आयु : २८ लिंग : महिला,0.021
703,रिजवाना,father,साकिर,३७३,२5,Female,ZSY2860294,,,N,N,main,,2026-EROLLGEN-S24-86-SIR-FinalRoll-Revision1-HIN-17-WI.pdf,26,13,0.979,N,,नाम : रिजवाना पिता का नाम: साकिर मकान संख्या : ३७३ फोटो उपलब्ध है आयु: २5 लिंग : महिला,0.0181
704,साथधिया,father,फैमुद्वीन,374,30,Female,ZSY2853471,,,N,N,main,,2026-EROLLGEN-S24-86-SIR-FinalRoll-Revision1-HIN-17-WI.pdf,26,14,0.958,N,,नाम : साथधिया पिता का नाम: फैमुद्वीन मकान संख्या : 374 फोटो उपलब्ध है आयु : 30 लिंग : महिला,0.0218
705,परवीन,husband,साबिर,३७५,57,Female,ZSY1947720,,,N,N,main,,2026-EROLLGEN-S24-86-SIR-FinalRoll-Revision1-HIN-17-WI.pdf,26,15,0.967,N,,नाम : परवीन पति का नाम: साबिर मकान संख्या : ३७५ फोटो उपलब्ध है आयु : 57 लिंग : महिला,0.0162
706,सानू,father,मुत्रा,377,36,Male,CTV3166139,,,N,N,main,,2026-EROLLGEN-S24-86-SIR-FinalRoll-Revision1-HIN-17-WI.pdf,26,16,0.967,N,,नाम : सानू पिता का नाम: मुत्रा मकान संख्या : 377 फोटो उपलब्ध है आयु : 36 लिंग : पुरुष,0.0219
707,नसरीन,husband,मुमताज,३८०,38,Female,ZSY2511996,,,N,N,main,,2026-EROLLGEN-S24-86-SIR-FinalRoll-Revision1-HIN-17-WI.pdf,26,17,0.974,N,,नाम : नसरीन पति का नाम: मुमताज मकान संख्या : ३८० फोटो उपलब्ध है आयु : 38 लिंग : महिला,0.0271
708,संजीरा बेगम,husband,पप्पू,383,४१,Female,ZSY0237339,,,N,N,main,,2026-EROLLGEN-S24-86-SIR-FinalRoll-Revision1-HIN-17-WI.pdf,26,18,0.95,N,,नाम : संजीरा बेगम पति का नाम: पप्पू मकान संख्या : 383(2) फोटो उपलब्ध है आयु : ४१ लिंग : महिला,0.0249
709,सोनू कुरेशी,father,मातवर कुरेशी,391,37,Male,ZSY0237396,,,N,N,main,,2026-EROLLGEN-S24-86-SIR-FinalRoll-Revision1-HIN-17-WI.pdf,26,19,0.974,N,,नाम : सोनू कुरेशी पिता का नाम: मातवर कुरेशी फोटो उपलब्ध है मकान संख्या : 391(2) आयु: 37 लिंग : पुरुष,0.0236
710,मुन्नी,husband,अन्सार,402/121,52,Female,ZSY1600279,,,N,N,main,,2026-EROLLGEN-S24-86-SIR-FinalRoll-Revision1-HIN-17-WI.pdf,26,20,0.977,N,,नाम : मुन्नी पति का नाम: अन्सार फोटो उपलब्ध है मकान संख्या : 402/121 आयु : 52 लिंग : महिला,0.0256
711,इरफ़्रान कुरेशी,father,इकराम कुरेशी,संख्या :,28,Male,ZSY2335669,,,N,N,main,,2026-EROLLGEN-S24-86-SIR-FinalRoll-Revision1-HIN-17-WI.pdf,26,21,0.956,N,,नाम : इरफ़्रान कुरेशी पिता का नाम: इकराम कुरेशी फोटो उपलब्ध है मकान संख्या :  आयु : 28 लिंग : पुरुष,0.023
712,अवजाल,father,अफसर,414,37,Male,ZSY2192680,,,N,N,main,,2026-EROLLGEN-S24-86-SIR-FinalRoll-Revision1-HIN-17-WI.pdf,26,22,0.97,N,,नाम : अवजाल पिता का नाम: अफसर मकान संख्या : 414 फोटो उपलब्ध है आयु : 37 लिंग : पुरुष,0.0234
713,सोना,husband,बल्लू,४१४,35,Female,ZSY2335529,,,N,N,main,,2026-EROLLGEN-S24-86-SIR-FinalRoll-Revision1-HIN-17-WI.pdf,26,23,0.975,N,,नाम : सोना पति का नाम: बल्लू मकान संख्या : ४१४ फोटो उपलब्थ है आयु : 35 लिंग : महिला,0.0262
714,सम्मी,father,अफसर,४१४,34,Male,ZSY2393783,,,N,N,main,,2026-EROLLGEN-S24-86-SIR-FinalRoll-Revision1-HIN-17-WI.pdf,26,24,0.973,N,,नाम : सम्मी पिता का नाम: अफसर मकान संख्या : ४१४ फोटो उपलब्थ है आयु: 34 लिंग : पुरुष,0.021
715,मीना,husband,अवजाल,४१४,33,Female,ZSY2335511,,,N,N,main,,2026-EROLLGEN-S24-86-SIR-FinalRoll-Revision1-HIN-17-WI.pdf,26,25,0.976,N,,नाम : मीना पति का नाम: अवजाल मकान संख्या : ४१४ फोटो उपलब्ध है आयु : 33 लिंग : महिला,0.0243
716,इमरान,father,अफसर,414,31,Male,ZSY2192672,,,N,N,main,,2026-EROLLGEN-S24-86-SIR-FinalRoll-Revision1-HIN-17-WI.pdf,26,26,0.971,N,,नाम : इमरान पिता का नाम: अफसर मकान संख्या : 414 फोटो उपलब्ध है[ आयु : 31 लिंग : पुरुष,0.0265
717,रिजवाना,father,अफसर,४१४,31,Female,ZSY2335537,,,N,N,main,,2026-EROLLGEN-S24-86-SIR-FinalRoll-Revision1-HIN-17-WI.pdf,26,27,0.971,N,,नाम : रिजवाना पिता का नाम: अफसर मकान संख्या : ४१४ फोटो उपलब्ध है आयु : 31 लिंग : महिला,0.024
718,अमीन,father,रहीसो,418,४2,Male,ZSY0237354,,,N,N,main,,2026-EROLLGEN-S24-86-SIR-FinalRoll-Revision1-HIN-17-WI.pdf,26,28,0.955,N,,नाम : अमीन पिता का नाम: रहीसो मकान संख्या : 418(2) फोटो उपलब्थध है आयु: ४2 लिंग : पुरुष,0.0189
719,मदीना,husband,आमीन,418,38,Female,ZSY0237362,,,N,N,main,,2026-EROLLGEN-S24-86-SIR-FinalRoll-Revision1-HIN-17-WI.pdf,26,29,0.973,N,,नाम : मदीना पति का नाम: आमीन मकान संख्या : 418(2) फोटो उपलब्ध है आयु : 38 लिंग : महिला,0.0231
720,इकबाल,father,सकुर,419,73,Male,ZSY0237370,,,N,N,main,,2026-EROLLGEN-S24-86-SIR-FinalRoll-Revision1-HIN-17-WI.pdf,26,30,0.977,N,,नाम : इकबाल पिता का नाम: सकुर मकान संख्या : 419(2) फोटो उपलब्थ है आयु : 73 लिंग : पुरुष,0.0188
721,शायदा,husband,इकबाल,419,६६,Female,ZSY0237388,,,N,N,main,,2026-EROLLGEN-S24-86-SIR-FinalRoll-Revision1-HIN-17-WI.pdf,27,1,0.963,N,,नाम : शायदा पति का नाम: इकबाल मकान संख्या : 419(2) फोटो उपलब्थ है आयु : ६६ लिंग : महिला,0.0235
722,चांदनी,father,नवाब,421,37,Female,ZSY1264217,,,N,N,main,,2026-EROLLGEN-S24-86-SIR-FinalRoll-Revision1-HIN-17-WI.pdf,27,2,0.963,N,,नाम : चांदनी पिता का नाम: नवाब मकान संख्या : 421 फोटो उपलब्थ है आयु : 37 लिंग : महिला,0.0262
723,श्री मती देवी,husband,ओम प्रकाश,433,६2,Female,CTV3100351,,,N,N,main,,2026-EROLLGEN-S24-86-SIR-FinalRoll-Revision1-HIN-17-WI.pdf,27,3,0.947,N,,नाम : श्री मती देवी पति का नाम: ओम प्रकाश मकान संख्या : 433 फोटो उपलब्थ है[ आयु : ६2 लिंग : महिला,0.0241
724,मुकेश कुमार,father,ओम प्रकाश,433,39,Male,CTV2886125,,,N,N,main,,2026-EROLLGEN-S24-86-SIR-FinalRoll-Revision1-HIN-17-WI.pdf,27,4,0.967,N,,नाम : मुकेश कुमार पिता का नाम: ओम प्रकाश मकान संख्या : 433 फोटो उपलब्ध है[ आयु : 39 लिंग : पुरुष,0.025
725,हेमलता,husband,सन्तोष सिंह,458,38,Female,ZSY1945252,,,N,N,main,,2026-EROLLGEN-S24-86-SIR-FinalRoll-Revision1-HIN-17-WI.pdf,27,5,0.973,N,,नाम : हेमलता पति का नाम: सन्तोष सिंह मकान संख्या : 458 फोटो उपलब्ध है आयु : 38 लिंग : महिला,0.028
726,सौरभ,father,मदन लाल,५१५/११७,31,Male,ZSY2335768,,,N,N,main,,2026-EROLLGEN-S24-86-SIR-FinalRoll-Revision1-HIN-17-WI.pdf,27,6,0.967,N,,नाम : सौरभ पिता का नाम: मदन लाल मकान संख्या : ५१५/११७ फोटो उपलब्ध है[ आयु : 31 लिंग : पुरुष,0.0232
727,ज्योति,husband,सौरभ,515/117,31,Female,ZSY3104767,,,N,N,main,,2026-EROLLGEN-S24-86-SIR-FinalRoll-Revision1-HIN-17-WI.pdf,27,7,0.965,N,,नाम : ज्योति पति का नाम: सौरभ फोटो उपलब्ध है मकान संख्या : 515/117 आयु : 31 लिंग : महिला,0.0185
728,मन्जुदेवी,husband,सुनहरीलाल,543,६3,Female,ZSY0723080,,,N,N,main,,2026-EROLLGEN-S24-86-SIR-FinalRoll-Revision1-HIN-17-WI.pdf,27,8,0.946,N,,नाम : मन्जुदेवी पति का नाम: सुनहरीलाल फोटो उपलब्थ है मकान संख्या : 543 आयु : ६3 लिंग : महिला,0.0234
729,ममता गुप्ता,husband,राजेश कुमार गुप्ता,543,४9,Female,ZSY3940608,,,N,N,main,,2026-EROLLGEN-S24-86-SIR-FinalRoll-Revision1-HIN-17-WI.pdf,27,9,0.971,N,,नाम : ममता गुप्ता पति का नाम: राजेश कुमार गुप्ता फोटो उपलब्थ है मकान संख्या : 543 आयु : ४9 लिंग : महिला,0.0195
730,विशाल कुमार,father,सुनहरीलाल,543,43,Male,CTV4331789,,,N,N,main,,2026-EROLLGEN-S24-86-SIR-FinalRoll-Revision1-HIN-17-WI.pdf,27,10,0.963,N,,नाम : विशाल कुमार पिता का नाम: सुनहरीलाल मकान संख्या : 543 फोटो उपलब्ध है आयु : 43 लिंग : पुरुष,0.0241
731,रमा देवी,husband,विशाल अग्रवाल,543,४3,Female,ZSY3427564,,,N,N,main,,2026-EROLLGEN-S24-86-SIR-FinalRoll-Revision1-HIN-17-WI.pdf,27,11,0.974,N,,नाम : रमा देवी पति का नाम: विशाल अग्रवाल मकान संख्या : 543 फोटो उपलब्ध है आयु : ४3 लिंग : महिला,0.0272
732,प्रमोद कुमार,father,सुनहरी लाल,543,36,Male,ZSY3427556,,,N,N,main,,2026-EROLLGEN-S24-86-SIR-FinalRoll-Revision1-HIN-17-WI.pdf,27,12,0.971,N,,नाम : प्रमोद कुमार पिता का नाम: सुनहरी लाल मकान संख्या : 543 फोटो उपलब्ध है आयु : 36 लिंग : पुरुष,0.0228
733,नफीसा बेगम,husband,अकबर,५५४,38,Female,ZSY2511954,,,N,N,main,,2026-EROLLGEN-S24-86-SIR-FinalRoll-Revision1-HIN-17-WI.pdf,27,13,0.977,N,,नाम : नफीसा बेगम पति का नाम: अकबर मकान संख्या : ५५४ फोटो उपलब्ध है आयु : 38 लिंग : महिला,0.0177
734,सुल्ताना,husband,प्पू,संख्या :  फोटो उपलब्ध है,४1,Female,ZSY2335719,,,N,N,main,,2026-EROLLGEN-S24-86-SIR-FinalRoll-Revision1-HIN-17-WI.pdf,27,14,0.97,N,,नाम : सुल्ताना पति का नाम: प्पू मकान संख्या :  फोटो उपलब्ध है आयु : ४1 लिंग : महिला,0.0201
735,राजुदीन,father,अलाउदीन,561,50,Male,ZSY0009340,,,N,N,main,,2026-EROLLGEN-S24-86-SIR-FinalRoll-Revision1-HIN-17-WI.pdf,27,15,0.97,N,,नाम : राजुदीन पिता का नाम: अलाउदीन मकान संख्या : 561 फोटो उपलब्ध है आयु : 50 लिंग : पुरुष,0.0175
736,सावरा,husband,राजुदीन,५६१,47,Female,ZSY0009449,,,N,N,main,,2026-EROLLGEN-S24-86-SIR-FinalRoll-Revision1-HIN-17-WI.pdf,27,16,0.974,N,,नाम : सावरा पति का नाम: राजुदीन मकान संख्या : ५६१ फोटो उपलब्ध है आयु : 47 लिंग : महिला,0.0233
737,असलम,father,मूनैन खान,561,38,Male,ZSY0009423,,,N,N,main,,2026-EROLLGEN-S24-86-SIR-FinalRoll-Revision1-HIN-17-WI.pdf,27,17,0.981,N,,नाम : असलम पिता का नाम: मूनैन खान मकान संख्या : 561 फोटो उपलब्ध है आयु : 38 लिंग : पुरुष,0.0278
738,रूकसार,husband,असलम,561,35,Female,ZSY0009431,,,N,N,main,,2026-EROLLGEN-S24-86-SIR-FinalRoll-Revision1-HIN-17-WI.pdf,27,18,0.944,N,,नाम : रूकसार पति का नाम: असलम मकान संख्या : 561 फोटो उपलब्ध है आयु : 35 लिंग : महिला,0.0237
739,इमरान कुरेशी,father,इकराम कुरेशी,0,2९,Male,ZSY2335651,,,N,N,main,,2026-EROLLGEN-S24-86-SIR-FinalRoll-Revision1-HIN-17-WI.pdf,27,19,0.965,N,,नाम : इमरान कुरेशी पिता का नाम: इकराम कुरेशी फोटो उपलब्ध है मकान संख्या : 0 आयु : 2९ लिंग : पुरुष,0.0231
740,पूनम विश्षास,husband,परिमल विश्वास,584,51,Female,ZSY0562892,,,N,N,main,,2026-EROLLGEN-S24-86-SIR-FinalRoll-Revision1-HIN-17-WI.pdf,27,20,0.964,N,,नाम : पूनम विश्षास पति का नाम: परिमल विश्वास फोटो उपलब्ध है मकान संख्या : 584 आयु : 51 लिंग : महिला,0.0286
741,बिस्मिल्ला,husband,अबरार,संख्या :,5०,Female,ZSY1946144,,,N,N,main,,2026-EROLLGEN-S24-86-SIR-FinalRoll-Revision1-HIN-17-WI.pdf,27,21,0.964,N,,नाम : बिस्मिल्ला पति का नाम: अबरार फोटो उपलब्ध है मकान संख्या :  आयु : 5० लिंग : महिला,0.0213
742,सौदान सिंह,father,लाल सिंह,५९३,55,Male,ZSY0245852,,,N,N,main,,2026-EROLLGEN-S24-86-SIR-FinalRoll-Revision1-HIN-17-WI.pdf,27,22,0.966,N,,नाम : सौदान सिंह पिता का नाम: लाल सिंह मकान संख्या : ५९३ फोटो उपलब्ध है आयु : 55 लिंग : पुरुष,0.0243
743,सुमन,husband,सोदान सिंह,593,50,Female,ZSY0245878,,,N,N,main,,2026-EROLLGEN-S24-86-SIR-FinalRoll-Revision1-HIN-17-WI.pdf,27,23,0.957,N,,नाम : सुमन पति का नाम: सोदान सिंह मकान संख्या : 593 फोटो उपलब्थ है आयु : 50 लिंग : महिला,0.0272
744,आमिर,father,सकील,653,22,Male,ZSY3465416,,,N,N,main,,2026-EROLLGEN-S24-86-SIR-FinalRoll-Revision1-HIN-17-WI.pdf,27,24,0.964,N,,नाम : आमिर पिता का नाम: सकील मकान संख्या : 653 फोटो उपलब्थ है[ आयु : 22 लिंग : पुरुष,0.0219
745,छोट्र माता मखमल,,,662,26,Male,ZSY3338977,,,N,N,main,,2026-EROLLGEN-S24-86-SIR-FinalRoll-Revision1-HIN-17-WI.pdf,27,25,0.962,Y,missing_fields,नाम : छोट्र माता का नाम: मखमल मकान संख्या : 662 फोटो उपलब्ध है आयु : 26 लिंग : पुरुष,0.0233
746,निशा,husband,साकिर,742,35,Female,ZSY2614733,,,N,N,main,,2026-EROLLGEN-S24-86-SIR-FinalRoll-Revision1-HIN-17-WI.pdf,27,26,0.972,N,,नाम : निशा पति का नाम: साकिर मकान संख्या : 742 फोटो उपलब्ध है[ आयु : 35 लिंग : महिला,0.0272
747,शाकिर,father,मटरू,742/149,37,Male,ZSY1687656,,,N,N,main,,2026-EROLLGEN-S24-86-SIR-FinalRoll-Revision1-HIN-17-WI.pdf,27,27,0.959,N,,नाम : शाकिर पिता का नाम: मटरू मकान संख्या : 742/149 फोटो उपलब्ध है आयु : 37 लिंग : पुरुष,0.0238
748,रोजी,husband,मजीद,संख्या : फोटो उपलब्थ है,33,Female,ZSY0976480,,,N,N,main,,2026-EROLLGEN-S24-86-SIR-FinalRoll-Revision1-HIN-17-WI.pdf,27,28,0.969,N,,नाम : रोजी पति का नाम: मजीद मकान संख्या : फोटो उपलब्थ है आयु : 33 लिंग : महिला,0.0163
749,पप्पू,father,बाबूददीन,0०,50,,ZSY1263649,,,N,N,main,,2026-EROLLGEN-S24-86-SIR-FinalRoll-Revision1-HIN-17-WI.pdf,27,29,0.946,Y,missing_fields,नाम : पप्पू पिता का नाम: बाबूददीन मकान संख्या : 0० फोटो उपलब्ध है आयु : 50 लिंग : ुरुष,0.0204
750,आविद,father,मुन्नन,२१,36,Male,ZSY1263409,,,N,N,main,,2026-EROLLGEN-S24-86-SIR-FinalRoll-Revision1-HIN-17-WI.pdf,27,30,0.955,N,,नाम : आविद पिता का नाम: मुन्नन मकान संख्या : २१ फोटो उपलब्थ है आयु : 36 लिंग : पुरुष,0.0167
751,सददाम कुरेशी,father,मोहम्मद उमर,८१,34,Male,ZSY1263425,,,N,N,main,,2026-EROLLGEN-S24-86-SIR-FinalRoll-Revision1-HIN-17-WI.pdf,28,1,0.972,N,,नाम : सददाम कुरेशी पिता का नाम: मोहम्मद उमर मकान संख्या : ८१ फोटो उपलब्थ है आयु : 34 लिंग : पुरुष,0.0238
752,आमीन क्रैेशी,father,मोहम्मद बोना क्रेशी,संख्या :. फोटो उपलब्थ है,41,Male,CTV3256823,,,N,N,main,,2026-EROLLGEN-S24-86-SIR-FinalRoll-Revision1-HIN-17-WI.pdf,28,2,0.964,N,,नाम : आमीन क्रैेशी पिता का नाम: मोहम्मद बोना क्रेशी मकान संख्या :. फोटो उपलब्थ है आयु : 41 लिंग : पुरुष,0.0284
753,लहीका,husband,शरीफ,00,६9,Female,ZSY1566223,,,N,N,main,,2026-EROLLGEN-S24-86-SIR-FinalRoll-Revision1-HIN-17-WI.pdf,28,3,0.954,N,,नाम : लहीका पति का नाम: शरीफ मकान संख्या : 00 फोटो उपलब्थ है[ आयु : ६9 लिंग : महिला,0.021
754,रूखसाना,husband,नहीम,00,56,Female,ZSY1566132,,,N,N,main,,2026-EROLLGEN-S24-86-SIR-FinalRoll-Revision1-HIN-17-WI.pdf,28,4,0.964,N,,नाम : रूखसाना पति का नाम: नहीम मकान संख्या : 00 फोटो उपलब्ध है[ आयु : 56 लिंग : महिला,0.0222
755,सायरा,husband,अल्लामहर,00,56,Female,ZSY1566181,,,N,N,main,,2026-EROLLGEN-S24-86-SIR-FinalRoll-Revision1-HIN-17-WI.pdf,28,5,0.961,N,,नाम : सायरा पति का नाम: अल्लामहर मकान संख्या : 00 फोटो उपलब्ध है आयु : 56 लिंग : महिला,0.027
756,नाजरीन,husband,बबुआ,00,55,Female,ZSY1264027,,,N,N,main,,2026-EROLLGEN-S24-86-SIR-FinalRoll-Revision1-HIN-17-WI.pdf,28,6,0.973,N,,नाम : नाजरीन पति का नाम: बबुआ मकान संख्या : 00 फोटो उपलब्ध है आयु : 55 लिंग : महिला,0.0225
757,जगदीश,father,बादाम सिंह,४७,52,Male,ZSY1263771,,,N,N,main,,2026-EROLLGEN-S24-86-SIR-FinalRoll-Revision1-HIN-17-WI.pdf,28,7,0.966,N,,नाम : जगदीश पिता का नाम: बादाम सिंह फोटो उपलब्ध है मकान संख्या : ४७ आयु : 52 लिंग : पुरुष,0.018
758,नग्गो,husband,टुण्डा,०,51,Female,ZSY1263789,,,N,N,main,,2026-EROLLGEN-S24-86-SIR-FinalRoll-Revision1-HIN-17-WI.pdf,28,8,0.952,N,,नाम : नग्गो पति का नाम: टुण्डा फोटो उपलब्ध है मकान संख्या : ० आयु : 51 लिंग : महिला,0.0204
759,सलीम कुरेशी,father,शरीफ कुरेशी,०,45,Male,ZSY1263466,,,N,N,main,,2026-EROLLGEN-S24-86-SIR-FinalRoll-Revision1-HIN-17-WI.pdf,28,9,0.94,N,,नाम : सलीम कुरेशी पिता का नाम: शरीफ कुरेशी फोटो उपलब्थ है मकान संख्या : ० आयु : 45 लिंग : पुरुष,0.0182
760,पप्पू कुरेशी,father,शरीफ कुरैेशी,00,४४,Male,ZSY1263474,,,N,N,main,,2026-EROLLGEN-S24-86-SIR-FinalRoll-Revision1-HIN-17-WI.pdf,28,10,0.968,N,,नाम : पप्पू कुरेशी पिता का नाम: शरीफ कुरैेशी मकान संख्या : 00 फोटो उपलब्ध है आयु : ४४ लिंग : पुरुष,0.0234
761,शवाना,husband,नजुरूदीन,00,४४,Female,ZSY1263722,,,N,N,main,,2026-EROLLGEN-S24-86-SIR-FinalRoll-Revision1-HIN-17-WI.pdf,28,11,0.963,N,,नाम : शवाना पति का नाम: नजुरूदीन मकान संख्या : 00 फोटो उपलब्ध है आयु : ४४ लिंग : महिला,0.0245
762,इरशाद,father,चुन्ना,00,४4,Male,ZSY1566686,,,N,N,main,,2026-EROLLGEN-S24-86-SIR-FinalRoll-Revision1-HIN-17-WI.pdf,28,12,0.948,N,,नाम : इरशाद पिता का नाम: चुन्ना मकान संख्या : 00 फोटो उपलब्ध है आयु : ४4 लिंग : पुरुष,0.0195
763,मुकीम,father,फईम,00,43,Male,ZSY1567635,,,N,N,main,,2026-EROLLGEN-S24-86-SIR-FinalRoll-Revision1-HIN-17-WI.pdf,28,13,0.964,N,,नाम : मुकीम पिता का नाम: फईम मकान संख्या : 00 फोटो उपलब्ध है आयु : 43 लिंग : पुरुष,0.0171
764,इमरान,father,नत्थी,0०,38,Male,ZSY1263706,,,N,N,main,,2026-EROLLGEN-S24-86-SIR-FinalRoll-Revision1-HIN-17-WI.pdf,28,14,0.948,N,,नाम : इमरान पिता का नाम: नत्थी मकान संख्या : 0० फोटो उपलब्ध है आयु : 38 लिंग : पुरुष,0.0197
765,बन्टू,father,समसुददीन,००,38,Male,ZSY1566470,,,N,N,main,,2026-EROLLGEN-S24-86-SIR-FinalRoll-Revision1-HIN-17-WI.pdf,28,15,0.95,N,,नाम : बन्टू पिता का नाम: समसुददीन मकान संख्या : ०० फोटो उपलब्ध है आयु : 38 लिंग : पुरुष,0.0167
766,ताजुददीन कुरैेशी,father,मौ उमर,८१,36,Male,ZSY1263433,,,N,N,main,,2026-EROLLGEN-S24-86-SIR-FinalRoll-Revision1-HIN-17-WI.pdf,28,16,0.966,N,,नाम : ताजुददीन कुरैेशी पिता का नाम: मौ उमर मकान संख्या : ८१ फोटो उपलब्ध है आयु : 36 लिंग : पुरुष,0.0251
767,अकरम,father,रहीस,00,36,Male,ZSY1566082,,,N,N,main,,2026-EROLLGEN-S24-86-SIR-FinalRoll-Revision1-HIN-17-WI.pdf,28,17,0.975,N,,नाम : अकरम पिता का नाम: रहीस मकान संख्या : 00 फोटो उपलब्ध है आयु : 36 लिंग : पुरुष,0.0261
768,इमरान कुरेशी,father,मो उमर,८१,34,Male,ZSY1263441,,,N,N,main,,2026-EROLLGEN-S24-86-SIR-FinalRoll-Revision1-HIN-17-WI.pdf,28,18,0.963,N,,नाम : इमरान कुरेशी पिता का नाम: मो उमर मकान संख्या : ८१ फोटो उपलब्ध है आयु : 34 लिं : पुरुष,0.0242
769,सलमान,father,निसार,00,34,Male,ZSY1566447,,,N,N,main,,2026-EROLLGEN-S24-86-SIR-FinalRoll-Revision1-HIN-17-WI.pdf,28,19,0.965,N,,नाम : सलमान पिता का नाम: निसार फोटो उपलब्ध है मकान संख्या : 00 आयु : 34 लिंग : पुरुष,0.0209
770,आशीश जूरेल,father,जगदीश,४७,33,Male,ZSY1264068,,,N,N,main,,2026-EROLLGEN-S24-86-SIR-FinalRoll-Revision1-HIN-17-WI.pdf,28,20,0.975,N,,नाम : आशीश जूरेल पिता का नाम: जगदीश फोटो उपलब्ध है मकान संख्या : ४७ आयु : 33 लिंग : पुरुष,0.0266
771,साबिर,father,नजरू्ददीन,०0,33,Male,ZSY1566413,,,N,N,main,,2026-EROLLGEN-S24-86-SIR-FinalRoll-Revision1-HIN-17-WI.pdf,28,21,0.952,N,,नाम : साबिर पिता का नाम: नजरू्ददीन फोटो उपलब्ध है मकान संख्या : ०0 आयु : 33 लिंग : पुरुष,0.0211
772,रामगोपाल,father,जगदीश जूरेल,४७,32,Male,ZSY1264076,,,N,N,main,,2026-EROLLGEN-S24-86-SIR-FinalRoll-Revision1-HIN-17-WI.pdf,28,22,0.955,N,,नाम : रामगोपाल पिता का नाम: जगदीश जूरेल मकान संख्या : ४७ फोटो उपलब्ध है आयु : 32 लिंग : पुरुष,0.0232
773,शेलेश कुमार,father,मुखत्यार सिंह,४३३,49,Male,ZSY1263631,,,N,N,main,,2026-EROLLGEN-S24-86-SIR-FinalRoll-Revision1-HIN-17-WI.pdf,28,23,0.966,N,,नाम : शेलेश कुमार पिता का नाम: मुखत्यार सिंह मकान संख्या : ४३३ फोटो उपलब्ध है आयु : 49 लिंग : पुरुष,0.028
774,प्रतिभा चौधरी,husband,शैलेश कुमार,४३३,47,Female,ZSY1263623,,,N,N,main,,2026-EROLLGEN-S24-86-SIR-FinalRoll-Revision1-HIN-17-WI.pdf,28,24,0.973,N,,नाम : प्रतिभा चौधरी पति का नाम: शैलेश कुमार मकान संख्या : ४३३ फोटो उपलब्थ है[ आयु : 47 लिंग : महिला,0.0254
775,बल्लू खां,father,साबुददीन,१४४,४४,Male,ZSY1263524,,,N,N,main,,2026-EROLLGEN-S24-86-SIR-FinalRoll-Revision1-HIN-17-WI.pdf,28,25,0.957,N,,नाम : बल्लू खां पिता का नाम: साबुददीन मकान संख्या : १४४ फोटो उपलब्ध है आयु : ४४ लिंग : पुरुष,0.0247
776,हनीफ,father,हवीन,२४०,४०0,Male,ZSY1263862,,,N,N,main,,2026-EROLLGEN-S24-86-SIR-FinalRoll-Revision1-HIN-17-WI.pdf,28,26,0.977,N,,नाम : हनीफ पिता का नाम: हवीन मकान संख्या : २४० फोटो उपलब्ध है[ आयु : ४०0 लिंग : पुरुष,0.0267
777,युनूस खां,father,नूर मोहम्मद,१४४,36,Male,ZSY1263607,,,N,N,main,,2026-EROLLGEN-S24-86-SIR-FinalRoll-Revision1-HIN-17-WI.pdf,28,27,0.966,N,,नाम : युनूस खां पिता का नाम: नूर मोहम्मद मकान संख्या : १४४ फोटो उपलब्ध है आयु : 36 लिंग : पुरुष,0.0257
778,राहुल,father,खूबीराम,१४४,33,Male,ZSY1263516,,,N,N,main,,2026-EROLLGEN-S24-86-SIR-FinalRoll-Revision1-HIN-17-WI.pdf,28,28,0.951,N,,नाम : राहुल पिता का नाम: खूबीराम मकान संख्या : १४४ फोटो उपलब्ध है आयु: 33 लिंग : पुरुष,0.018
779,नाजिम,father,जहीर,१४४/८०,39,Male,ZSY1263912,,,N,N,main,,2026-EROLLGEN-S24-86-SIR-FinalRoll-Revision1-HIN-17-WI.pdf,28,29,0.972,N,,नाम : नाजिम पिता का नाम: जहीर मकान संख्या : १४४/८० फोटो उपलब्थ है आयु : 39 लिंग : पुरुष,0.0216
780,मधुवती,husband,मदन लाल,५१५/११७,50,Female,ZSY1263375,,,N,N,main,,2026-EROLLGEN-S24-86-SIR-FinalRoll-Revision1-HIN-17-WI.pdf,28,30,0.975,N,,नाम : मधुवती पति का नाम: मदन लाल मकान संख्या : ५१५/११७ फोटो उपलब्थ है आयु : 50 लिंग : महिला,0.0182
781,समीना,husband,शकील,संख्या : खंदौली फोटो उपलब्थ है,52,Female,ZSY3621901,,,N,N,main,,2026-EROLLGEN-S24-86-SIR-FinalRoll-Revision1-HIN-17-WI.pdf,29,1,0.98,N,,नाम : समीना पति का नाम: शकील मकान संख्या : खंदौली फोटो उपलब्थ है आयु: 52 लिंग : महिला,0.0229
782,हाजरा,husband,गु्र,संख्या : खंदौली फोटो उपलब्थ है,४४,Female,ZSY3922523,,,N,N,main,,2026-EROLLGEN-S24-86-SIR-FinalRoll-Revision1-HIN-17-WI.pdf,29,2,0.946,N,,नाम : हाजरा पति का नाम: गु्र मकान संख्या : खंदौली फोटो उपलब्थ है आयु : ४४ लिंग : महिला,0.0266
783,नाजिश,father,हस्मु्ीन,संख्या : खंडौली फोटो उपलब्थ है,२5,Female,ZSY3844339,,,N,N,main,,2026-EROLLGEN-S24-86-SIR-FinalRoll-Revision1-HIN-17-WI.pdf,29,3,0.959,N,,नाम : नाजिश पिता का नाम: हस्मु्ीन मकान संख्या : खंडौली फोटो उपलब्थ है आयु : २5 लिंग : महिला,0.0227
784,रोशनी,father,गु्र,संख्या : खँदौली फोटो उपलब्ध है,२४,Female,ZSY3636925,,,N,N,main,,2026-EROLLGEN-S24-86-SIR-FinalRoll-Revision1-HIN-17-WI.pdf,29,4,0.953,N,,नाम : रोशनी पिता का नाम: गु्र मकान संख्या : खँदौली फोटो उपलब्ध है[ आयु : २४ लिंग : महिला,0.0232
785,चांद मोहम्मद,father,पप्पू,संख्या : खंडौली फोटो उपलब्ध है,२2,Male,ZSY3608676,,,N,N,main,,2026-EROLLGEN-S24-86-SIR-FinalRoll-Revision1-HIN-17-WI.pdf,29,5,0.961,N,,नाम : चांद मोहम्मद पिता का नाम: पप्पू मकान संख्या : खंडौली फोटो उपलब्ध है आयु : २2 लिंग : पुरुष,0.0266
786,आकिव,father,गबरुद्ीन,संख्या : खंदौली फोटो उपलब्ध है,22,Male,ZSY3639879,,,N,N,main,,2026-EROLLGEN-S24-86-SIR-FinalRoll-Revision1-HIN-17-WI.pdf,29,6,0.958,N,,नाम : आकिव पिता का नाम: गबरुद्ीन मकान संख्या : खंदौली फोटो उपलब्ध है[ आयु : 22 लिंग : पुरुष,0.0233
787,करीना,father,गवरुह्ीन,संख्या : खंदौली,२2,Female,ZSY3640802,,,N,N,main,,2026-EROLLGEN-S24-86-SIR-FinalRoll-Revision1-HIN-17-WI.pdf,29,7,0.955,N,,नाम : करीना पिता का नाम: गवरुह्ीन फोटो उपलब्ध है मकान संख्या : खंदौली आयु : २2 लिंग : महिला,0.0199
788,शावेस,father,अग्यूब,संख्या : खंडौली,21,Male,ZSY3704434,,,N,N,main,,2026-EROLLGEN-S24-86-SIR-FinalRoll-Revision1-HIN-17-WI.pdf,29,8,0.955,N,,नाम : शावेस पिता का नाम: अग्यूब फोटो उपलब्ध है[ मकान संख्या : खंडौली आयु : 21 लिंग : पुरुष,0.023
789,रूखसार,husband,अज्जो,संख्या : किला,3०,Female,ZSY2511947,,,N,N,main,,2026-EROLLGEN-S24-86-SIR-FinalRoll-Revision1-HIN-17-WI.pdf,29,9,0.963,N,,नाम : रूखसार पति का नाम: अज्जो फोटो उपलब्थ है मकान संख्या : किला आयु : 3० लिंग : महिला,0.0181
790,स्मिता पांडेय,husband,प्रतीक कुमार,संख्या : निअर कानरा बैंक फोटो उपलब्ध है,27,Female,ZSY4037834,,,N,N,main,,2026-EROLLGEN-S24-86-SIR-FinalRoll-Revision1-HIN-17-WI.pdf,29,10,0.977,N,,नाम : स्मिता पांडेय पति का नाम: प्रतीक कुमार मकान संख्या : निअर कानरा बैंक फोटो उपलब्ध है आयु : 27 लिंग : महिला,0.0254
791,रिहाना,husband,भोलू,संख्या : व्यापारी मोहला खंदौली फोटो उपलब्ध है,35,Female,ZSY3921442,,,N,N,main,,2026-EROLLGEN-S24-86-SIR-FinalRoll-Revision1-HIN-17-WI.pdf,29,11,0.96,N,,नाम : रिहाना पति का नाम: भोलू मकान संख्या : व्यापारी मोहला खंदौली फोटो उपलब्ध है आयु : 35 लिंग : महिला,0.0267
811,कामिनी शर्मा,husband,मुकेश शर्मा,संख्या : निअर कानरा बैंक फोटो उपलब्थ है,52,Female,1ZSY4047338,,,N,N,main,,2026-EROLLGEN-S24-86-SIR-FinalRoll-Revision1-HIN-17-WI.pdf,30,1,0.985,Y,serial_corrected,नाम : कामिनी शर्मा पति का नाम: मुकेश शर्मा मकान संख्या : निअर कानरा बैंक फोटो उपलब्थ है आयु : 52 लिंग : महिला,0.0289
812,ुड़ी,husband,रहीस,126,४8,Female,1ZSY4051033,,,N,N,main,,2026-EROLLGEN-S24-86-SIR-FinalRoll-Revision1-HIN-17-WI.pdf,30,2,0.961,Y,serial_corrected,नाम : ुड़ी पति का नाम: रहीस मकान संख्या : 126 फोटो उपलब्थ है आयु : ४8 लिंग : महिला,0.0285
813,मुमताज,father,मुस्ताक,380,४7,Male,1ZSY4054029,,,N,N,main,,2026-EROLLGEN-S24-86-SIR-FinalRoll-Revision1-HIN-17-WI.pdf,30,3,0.967,Y,serial_corrected,नाम : मुमताज पिता का नाम: मुस्ताक मकान संख्या : 380 फोटो उपलब्थ है आयु : ४7 लिंग : पुरुष,0.0239
814,बंटू,father,टुन्डा,82,32,Male,1ZSY4054045,,,N,N,main,,2026-EROLLGEN-S24-86-SIR-FinalRoll-Revision1-HIN-17-WI.pdf,30,4,0.974,Y,serial_corrected,नाम : बंटू पिता का नाम: टुन्डा मकान संख्या : 82 फोटो उपलब्ध है[ आयु : 32 लिंग : पुरुष,0.0212
815,हिना,husband,अपसार,47,32,Female,1ZSY4056529,,,N,N,main,,2026-EROLLGEN-S24-86-SIR-FinalRoll-Revision1-HIN-17-WI.pdf,30,5,0.972,Y,serial_corrected,नाम : हिना पति का नाम: अपसार मकान संख्या : 47अ फोटो उपलब्ध है आयु : 32 लिंग : महिला,0.028
816,रानी,husband,हनीफ,96,35,Female,1ZSY4059648,,,N,N,main,,2026-EROLLGEN-S24-86-SIR-FinalRoll-Revision1-HIN-17-WI.pdf,30,6,0.979,Y,serial_corrected,नाम : रानी पति का नाम: हनीफ मकान संख्या : 96 फोटो उपलब्ध है आयु : 35 लिंग : महिला,0.0225
817,नसीमा,husband,ताजुद्ीन कुरेशी,81,2९,Female,1ZSY4059721,,,N,N,main,,2026-EROLLGEN-S24-86-SIR-FinalRoll-Revision1-HIN-17-WI.pdf,30,7,0.977,Y,serial_corrected,नाम : नसीमा पति का नाम: ताजुद्ीन कुरेशी फोटो उपलब्ध है मकान संख्या : 81 आयु : 2९ लिंग : महिला,0.0204
818,अन्जुम,father,फरमान,21,31,Female,1ZSY4061628,,,N,N,main,,2026-EROLLGEN-S24-86-SIR-FinalRoll-Revision1-HIN-17-WI.pdf,30,8,0.97,Y,serial_corrected,नाम : अन्जुम पिता का नाम: फरमान फोटो उपलब्ध है मकान संख्या : 21 आयु : 31 लिंग : महिला,0.024
819,अकिल,father,इस्लाम कुरेशी,109,32,Male,1ZSY4061784,,,N,N,main,,2026-EROLLGEN-S24-86-SIR-FinalRoll-Revision1-HIN-17-WI.pdf,30,9,0.976,Y,serial_corrected,नाम : अकिल पिता का नाम: इस्लाम कुरेशी फोटो उपलब्थ है मकान संख्या : 109 आयु : 32 लिंग : पुरुष,0.0203
820,आफरीन,husband,बंट्ू,82,39,Female,1ZSY4061966,,,N,N,main,,2026-EROLLGEN-S24-86-SIR-FinalRoll-Revision1-HIN-17-WI.pdf,30,10,0.976,Y,serial_corrected,नाम : आफरीन पति का नाम: बंट्ू मकान संख्या : 82 फोटो उपलब्ध है आयु : 39 लिंग : महिला,0.0196
821,वकील,father,टुन्डा,82,47,Male,1ZSY4062030,,,N,N,main,,2026-EROLLGEN-S24-86-SIR-FinalRoll-Revision1-HIN-17-WI.pdf,30,11,0.972,Y,serial_corrected,नाम : वकील पिता का नाम: टुन्डा मकान संख्या : 82 फोटो उपलब्ध है आयु : 47 लिंग : पुरुष,0.0241
822,रिहाना बेगम,husband,साहिद,109,38,Female,1ZSY4074399,,,N,N,main,,2026-EROLLGEN-S24-86-SIR-FinalRoll-Revision1-HIN-17-WI.pdf,30,12,0.98,Y,serial_corrected,नाम : रिहाना बेगम पति का नाम: साहिद मकान संख्या : 109 फोटो उपलब्ध है आयु: 38 लिंग : महिला,0.0229
823,सबनम,father,शब्बीर,129,3४,Female,1ZSY4074431,,,N,N,main,,2026-EROLLGEN-S24-86-SIR-FinalRoll-Revision1-HIN-17-WI.pdf,30,13,0.982,Y,serial_corrected,नाम : सबनम पिता का नाम: शब्बीर मकान संख्या : 129 फोटो उपलब्ध है आयु : 3४ लिंग : महिला,0.0178
824,यासमीन,husband,फिरोज़ खान,12,२8,Female,1ZSY4074498,,,N,N,main,,2026-EROLLGEN-S24-86-SIR-FinalRoll-Revision1-HIN-17-WI.pdf,30,14,0.97,Y,serial_corrected,नाम : यासमीन पति का नाम: फिरोज़ खान मकान संख्या : 12 फोटो उपलब्ध है आयु : २8 लिंग : महिला,0.0245
825,फरमान,father,इरफ़रान,73,18,Female,1ZSY4074811,,,N,N,main,,2026-EROLLGEN-S24-86-SIR-FinalRoll-Revision1-HIN-17-WI.pdf,30,15,0.975,Y,serial_corrected,नाम : फरमान पिता का नाम: इरफ़रान मकान संख्या : 73 फोटो उपलब्ध है आयु : 18 लिंग : महिला,0.0187
826,सोहिल रजा,father,जहीर,149,18,Male,1ZSY4075859,,,N,N,main,,2026-EROLLGEN-S24-86-SIR-FinalRoll-Revision1-HIN-17-WI.pdf,30,16,0.987,Y,serial_corrected,नाम : सोहिल रजा पिता का नाम: जहीर मकान संख्या : 149 फोटो उपलब्ध है आयु : 18 लिंग : पुरुष,0.0239
827,रेशमा,husband,पप्पू,96,39,Female,1ZSY4078689,,,N,N,main,,2026-EROLLGEN-S24-86-SIR-FinalRoll-Revision1-HIN-17-WI.pdf,30,17,0.967,Y,serial_corrected,नाम : रेशमा पति का नाम: पप्पू मकान संख्या : 96 फोटो उपलब्ध है आयु : 39 लिंग : महिला,0.0286
828,हुमा,husband,इमरान,81,२8,Female,1ZSY4078762,,,N,N,main,,2026-EROLLGEN-S24-86-SIR-FinalRoll-Revision1-HIN-17-WI.pdf,30,18,0.97,Y,serial_corrected,नाम : हुमा पति का नाम: इमरान मकान संख्या : 81 फोटो उपलब्ध है आयु : २8 लिंग : महिला,0.0244
829,मेहंदी,father,साविर,12,22,Female,1ZSY4079596,,,N,N,main,,2026-EROLLGEN-S24-86-SIR-FinalRoll-Revision1-HIN-17-WI.pdf,30,19,0.976,Y,serial_corrected,नाम : मेहंदी पिता का नाम: साविर फोटो उपलब्ध है मकान संख्या : 12 आयु : 22 लिंग : महिला,0.0225
830,मोहम्मद इरफ़ान कुरेशी,father,अंसार,121,30,Male,1ZSY4079778,,,N,N,main,,2026-EROLLGEN-S24-86-SIR-FinalRoll-Revision1-HIN-17-WI.pdf,30,20,0.97,Y,serial_corrected,नाम : मोहम्मद इरफ़ान कुरेशी पिता का नाम: अंसार फोटो उपलब्ध है मकान संख्या : 121 आयु : 30 लिंग : पुरुष,0.0292
831,तहसीम,husband,जाविद,108,31,Female,1ZSY4088472,,,N,N,main,,2026-EROLLGEN-S24-86-SIR-FinalRoll-Revision1-HIN-17-WI.pdf,30,21,0.965,Y,serial_corrected,नाम : तहसीम पति का नाम: जाविद फोटो उपलब्ध है मकान संख्या : 108 आयु : 31 लिंग : महिला,0.0248
832,नासिर कुरेशी,father,मो इस्लाम,109,23,Male,1ZSY4088597,,,N,N,main,,2026-EROLLGEN-S24-86-SIR-FinalRoll-Revision1-HIN-17-WI.pdf,30,22,0.97,Y,serial_corrected,नाम : नासिर कुरेशी पिता का नाम: मो इस्लाम मकान संख्या : 109 फोटो उपलब्ध है आयु : 23 लिंग : पुरुष,0.0245
833,फरजाना,husband,सलीम,121,४०,Female,1ZSY4103305,,,N,N,main,,2026-EROLLGEN-S24-86-SIR-FinalRoll-Revision1-HIN-17-WI.pdf,30,23,0.969,Y,serial_corrected,नाम : फरजाना पति का नाम: सलीम मकान संख्या : 121 फोटो उपलब्थ है आयु : ४० लिंग : महिला,0.029
834,हिना,father,आसीन,122,२2,Female,1ZSY4105060,,,N,N,main,,2026-EROLLGEN-S24-86-SIR-FinalRoll-Revision1-HIN-17-WI.pdf,30,24,0.897,Y,serial_corrected|low_ocr_confidence,नाम : हिना पिता का नाम: आसीन मकान संख्या : 122 फोटो उपलब्थ है आयु : २2 लिंग : महिला,0.0233
835,जमीला,husband,चुत्ता,144,52,Female,1ZSY4106019,,,N,N,main,,2026-EROLLGEN-S24-86-SIR-FinalRoll-Revision1-HIN-17-WI.pdf,30,25,0.965,Y,serial_corrected,नाम : जमीला पति का नाम: चुत्ता मकान संख्या : 144 फोटो उपलब्ध है आयु : 52 लिंग : महिला,0.0218
836,रुवीना,father,मेहराजुट्वीन,25,28,Female,1ZSY4106118,,,N,N,main,,2026-EROLLGEN-S24-86-SIR-FinalRoll-Revision1-HIN-17-WI.pdf,30,26,0.96,Y,serial_corrected,नाम : रुवीना पिता का नाम: मेहराजुट्वीन मकान संख्या : 25 फोटो उपलब्ध है आयु : 28 लिंग : महिला,0.0279
837,रीना,father,इरफ़ान,73,27,Female,1ZSY4115069,,,N,N,main,,2026-EROLLGEN-S24-86-SIR-FinalRoll-Revision1-HIN-17-WI.pdf,30,27,0.976,Y,serial_corrected,नाम : रीना पिता का नाम: इरफ़ान मकान संख्या : 73 फोटो उपलब्ध है आयु : 27 लिंग : महिला,0.0228
838,मंतीषा,father,इरफ़रान,73,19,Female,1ZSY4115358,,,N,N,main,,2026-EROLLGEN-S24-86-SIR-FinalRoll-Revision1-HIN-17-WI.pdf,30,28,0.982,Y,serial_corrected,नाम : मंतीषा पिता का नाम: इरफ़रान मकान संख्या : 73 फोटो उपलब्ध है आयु : 19 लिंग : महिला,0.0194
839,शान अली,father,ताजु्वीन,90/279,21,Male,1ZSY4115853,,,N,N,main,,2026-EROLLGEN-S24-86-SIR-FinalRoll-Revision1-HIN-17-WI.pdf,30,29,0.97,Y,serial_corrected,नाम : शान अली पिता का नाम: ताजु्वीन मकान संख्या : 90/279 फोटो उपलब्थ है आयु : 21 लिंग : पुरुष,0.0266
840,सोहिल,father,पप्पू,109,19,Male,1ZSY4115903,,,N,N,main,,2026-EROLLGEN-S24-86-SIR-FinalRoll-Revision1-HIN-17-WI.pdf,30,30,0.977,Y,serial_corrected,नाम : सोहिल पिता का नाम: पप्पू मकान संख्या : 109 फोटो उपलब्थ है आयु : 19 लिंग : पुरुष,0.0204
841,सुमाइला,father,शाहिद,80,२0,Female,1ZSY4121737,,,N,N,main,,2026-EROLLGEN-S24-86-SIR-FinalRoll-Revision1-HIN-17-WI.pdf,31,1,0.974,Y,serial_corrected,नाम : सुमाइला पिता का नाम: शाहिद मकान संख्या : 80 फोटो उपलब्थ है आयु : २0 लिंग : महिला,0.0236
842,रीहाना,husband,रशिद खान,149,52,Female,1ZSY4121778,,,N,N,main,,2026-EROLLGEN-S24-86-SIR-FinalRoll-Revision1-HIN-17-WI.pdf,31,2,0.97,Y,serial_corrected,नाम : रीहाना पति का नाम: रशिद खान मकान संख्या : 149 फोटो उपलब्थ है आयु : 52 लिंग : महिला,0.0293
843,निक्की,father,महिराजउद्ीन,136,२9,Female,1ZSY4123485,,,N,N,main,,2026-EROLLGEN-S24-86-SIR-FinalRoll-Revision1-HIN-17-WI.pdf,31,3,0.948,Y,serial_corrected,नाम : निक्की पिता का नाम: महिराजउद्ीन मकान संख्या : 136 फोटो उपलब्थ है आयु : २9 लिंग : महिला,0.0249
844,खुसबू,father,गुलफ़ान,73,२०,Female,1ZSY4123493,,,N,N,main,,2026-EROLLGEN-S24-86-SIR-FinalRoll-Revision1-HIN-17-WI.pdf,31,4,0.966,Y,serial_corrected,नाम : खुसबू पिता का नाम: गुलफ़ान मकान संख्या : 73 फोटो उपलब्ध है[ आयु : २० लिंग : महिला,0.0219
845,खुशबू,father,गुलफ़ान,73,२0,Female,1ZSY4123501,,,N,N,main,,2026-EROLLGEN-S24-86-SIR-FinalRoll-Revision1-HIN-17-WI.pdf,31,5,0.967,Y,serial_corrected,नाम : खुशबू पिता का नाम: गुलफ़ान मकान संख्या : 73 फोटो उपलब्ध है आयु : २0 लिंग : महिला,0.0277
846,अमीना,husband,जाविद,90,४6,Female,1ZSY4123519,,,N,N,main,,2026-EROLLGEN-S24-86-SIR-FinalRoll-Revision1-HIN-17-WI.pdf,31,6,0.977,Y,serial_corrected,नाम : अमीना पति का नाम: जाविद मकान संख्या : 90 फोटो उपलब्ध है आयु : ४6 लिंग : महिला,0.0224
847,सारिका,father,महिराजउद्वीन,136,21,Female,1ZSY4123527,,,N,N,main,,2026-EROLLGEN-S24-86-SIR-FinalRoll-Revision1-HIN-17-WI.pdf,31,7,0.964,Y,serial_corrected,नाम : सारिका पिता का नाम: महिराजउद्वीन फोटो उपलब्ध है मकान संख्या : 136 आयु : 21 लिंग : महिला,0.0195
848,रुम्सा,father,महिराजउद्ीन,136,२४,Female,1ZSY4123535,,,N,N,main,,2026-EROLLGEN-S24-86-SIR-FinalRoll-Revision1-HIN-17-WI.pdf,31,8,0.943,Y,serial_corrected,नाम : रुम्सा पिता का नाम: महिराजउद्ीन फोटो उपलब्ध है मकान संख्या : 136 आयु : २४ लिंग : महिला,0.0247
849,सीमा,husband,रिज़वान,80,31,Female,1ZSY4123543,,,N,N,main,,2026-EROLLGEN-S24-86-SIR-FinalRoll-Revision1-HIN-17-WI.pdf,31,9,0.977,Y,serial_corrected,नाम : सीमा पति का नाम: रिज़वान फोटो उपलब्थ है मकान संख्या : 80 आयु : 31 लिंग : महिला,0.0189
850,सौम्या कुमार,father,हरिओम सिंह,136,१९,Female,1ZSY4123550,,,N,N,main,,2026-EROLLGEN-S24-86-SIR-FinalRoll-Revision1-HIN-17-WI.pdf,31,10,0.98,Y,serial_corrected,नाम : सौम्या कुमार पिता का नाम: हरिओम सिंह मकान संख्या : 136 फोटो उपलब्ध है आयु : १९ लिंग : महिला,0.0231
851,समरीन,father,जाविद,90,28,Female,1ZSY4123568,,,N,N,main,,2026-EROLLGEN-S24-86-SIR-FinalRoll-Revision1-HIN-17-WI.pdf,31,11,0.962,Y,serial_corrected,नाम : समरीन पिता का नाम: जाविद मकान संख्या : 90 फोटो उपलब्ध है आयु : 28 लिंग : महिला,0.0255
852,अन्जुम,husband,इमरान,80,२9,Female,1ZSY4123576,,,N,N,main,,2026-EROLLGEN-S24-86-SIR-FinalRoll-Revision1-HIN-17-WI.pdf,31,12,0.978,Y,serial_corrected,नाम : अन्जुम पति का नाम: इमरान मकान संख्या : 80 फोटो उपलब्ध है आयु : २9 लिंग : महिला,0.0209
853,शमा,father,पप्पू,109,४6,Female,1ZSY4124582,,,N,N,main,,2026-EROLLGEN-S24-86-SIR-FinalRoll-Revision1-HIN-17-WI.pdf,31,13,0.981,Y,serial_corrected,नाम : शमा पिता का नाम: पप्पू मकान संख्या : 109 फोटो उपलब्ध है आयु : ४6 लिंग : महिला,0.0173
854,साजिया,husband,अदीम,149,21,Female,1ZSY4124624,,,N,N,main,,2026-EROLLGEN-S24-86-SIR-FinalRoll-Revision1-HIN-17-WI.pdf,31,14,0.984,Y,serial_corrected,नाम : साजिया पति का नाम: अदीम मकान संख्या : 149 फोटो उपलब्ध है आयु : 21 लिंग : महिला,0.0232
855,रहीसा बेगम,husband,अंसार,121,3६,Female,1ZSY4124640,,,N,N,main,,2026-EROLLGEN-S24-86-SIR-FinalRoll-Revision1-HIN-17-WI.pdf,31,15,0.974,Y,serial_corrected,नाम : रहीसा बेगम पति का नाम: अंसार मकान संख्या : 121 फोटो उपलब्ध है आयु : 3६ लिंग : महिला,0.0187
856,मुस्कान,father,गुलफ़रान,73,२3,Female,1ZSY4139010,,,N,N,main,,2026-EROLLGEN-S24-86-SIR-FinalRoll-Revision1-HIN-17-WI.pdf,31,16,0.97,Y,serial_corrected,नाम : मुस्कान पिता का नाम: गुलफ़रान मकान संख्या : 73 फोटो उपलब्ध है आयु : २3 लिंग : महिला,0.0241
857,बंटी कुमार,father,मुरारी लाल,515/117,30,Male,1ZSY4139028,,,N,N,main,,2026-EROLLGEN-S24-86-SIR-FinalRoll-Revision1-HIN-17-WI.pdf,31,17,0.959,Y,serial_corrected,नाम : बंटी कुमार पिता का नाम: मुरारी लाल मकान संख्या : 515/117 फोटो उपलब्ध है आयु: 30 लिंग : पुरुष,0.0317
858,हिना,father,इरफान,73,२3,Female,1ZSY4139051,,,N,N,main,,2026-EROLLGEN-S24-86-SIR-FinalRoll-Revision1-HIN-17-WI.pdf,31,18,0.969,Y,serial_corrected,नाम : हिना पिता का नाम: इरफान मकान संख्या : 73 फोटो उपलब्ध है आयु : २3 लिंग : महिला,0.0242
859,करिश्मा,father,इरफान,73,21,Female,1ZSY4139077,,,N,N,main,,2026-EROLLGEN-S24-86-SIR-FinalRoll-Revision1-HIN-17-WI.pdf,31,19,0.977,Y,serial_corrected,नाम : करिश्मा पिता का नाम: इरफान फोटो उपलब्ध है मकान संख्या : 73 आयु : 21 लिंग : महिला,0.0232
860,कामिनी,husband,बंटी कुमार,515/117,२०,Female,1ZSY4140745,,,N,N,main,,2026-EROLLGEN-S24-86-SIR-FinalRoll-Revision1-HIN-17-WI.pdf,31,20,0.978,Y,serial_corrected,नाम : कामिनी पति का नाम: बंटी कुमार फोटो उपलब्ध है मकान संख्या : 515/117 आयु : २० लिंग : महिला,0.0302
861,दानिश,father,सफीक,72,19,Male,1ZSY4140786,,,N,N,main,,2026-EROLLGEN-S24-86-SIR-FinalRoll-Revision1-HIN-17-WI.pdf,31,21,0.97,Y,serial_corrected,नाम : दानिश पिता का नाम: सफीक फोटो उपलब्ध है मकान संख्या : 72 आयु : 19 लिंग : पुरुष,0.0229
862,रानी कुरेशी,father,प्पू कुरेशी,80,22,Female,1ZSY4144002,,,N,N,main,,2026-EROLLGEN-S24-86-SIR-FinalRoll-Revision1-HIN-17-WI.pdf,31,22,0.965,Y,serial_corrected,नाम : रानी कुरेशी पिता का नाम: प्पू कुरेशी मकान संख्या : 80 फोटो उपलब्ध है आयु : 22 लिंग : महिला,0.0248
863,मेकसा,father,युनिस,91,२४,Female,1ZSY4144028,,,N,N,main,,2026-EROLLGEN-S24-86-SIR-FinalRoll-Revision1-HIN-17-WI.pdf,31,23,0.977,Y,serial_corrected,नाम : मेकसा पिता का नाम: युनिस मकान संख्या : 91 फोटो उपलब्थ है आयु : २४ लिंग : महिला,0.0281
864,आशा देवी,husband,हरिओम,136,52,Female,1ZSY4144044,,,N,N,main,,2026-EROLLGEN-S24-86-SIR-FinalRoll-Revision1-HIN-17-WI.pdf,31,24,0.978,Y,serial_corrected,नाम : आशा देवी पति का नाम: हरिओम मकान संख्या : 136 फोटो उपलब्थ है[ आयु : 52 लिंग : महिला,0.0254
865,सयामा,father,युनिस,91,२6,Female,1ZSY4144069,,,N,N,main,,2026-EROLLGEN-S24-86-SIR-FinalRoll-Revision1-HIN-17-WI.pdf,31,25,0.958,Y,serial_corrected,नाम : सयामा पिता का नाम: युनिस मकान संख्या : 91 फोटो उपलब्ध है आयु : २6 लिंग : महिला,0.0219
866,नाज़मीन,father,पप्पू करैशी,80,26,Female,1ZSY4144093,,,N,N,main,,2026-EROLLGEN-S24-86-SIR-FinalRoll-Revision1-HIN-17-WI.pdf,31,26,0.949,Y,serial_corrected,नाम : नाज़मीन पिता का नाम: पप्पू करैशी मकान संख्या : 80 फोटो उपलब्ध है आयु : 26 लिंग : महिला,0.0287
867,मेह्वीस,father,युनिस,91,22,Female,1ZSY4144127,,,N,N,main,,2026-EROLLGEN-S24-86-SIR-FinalRoll-Revision1-HIN-17-WI.pdf,31,27,0.961,Y,serial_corrected,नाम : मेह्वीस पिता का नाम: युनिस मकान संख्या : 91 फोटो उपलब्ध है आयु : 22 लिंग : महिला,0.0223
868,चांद मोहम्मद,father,हनीफ,240,29,Male,1ZSY4147278,,,N,N,main,,2026-EROLLGEN-S24-86-SIR-FinalRoll-Revision1-HIN-17-WI.pdf,31,28,0.972,Y,serial_corrected,नाम : चांद मोहम्मद पिता का नाम: हनीफ मकान संख्या : 240 फोटो उपलब्ध है आयु : 29 लिंग : पुरुष,0.0211
869,इमरान,father,इरफान,73,20,Male,1ZSY4147286,,,N,N,main,,2026-EROLLGEN-S24-86-SIR-FinalRoll-Revision1-HIN-17-WI.pdf,31,29,0.981,Y,serial_corrected,नाम : इमरान पिता का नाम: इरफान मकान संख्या : 73 फोटो उपलब्थ है आयु : 20 लिंग : पुरुष,0.0246
870,हिना,father,हनीफ,240,२5,Female,1ZSY4147344,,,N,N,main,,2026-EROLLGEN-S24-86-SIR-FinalRoll-Revision1-HIN-17-WI.pdf,31,30,0.964,Y,serial_corrected,नाम : हिना पिता का नाम: हनीफ मकान संख्या : 240 फोटो उपलब्थ है आयु : २5 लिंग : महिला,0.0202
871,नसीमा,father,शरीफ,126,28,Female,1ZSY4147385,,,N,N,main,,2026-EROLLGEN-S24-86-SIR-FinalRoll-Revision1-HIN-17-WI.pdf,32,1,0.969,Y,serial_corrected,नाम : नसीमा पिता का नाम: शरीफ मकान संख्या : 126 फोटो उपलब्थ है आयु : 28 लिंग : महिला,0.0229
872,सहनाज,husband,हनीफ,240,71,Female,1ZSY4147302,,,N,N,main,,2026-EROLLGEN-S24-86-SIR-FinalRoll-Revision1-HIN-17-WI.pdf,32,2,0.983,Y,serial_corrected,नाम : सहनाज पति का नाम: हनीफ मकान संख्या : 240 फोटो उपलब्थ है आयु : 71 लिंग : महिला,0.0293
873,अयान,father,अंसार,121,२0,Male,1ZSY4147294,,,N,N,main,,2026-EROLLGEN-S24-86-SIR-FinalRoll-Revision1-HIN-17-WI.pdf,32,3,0.962,Y,serial_corrected,नाम : अयान पिता का नाम: अंसार मकान संख्या : 121 फोटो उपलब्थ है[ आयु : २0 लिंग : पुरुष,0.023
874,सोहिल,father,शरीफ,126,२४,Male,1ZSY4147245,,,N,N,main,,2026-EROLLGEN-S24-86-SIR-FinalRoll-Revision1-HIN-17-WI.pdf,32,4,0.976,Y,serial_corrected,नाम : सोहिल पिता का नाम: शरीफ मकान संख्या : 126 फोटो उपलब्ध है[ आयु : २४ लिंग : पुरुष,0.0219
875,रिहाना,husband,गब्बर,230,3४,Female,1ZSY4147229,,,N,N,main,,2026-EROLLGEN-S24-86-SIR-FinalRoll-Revision1-HIN-17-WI.pdf,32,5,0.978,Y,serial_corrected,नाम : रिहाना पति का नाम: गब्बर मकान संख्या : 230 फोटो उपलब्ध है आयु : 3४ लिंग : महिला,0.0276
876,रेशमा,father,शरीफ,126,२7,Female,1ZSY4147237,,,N,N,main,,2026-EROLLGEN-S24-86-SIR-FinalRoll-Revision1-HIN-17-WI.pdf,32,6,0.975,Y,serial_corrected,नाम : रेशमा पिता का नाम: शरीफ मकान संख्या : 126 फोटो उपलब्ध है[ आयु : २7 लिंग : महिला,0.0226
877,दिलशाद,father,अंसार,121,27,Male,1ZSY4147260,,,N,N,main,,2026-EROLLGEN-S24-86-SIR-FinalRoll-Revision1-HIN-17-WI.pdf,32,7,0.972,Y,serial_corrected,नाम : दिलशाद पिता का नाम: अंसार फोटो उपलब्ध है मकान संख्या : 121 आयु : 27 लिंग : पुरुष,0.018
878,गुलफ़्सा,father,हनीफ,240,२6,Female,1ZSY4147252,,,N,N,main,,2026-EROLLGEN-S24-86-SIR-FinalRoll-Revision1-HIN-17-WI.pdf,32,8,0.958,Y,serial_corrected,नाम : गुलफ़्सा पिता का नाम: हनीफ फोटो उपलब्ध है मकान संख्या : 240 आयु : २6 लिंग : महिला,0.0255
879,आरिफ,father,शब्बीर,124,28,Male,1ZSY4150009,,,N,N,main,,2026-EROLLGEN-S24-86-SIR-FinalRoll-Revision1-HIN-17-WI.pdf,32,9,0.961,Y,serial_corrected,नाम : आरिफ पिता का नाम: शब्बीर फोटो उपलब्थ है मकान संख्या : 124 आयु : 28 लिंग : पुरुष,0.0182
880,मुस्कान,father,शब्बीर,124,२०,Female,1ZSY4150017,,,N,N,main,,2026-EROLLGEN-S24-86-SIR-FinalRoll-Revision1-HIN-17-WI.pdf,32,10,0.967,Y,serial_corrected,नाम : मुस्कान पिता का नाम: शब्बीर मकान संख्या : 124 फोटो उपलब्ध है आयु : २० लिंग : महिला,0.0195
881,रिहान,father,फ्रौजू,149,19,Male,1ZSY4150025,,,N,N,main,,2026-EROLLGEN-S24-86-SIR-FinalRoll-Revision1-HIN-17-WI.pdf,32,11,0.973,Y,serial_corrected,नाम : रिहान पिता का नाम: फ्रौजू मकान संख्या : 149 फोटो उपलब्ध है आयु : 19 लिंग : पुरुष,0.0236
882,फरमान करेशी,father,शब्बीर,124,23,Male,1ZSY4150058,,,N,N,main,,2026-EROLLGEN-S24-86-SIR-FinalRoll-Revision1-HIN-17-WI.pdf,32,12,0.967,Y,serial_corrected,नाम : फरमान करेशी पिता का नाम: शब्बीर मकान संख्या : 124 फोटो उपलब्ध है आयु : 23 लिंग : पुरुष,0.022
883,गुड़िया,father,अंसार,121,२४,Female,1ZSY4150124,,,N,N,main,,2026-EROLLGEN-S24-86-SIR-FinalRoll-Revision1-HIN-17-WI.pdf,32,13,0.978,Y,serial_corrected,नाम : गुड़िया पिता का नाम: अंसार मकान संख्या : 121 फोटो उपलब्ध है आयु : २४ लिंग : महिला,0.0177
884,साजिया,father,शब्बीर,124,18,Female,1ZSY4150132,,,N,N,main,,2026-EROLLGEN-S24-86-SIR-FinalRoll-Revision1-HIN-17-WI.pdf,32,14,0.982,Y,serial_corrected,नाम : साजिया पिता का नाम: शब्बीर मकान संख्या : 124 फोटो उपलब्ध है आयु : 18 लिंग : महिला,0.0238
885,रोशनी,father,अंसार,121,२3,Female,1ZSY4150157,,,N,N,main,,2026-EROLLGEN-S24-86-SIR-FinalRoll-Revision1-HIN-17-WI.pdf,32,15,0.977,Y,serial_corrected,नाम : रोशनी पिता का नाम: अंसार मकान संख्या : 121 फोटो उपलब्ध है आयु : २3 लिंग : महिला,0.0184
886,सकीला,husband,शब्बीर,124,51,Female,1ZSY4150165,,,N,N,main,,2026-EROLLGEN-S24-86-SIR-FinalRoll-Revision1-HIN-17-WI.pdf,32,16,0.978,Y,serial_corrected,नाम : सकीला पति का नाम: शब्बीर मकान संख्या : 124 फोटो उपलब्ध है आयु : 51 लिंग : महिला,0.0239
887,साईबा,father,अंसार,121,२3,Female,1ZSY4150173,,,N,N,main,,2026-EROLLGEN-S24-86-SIR-FinalRoll-Revision1-HIN-17-WI.pdf,32,17,0.961,Y,serial_corrected,नाम : साईबा पिता का नाम: अंसार मकान संख्या : 121 फोटो उपलब्ध है आयु : २3 लिंग : महिला,0.0291
888,गुड़िया,husband,सानू,14,35,Female,1ZSY4154050,,,N,N,main,,2026-EROLLGEN-S24-86-SIR-FinalRoll-Revision1-HIN-17-WI.pdf,32,18,0.972,Y,serial_corrected,नाम : गुड़िया पति का नाम: सानू मकान संख्या : 14 फोटो उपलब्ध है आयु: 35 लिंग : महिला,0.024
889,सायमा,husband,नकीम,80,32,Female,1ZSY4154100,,,N,N,main,,2026-EROLLGEN-S24-86-SIR-FinalRoll-Revision1-HIN-17-WI.pdf,32,19,0.988,Y,serial_corrected,नाम : सायमा पति का नाम: नकीम फोटो उपलब्ध है मकान संख्या : 80 आयु : 32 लिंग : महिला,0.0234
890,मुबीना,husband,महराजुद्वीन,25,४9,Female,1ZSY4154118,,,N,N,main,,2026-EROLLGEN-S24-86-SIR-FinalRoll-Revision1-HIN-17-WI.pdf,32,20,0.971,Y,serial_corrected,नाम : मुबीना पति का नाम: महराजुद्वीन फोटो उपलब्ध है मकान संख्या : 25 आयु : ४9 लिंग : महिला,0.0291
891,सानिया,father,नजरुद्ीन,123,१9,Female,1ZSY4154126,,,N,N,main,,2026-EROLLGEN-S24-86-SIR-FinalRoll-Revision1-HIN-17-WI.pdf,32,21,0.969,Y,serial_corrected,नाम : सानिया पिता का नाम: नजरुद्ीन फोटो उपलब्ध है मकान संख्या : 123 आयु : १9 लिंग : महिला,0.0243
892,मीना,husband,ताजुद्वीन,90/279,52,Female,1ZSY4155057,,,N,N,main,,2026-EROLLGEN-S24-86-SIR-FinalRoll-Revision1-HIN-17-WI.pdf,32,22,0.971,Y,serial_corrected,नाम : मीना पति का नाम: ताजुद्वीन मकान संख्या : 90/279 फोटो उपलब्ध है आयु : 52 लिंग : महिला,0.0232
893,साईन,father,पप्पू कुरैशी,109,२1,Female,1ZSY4155065,,,N,N,main,,2026-EROLLGEN-S24-86-SIR-FinalRoll-Revision1-HIN-17-WI.pdf,32,23,0.974,Y,serial_corrected,नाम : साईन पिता का नाम: पप्पू कुरैशी मकान संख्या : 109 फोटो उपलब्थ है आयु : २1 लिंग : महिला,0.0289
894,सीमा,husband,साबिर,109,36,Female,1ZSY4155115,,,N,N,main,,2026-EROLLGEN-S24-86-SIR-FinalRoll-Revision1-HIN-17-WI.pdf,32,24,0.978,Y,serial_corrected,नाम : सीमा पति का नाम: साबिर मकान संख्या : 109 फोटो उपलब्थ है[ आयु : 36 लिं : महिला,0.0228
895,शारुख कुरेशी,father,इस्लाम कुरेशी,109,28,Male,1ZSY4156311,,,N,N,main,,2026-EROLLGEN-S24-86-SIR-FinalRoll-Revision1-HIN-17-WI.pdf,32,25,0.968,Y,serial_corrected,नाम : शारुख कुरेशी पिता का नाम: इस्लाम कुरेशी मकान संख्या : 109 फोटो उपलब्ध है आयु : 28 लिंग : पुरुष,0.0246
896,आनिया,father,आसीन,122,18,Female,1ZSY4156337,,,N,N,main,,2026-EROLLGEN-S24-86-SIR-FinalRoll-Revision1-HIN-17-WI.pdf,32,26,0.973,Y,serial_corrected,नाम : आनिया पिता का नाम: आसीन मकान संख्या : 122 फोटो उपलब्ध है आयु : 18 लिंग : महिला,0.0274
897,मेहक,father,साबिर,12,१8,Female,1ZSY4156345,,,N,N,main,,2026-EROLLGEN-S24-86-SIR-FinalRoll-Revision1-HIN-17-WI.pdf,32,27,0.963,Y,serial_corrected,नाम : मेहक पिता का नाम: साबिर मकान संख्या : 12 फोटो उपलब्ध है आयु : १8 लिंग : महिला,0.0219
898,रुमसा,father,मेहराजुद्वीन,25,२3,Female,1ZSY4156352,,,N,N,main,,2026-EROLLGEN-S24-86-SIR-FinalRoll-Revision1-HIN-17-WI.pdf,32,28,0.97,Y,serial_corrected,नाम : रुमसा पिता का नाम: मेहराजुद्वीन मकान संख्या : 25 फोटो उपलब्थ है आयु : २3 लिंग : महिला,0.0203
899,समीर,father,साविर,12,21,Male,1ZSY4156360,,,N,N,main,,2026-EROLLGEN-S24-86-SIR-FinalRoll-Revision1-HIN-17-WI.pdf,32,29,0.98,Y,serial_corrected,नाम : समीर पिता का नाम: साविर मकान संख्या : 12 फोटो उपलब्थ है आयु : 21 लिंग : पुरुष,0.024
900,इस्लाम,father,गुलला करैशी,109,60,Male,1ZSY4158762,,,N,N,main,,2026-EROLLGEN-S24-86-SIR-FinalRoll-Revision1-HIN-17-WI.pdf,32,30,0.971,Y,serial_corrected,नाम : इस्लाम पिता का नाम: गुलला करैशी मकान संख्या : 109 फोटो उपलब्थ है आयु : 60 लिंग : पुरुष,0.0217
901,गुडड्,father,कल्लू,126,37,Male,1ZSY4158796,,,N,N,main,,2026-EROLLGEN-S24-86-SIR-FinalRoll-Revision1-HIN-17-WI.pdf,33,1,0.98,Y,serial_corrected,नाम : गुडड् पिता का नाम: कल्लू मकान संख्या : 126 फोटो उपलब्थ है आयु : 37 लिंग : पुरुष,0.023
902,समा कुरैेशी,father,इस्लाम कुरेशी,109,30,Female,1ZSY4158804,,,N,N,main,,2026-EROLLGEN-S24-86-SIR-FinalRoll-Revision1-HIN-17-WI.pdf,33,2,0.939,Y,serial_corrected,नाम : समा कुरैेशी पिता का नाम: इस्लाम कुरेशी मकान संख्या : 109 फोटो उपलब्थ है आयु : 30 लिंग : महिला,0.0321
903,वशीम,father,गुडड़्,126,2४,Male,1ZSY4158812,,,N,N,main,,2026-EROLLGEN-S24-86-SIR-FinalRoll-Revision1-HIN-17-WI.pdf,33,3,0.96,Y,serial_corrected,नाम : वशीम पिता का नाम: गुडड़् मकान संख्या : 126 फोटो उपलब्थ है[ आयु : 2४ लिंग : पुरुष,0.0231
904,सारिका,father,ताहिर,47,२3,Female,1ZSY4161469,,,N,N,main,,2026-EROLLGEN-S24-86-SIR-FinalRoll-Revision1-HIN-17-WI.pdf,33,4,0.968,Y,serial_corrected,नाम : सारिका पिता का नाम: ताहिर मकान संख्या : 47 य फोटो उपलब्ध है[ आयु : २3 लिंग : महिला,0.0222
905,समीना,husband,नसीरा,47,४०,Female,1ZSY4161543,,,N,N,main,,2026-EROLLGEN-S24-86-SIR-FinalRoll-Revision1-HIN-17-WI.pdf,33,5,0.97,Y,serial_corrected,नाम : समीना पति का नाम: नसीरा मकान संख्या : 47 अ फोटो उपलब्ध है आयु : ४० लिंग : महिला,0.0274
906,समीर,father,ताहिर,47,21,Male,1ZSY4161568,,,N,N,main,,2026-EROLLGEN-S24-86-SIR-FinalRoll-Revision1-HIN-17-WI.pdf,33,6,0.972,Y,serial_corrected,नाम : समीर पिता का नाम: ताहिर मकान संख्या : 47 य फोटो उपलब्ध है आयु: 21 लिंग : पुरुष,0.0221
907,सारिक,father,ताहिर कुरेशी,47,28,Male,1ZSY4161584,,,N,N,main,,2026-EROLLGEN-S24-86-SIR-FinalRoll-Revision1-HIN-17-WI.pdf,33,7,0.979,Y,serial_corrected,नाम : सारिक पिता का नाम: ताहिर कुरेशी फोटो उपलब्ध है मकान संख्या : 47य आयु : 28 लिंग : पुरुष,0.0199
908,मोहम्मद सलमान,father,असलम,126,30,Male,1ZSY4162434,,,N,N,main,,2026-EROLLGEN-S24-86-SIR-FinalRoll-Revision1-HIN-17-WI.pdf,33,8,0.978,Y,serial_corrected,नाम : मोहम्मद सलमान पिता का नाम: असलम फोटो उपलब्ध है मकान संख्या : 126 आयु : 30 लिंग : पुरुष,0.0257
909,मोहद फ़्ैज़ान,father,असलम,126,28,Male,1ZSY4163077,,,N,N,main,,2026-EROLLGEN-S24-86-SIR-FinalRoll-Revision1-HIN-17-WI.pdf,33,9,0.969,Y,serial_corrected,नाम : मोहद फ़्ैज़ान पिता का नाम: असलम फोटो उपलब्थ है मकान संख्या : 126 आयु : 28 लिंग : पुरुष,0.0203
910,सोनी,father,असलम,126,31,Female,1ZSY4163093,,,N,N,main,,2026-EROLLGEN-S24-86-SIR-FinalRoll-Revision1-HIN-17-WI.pdf,33,10,0.981,Y,serial_corrected,नाम : सोनी पिता का नाम: असलम मकान संख्या : 126 फोटो उपलब्ध है आयु : 31 लिंग : महिला,0.0201
911,जमलो,father,इदरीश,80,34,Male,1ZSY4163101,,,N,N,main,,2026-EROLLGEN-S24-86-SIR-FinalRoll-Revision1-HIN-17-WI.pdf,33,11,0.955,Y,serial_corrected,नाम : जमलो पिता का नाम: इदरीश मकान संख्या : 80 फोटो उपलब्ध है आयु : 34 लिंग : पुरुष,0.0242
912,असलम,father,कल्लू,126,59,Male,1ZSY4163929,,,N,N,main,,2026-EROLLGEN-S24-86-SIR-FinalRoll-Revision1-HIN-17-WI.pdf,33,12,0.973,Y,serial_corrected,नाम : असलम पिता का नाम: कल्लू मकान संख्या : 126 फोटो उपलब्ध है आयु : 59 लिंग : पुरुष,0.0205
913,रीहाना,husband,राशिद,149,52,Female,1ZSY4208732,,,N,N,main,,2026-EROLLGEN-S24-86-SIR-FinalRoll-Revision1-HIN-17-WI.pdf,33,13,0.982,Y,serial_corrected,नाम : रीहाना पति का नाम: राशिद मकान संख्या : 149 फोटो उपलब्ध है आयु : 52 लिंग : महिला,0.0185
914,सोनम,husband,जाहिद,126,31,Female,1ZSY4208963,,,N,N,main,,2026-EROLLGEN-S24-86-SIR-FinalRoll-Revision1-HIN-17-WI.pdf,33,14,0.974,Y,serial_corrected,नाम : सोनम पति का नाम: जाहिद मकान संख्या : 126 फोटो उपलब्ध है आयु : 31 लिंग : महिला,0.0234
915,लकी कुरैशी,father,वकील कुरैेशी,36,19,Male,1ZSY4208971,,,N,N,main,,2026-EROLLGEN-S24-86-SIR-FinalRoll-Revision1-HIN-17-WI.pdf,33,15,0.965,Y,serial_corrected,नाम : लकी कुरैशी पिता का नाम: वकील कुरैेशी मकान संख्या : 36 फोटो उपलब्ध है आयु : 19 लिंग : पुरुष,0.0205
916,समीना बेगम,husband,असलम,36,3६,Female,1ZSY4208989,,,N,N,main,,2026-EROLLGEN-S24-86-SIR-FinalRoll-Revision1-HIN-17-WI.pdf,33,16,0.974,Y,serial_corrected,नाम : समीना बेगम पति का नाम: असलम मकान संख्या : 36 फोटो उपलब्ध है आयु : 3६ लिंग : महिला,0.0251
917,शिपा,father,वेदरिया,118,१९,Female,1ZSY4208997,,,N,N,main,,2026-EROLLGEN-S24-86-SIR-FinalRoll-Revision1-HIN-17-WI.pdf,33,17,0.968,Y,serial_corrected,नाम : शिपा पिता का नाम: वेदरिया मकान संख्या : 118 फोटो उपलब्ध है आयु : १९ लिंग : महिला,0.0294
918,सौम्या कुमार,father,हरिओम सिंह,136,19,Male,1ZSY4209003,,,N,N,main,,2026-EROLLGEN-S24-86-SIR-FinalRoll-Revision1-HIN-17-WI.pdf,33,18,0.978,Y,serial_corrected,नाम : सौम्या कुमार पिता का नाम: हरिओम सिंह मकान संख्या : 136 फोटो उपलब्ध है आयु : 19 लिंग : पुरुष,0.0276
919,सानू,father,वेरदरिया,118,37,Male,1ZSY4209011,,,N,N,main,,2026-EROLLGEN-S24-86-SIR-FinalRoll-Revision1-HIN-17-WI.pdf,33,19,0.982,Y,serial_corrected,नाम : सानू पिता का नाम: वेरदरिया फोटो उपलब्ध है मकान संख्या : 118 आयु : 37 लिंग : पुरुष,0.0229
920,सीमा,husband,प्पू,126,37,Female,1ZSY4209037,,,N,N,main,,2026-EROLLGEN-S24-86-SIR-FinalRoll-Revision1-HIN-17-WI.pdf,33,20,0.987,Y,serial_corrected,नाम : सीमा पति का नाम: प्पू फोटो उपलब्ध है मकान संख्या : 126 आयु : 37 लिंग : महिला,0.0277
921,रोहिद,father,पप्पू,109,21,Male,1ZSY4209185,,,N,N,main,,2026-EROLLGEN-S24-86-SIR-FinalRoll-Revision1-HIN-17-WI.pdf,33,21,0.966,Y,serial_corrected,नाम : रोहिद पिता का नाम: पप्पू फोटो उपलब्ध है मकान संख्या : 109 आयु : 21 लिंग : पुरुष,0.0228
922,हुसना बेगम,husband,शब्बीर,76/20,35,Female,1ZSY4209219,,,N,N,main,,2026-EROLLGEN-S24-86-SIR-FinalRoll-Revision1-HIN-17-WI.pdf,33,22,0.974,Y,serial_corrected,नाम : हुसना बेगम पति का नाम: शब्बीर मकान संख्या : 76/20 फोटो उपलब्ध है आयु : 35 लिंग : महिला,0.0256
923,हसनेन,father,जाविद,90,18,Male,1ZSY4209227,,,N,N,main,,2026-EROLLGEN-S24-86-SIR-FinalRoll-Revision1-HIN-17-WI.pdf,33,23,0.986,Y,serial_corrected,नाम : हसनेन पिता का नाम: जाविद मकान संख्या : 90 फोटो उपलब्ध है[ आयु : 18 लिंग : पुरुष,0.0274
924,शानू,father,टुण्डा सिधी कुरैशी,82,२5,Male,1ZSY4209243,,,N,N,main,,2026-EROLLGEN-S24-86-SIR-FinalRoll-Revision1-HIN-17-WI.pdf,33,24,0.973,Y,serial_corrected,नाम : शानू पिता का नाम: टुण्डा सिधी कुरैशी मकान संख्या : 82 फोटो उपलब्थ है आयु : २5 लिंग : पुरुष,0.025
925,मूबारक,father,शाहिद,80,21,Male,1ZSY4209300,,,N,N,main,,2026-EROLLGEN-S24-86-SIR-FinalRoll-Revision1-HIN-17-WI.pdf,33,25,0.968,Y,serial_corrected,नाम : मूबारक पिता का नाम: शाहिद मकान संख्या : 80 फोटो उपलब्ध है आयु : 21 लिंग : पुरुष,0.0222
926,मौहम्मद अरशद,father,मैहराजुददीन,136,18,Male,1ZSY4209318,,,N,N,main,,2026-EROLLGEN-S24-86-SIR-FinalRoll-Revision1-HIN-17-WI.pdf,33,26,0.978,Y,serial_corrected,नाम : मौहम्मद अरशद पिता का नाम: मैहराजुददीन मकान संख्या : 136 फोटो उपलब्ध है आयु : 18 लिंग : पुरुष,0.0306
927,मोनी,father,वेदरिया,118,१8,Female,1ZSY4209326,,,N,N,main,,2026-EROLLGEN-S24-86-SIR-FinalRoll-Revision1-HIN-17-WI.pdf,33,27,0.957,Y,serial_corrected,नाम : मोनी पिता का नाम: वेदरिया मकान संख्या : 118 फोटो उपलब्ध है आयु : १8 लिंग : महिला,0.0236
928,रुबीना क्रेशी,husband,दीन मोहम्मद,563,32,Female,1ZSY4209367,,,N,N,main,,2026-EROLLGEN-S24-86-SIR-FinalRoll-Revision1-HIN-17-WI.pdf,33,28,0.974,Y,serial_corrected,नाम : रुबीना क्रेशी पति का नाम: दीन मोहम्मद मकान संख्या : 563 फोटो उपलब्थ है आयु : 32 लिंग : महिला,0.0235
929,यामिनी,father,रनवीर,संख्या : डो. बाबूलाल वाली गली फोटो उपलब्थ है,२०,Female,1ZSY4420659,,,N,N,main,,2026-EROLLGEN-S24-86-SIR-FinalRoll-Revision1-HIN-17-WI.pdf,33,29,0.98,Y,serial_corrected,नाम : यामिनी पिता का नाम: रनवीर मकान संख्या : डो. बाबूलाल वाली गली फोटो उपलब्थ है आयु : २० लिंग : महिला,0.0302
930,सुल्ताना,husband,गुड्,संख्या : खंदौली फोटो उपलब्थ है,27,Female,1ZSY4425575,,,N,N,main,,2026-EROLLGEN-S24-86-SIR-FinalRoll-Revision1-HIN-17-WI.pdf,33,30,0.954,Y,serial_corrected,नाम : सुल्ताना पति का नाम: गुड् मकान संख्या : खंदौली फोटो उपलब्थ है आयु : 27 लिंग : महिला,0.0223
931,लाल कृष्णा गौतम,father,रमेश चन्द्र,संख्या : कोई नहीं फोटो उपलब्थ है,30,Male,1ZSY4425732,,,N,N,main,,2026-EROLLGEN-S24-86-SIR-FinalRoll-Revision1-HIN-17-WI.pdf,34,1,0.963,Y,serial_corrected,नाम : लाल कृष्णा गौतम पिता का नाम: रमेश चन्द्र मकान संख्या : कोई नहीं फोटो उपलब्थ है आयु : 30 लिंग : पुरुष,0.0281
932,शकीला,husband,जाऊद्ीन,संख्या : खंड़ीली फोटो उपलब्थ है,50,Female,1ZSY4434692,,,N,N,main,,2026-EROLLGEN-S24-86-SIR-FinalRoll-Revision1-HIN-17-WI.pdf,34,2,0.974,Y,serial_corrected,नाम : शकीला पति का नाम: जाऊद्ीन मकान संख्या : खंड़ीली फोटो उपलब्थ है आयु : 50 लिंग : महिला,0.0308
933,निशा,husband,सद्धाम,000,3०,Female,1ZSY4434734,,,N,N,main,,2026-EROLLGEN-S24-86-SIR-FinalRoll-Revision1-HIN-17-WI.pdf,34,3,0.955,Y,serial_corrected,नाम : निशा पति का नाम: सद्धाम मकान संख्या : 000 फोटो उपलब्थ है[ आयु : 3० लिंग : महिला,0.0238
