pdf_file,ac_number,part_number,page_number,card_position,serial_raw,entry_code,serial_number,serial_ocr,epic_id,voter_name,relation_type,relation_name,house_number,age,gender,is_marked,midgray_frac,watermark_text_hit,needs_review,raw_ocr_body
2026-EROLLGEN-S24-86-SIR-FinalRoll-Revision1-HIN-17-WI.pdf,86,17,3,1,1,,1,1,ZSY1944396,वासत,FATHER,शोकत,00,68,Male,False,0.021,False,False,नाम : वासत | पिता का नाम: शोकत | फोटो उपलब्थ है | मकान संख्या T:oo | आयु 68 लिंग : पुरुष
2026-EROLLGEN-S24-86-SIR-FinalRoll-Revision1-HIN-17-WI.pdf,86,17,3,2,2,,2,2,ZSY2612547,नाजमा,HUSBAND,:वासत,00,58,Female,False,0.0254,False,False,नाम : नाजमा | पति का नाम: :वासत | फोटो उपलब्थ है | मकान संख्या : 00 | आयु 58 लिंग : महिला
2026-EROLLGEN-S24-86-SIR-FinalRoll-Revision1-HIN-17-WI.pdf,86,17,3,3,3,,3,3,ZSY2192698,नाम रजिया,FATHER,फईम,000,54,Male,False,0.0202,False,False,नाम रजिया | पिता का नाम: फईम | फोटो उपलब्थ है | मकान संख्या  : 000 | आयु: 54 लिंग : पुरुष
2026-EROLLGEN-S24-86-SIR-FinalRoll-Revision1-HIN-17-WI.pdf,86,17,3,4,4,,4,4,ZSY2612570,नसीम,HUSBAND,गोरे,00,53,Female,False,0.0209,False,False,नाम: नसीम | पति का नाम: गोरे | फोटो उपलब्ध है[ | मकान संख्या : 00 | आयु : 53 लिंग : महिला
2026-EROLLGEN-S24-86-SIR-FinalRoll-Revision1-HIN-17-WI.pdf,86,17,3,5,5,,5,5,ZSY2612539,,HUSBAND,जलालुददीन,00,49,Female,False,0.0275,False,True,नाम : | अफसाना | पति का नाम: जलालुददीन | फोटो उपलब्ध है | मकान संख्या . 00 | आयु 49 लिंग महिला
2026-EROLLGEN-S24-86-SIR-FinalRoll-Revision1-HIN-17-WI.pdf,86,17,3,6,6,,6,6,ZSY2612562,पप्पू,FATHER,पिता का नामः बाबुददीन,00,45,Male,False,0.022,False,False,नाम : पप्पू | पिता का नामः बाबुददीन | फोटो उपलब्ध है[ | मकान संख्या : 00 | आयु : 45 लिंग : पुरुष
2026-EROLLGEN-S24-86-SIR-FinalRoll-Revision1-HIN-17-WI.pdf,86,17,3,7,7,,7,7,ZSY3087871,नाम रेश्मा,HUSBAND,मुकीम,00,39,Female,False,0.0173,False,False,नाम रेश्मा | पति का नाम: मुकीम | फोटो उपलब्थ है | मकान संख्या :00 | आयु 39 लिंग : महिला
2026-EROLLGEN-S24-86-SIR-FinalRoll-Revision1-HIN-17-WI.pdf,86,17,3,8,8,,8,8,ZSY1945849,गुडिया,HUSBAND,इसरार,00,35,Female,False,0.0207,False,False,नाम : गुडिया | पति का नाम: इसरार | फोटो उपलब्ध है | मकान संख्या :oo | आयु 35 लिंग : महिला
2026-EROLLGEN-S24-86-SIR-FinalRoll-Revision1-HIN-17-WI.pdf,86,17,3,9,9,,9,9,ZSY3969458,अफसाना कुरेशी,FATHER,इसाक,0,34,Female,False,0.0183,False,False,नाम : अफसाना कुरेशी | पिता का नाम: इसाक | फोटो उपलब्ध है | मकान संख्या : 0 | आयु 34 लिंग : महिला
2026-EROLLGEN-S24-86-SIR-FinalRoll-Revision1-HIN-17-WI.pdf,86,17,3,10,10,,10,10,ZSY1945930,काला,FATHER,पिता फरीद,0,33,Male,False,0.0197,False,False,नाम : काला | पिता फरीद | का नाम: | फोटो उपलब्ध है | मकान संख्या 0o | आयु : 33 लिंग : पुरुष
2026-EROLLGEN-S24-86-SIR-FinalRoll-Revision1-HIN-17-WI.pdf,86,17,3,11,11,,11,11,ZSY3920535,साइस्ता,HUSBAND,पति,0,31,Female,False,0.0261,False,False,नाम : साइस्ता | पति | का नाम: अफ़रसर क्रेशी | फोटो उपलब्ध है | मकान संख्या: 0 | आयु : 31 लिंग : महिला
2026-EROLLGEN-S24-86-SIR-FinalRoll-Revision1-HIN-17-WI.pdf,86,17,3,12,12],,12,12,ZSY4036745,रीना कुरेशी,HUSBAND,पति का,000,31,Female,False,0.0236,False,False,नाम : रीना कुरेशी | पति का | नामः इरफ़ान करेशी | फोटो उपलब्ध है | मकान संख्या : 000 | आयु : 31 लिंग : महिला
2026-EROLLGEN-S24-86-SIR-FinalRoll-Revision1-HIN-17-WI.pdf,86,17,3,13,13,,13,13,ZSY3998317,सलीम,FATHER,सरीफ़,00,29,Male,False,0.0163,False,False,नाम: सलीम | पिता का नाम: सरीफ़ | फोटो उपलब्ध है | मकान संख्या : 00 | आयु ं: 29 लिंग : पुरुष
2026-EROLLGEN-S24-86-SIR-FinalRoll-Revision1-HIN-17-WI.pdf,86,17,3,14,14,,14,14,ZSY3968583,सोनम कुरेशी,FATHER,ईशाक कुरेशी,0,28,Female,False,0.0232,False,False,नाम : सोनम कुरेशी | पिता का नाम: ईशाक कुरेशी | फोटो उपलब्ध है | मकान संख्या 0 | आयु 28 लिंग: महिला
2026-EROLLGEN-S24-86-SIR-FinalRoll-Revision1-HIN-17-WI.pdf,86,17,3,15,15,,15,15,ZSY3733359,सोनी,FATHER,रहीश,00,23,Female,False,0.0165,False,False,नाम : सोनी | पिता का नाम: रहीश | फोटो उपलब्ध है | मकान संख्या : 00 | आयु : 23 लिंग : महिला
2026-EROLLGEN-S24-86-SIR-FinalRoll-Revision1-HIN-17-WI.pdf,86,17,3,16,16,,16,16,ZSY3969573,नाम . एलिस,FATHER,इशाक्र,0,23,Female,False,0.0231,False,False,नाम . एलिस | पिता का नाम: इशाक्र | फोटो उपलब्ध है | मकान संख्या : 0 | आयु 23 लिंग : महिला
2026-EROLLGEN-S24-86-SIR-FinalRoll-Revision1-HIN-17-WI.pdf,86,17,3,17,17,,17,17,ZSY4018537,नाजिम कुरेशी,FATHER,बाकर,000,22,Male,False,0.0278,False,False,नाम : नाजिम कुरेशी | पिता का नाम: बाकर | फोटो उपलब्ध है | मकान संख्या: 000 | आयु : 22 लिंग : पुरुष
2026-EROLLGEN-S24-86-SIR-FinalRoll-Revision1-HIN-17-WI.pdf,86,17,3,18,18,,18,18,ZSY3733391,सारिका,FATHER,: रहीश,00,21,Female,False,0.0233,False,False,नाम: सारिका | पिता का नाम: : रहीश | फोटो उपलब्ध है[ | मकान संख्या : 00 | आयु : 21 लिंग : महिला
2026-EROLLGEN-S24-86-SIR-FinalRoll-Revision1-HIN-17-WI.pdf,86,17,3,19,19,,19,19,ZSY4020624,नाम अलाउद्ीन,FATHER,पिता का,00000,21,Male,False,0.0227,False,False,नाम अलाउद्ीन | पिता का | नाम: इमामुदीन | फोटो उपलब्ध है | मकान संख्या 00000 | आयु : 21 लिंग : पुरुष
2026-EROLLGEN-S24-86-SIR-FinalRoll-Revision1-HIN-17-WI.pdf,86,17,3,20,20,,20,20,ZSY4025706,इशेद,FATHER,चंदा,0,19,Male,False,0.0239,False,False,नाम : इशेद | पिता का नाम: चंदा | फोटो उपलब्ध है | मकान संख्या: 0 | आयु : 19 लिंग : पुरुष
2026-EROLLGEN-S24-86-SIR-FinalRoll-Revision1-HIN-17-WI.pdf,86,17,3,21,21,,21,21,ZSY2774289,मुन्ी देवी,HUSBAND,बैनीराम,1,61,Female,False,0.0213,False,False,नाम : मुन्ी देवी | पति का नाम: बैनीराम | फोटो उपलब्ध है | मकान संख्या : 1 | आयु: : 61 लिंग : महिला
2026-EROLLGEN-S24-86-SIR-FinalRoll-Revision1-HIN-17-WI.pdf,86,17,3,22,22,,22,22,CTV2884997,गुडड्,,,1,51,Male,False,0.0217,False,True,नाम : गुडड् | अन्य: शोकत | फोटो उपलब्थ है | मकान संख्या : 1 | आयु : 51 लिंग : पुरुष
2026-EROLLGEN-S24-86-SIR-FinalRoll-Revision1-HIN-17-WI.pdf,86,17,3,23,# 23,,23,23,ZSY3140936,समीम,HUSBAND,सईद,1,४६,Female,False,0.0253,False,False,नाम : समीम | पति का नाम: सईद | फोटो उपलब्थ है | मकान संख्या: 1 | आयु : ४६ लिंग : महिला
2026-EROLLGEN-S24-86-SIR-FinalRoll-Revision1-HIN-17-WI.pdf,86,17,3,24,24,,24,24,ZSY0245985,पवन सिंह,FATHER,नवल सिंह,1,36,Male,False,0.0219,False,False,नाम : पवन सिंह | पिता का नाम: नवल सिंह | फोटो उपलब्थ है | मकान संख्या : 1 | आयु : 36 लिंग : पुरुष
2026-EROLLGEN-S24-86-SIR-FinalRoll-Revision1-HIN-17-WI.pdf,86,17,3,25,25,,25,25,ZSY0025569,सौरभ बंसल,FATHER,श्रीनिवास बन्सल,1,36,Male,False,0.0269,False,False,नाम : सौरभ बंसल | पिता का नाम: श्रीनिवास बन्सल | फोटो उपलब्ध है[ | मकान संख्या : 1 | आयु : 36 लिंग : पुरुष
2026-EROLLGEN-S24-86-SIR-FinalRoll-Revision1-HIN-17-WI.pdf,86,17,3,26,26,,26,26,ZSY2612604,नाम . आयशा परवीन,HUSBAND,शाहनबाज,01,32,Female,False,0.0296,False,False,"नाम . आयशा परवीन | पति का नाम: शाहनबाज | फोटो उपलब्ध है | मकान संख्या : 01 | आयु ं, 32 लिंग: महिला"
2026-EROLLGEN-S24-86-SIR-FinalRoll-Revision1-HIN-17-WI.pdf,86,17,3,27,27,,27,27,ZSY2774313,नाम निसारुद्वीन खान,FATHER,शमसुद्वीन,1,32,Male,False,0.0244,False,False,नाम निसारुद्वीन खान | पिता का नाम: शमसुद्वीन | फोटो उपलब्ध है | मकान संख्या :1 | आयु : 32 लिंग  : पुरुष
2026-EROLLGEN-S24-86-SIR-FinalRoll-Revision1-HIN-17-WI.pdf,86,17,3,28,28,,28,28,ZSY2774347,इमामुदीन,FATHER,शमसुह्वीन,1,31,Male,False,0.019,False,False,नाम : इमामुदीन | पिता का नाम: शमसुह्वीन | फोटो उपलब्थ है | मकान संख्या : 1 | आयु : 31 लिंग : पुरुष
2026-EROLLGEN-S24-86-SIR-FinalRoll-Revision1-HIN-17-WI.pdf,86,17,3,29,29,,29,29,ZSY2774339,यास्मीन,HUSBAND,इमामुद्वीन,1,30,Female,False,0.0217,False,False,नाम : यास्मीन | पति का नाम: इमामुद्वीन | फोटो उपलब्थ है | मकान संख्या : 1 | आयु 30 लिंग: महिला
2026-EROLLGEN-S24-86-SIR-FinalRoll-Revision1-HIN-17-WI.pdf,86,17,3,30,30,,30,30,ZSY2774321,अफ़रोज़,HUSBAND,निसारुद्वीन,1,30,Female,False,0.0177,False,False,नाम : अफ़रोज़ | पति का नाम: निसारुद्वीन | फोटो उपलब्ध है | मकान संख्या T : 1 | आयु : 30 लिंग : महिला
2026-EROLLGEN-S24-86-SIR-FinalRoll-Revision1-HIN-17-WI.pdf,86,17,4,1,31,,31,31,ZSY3232261,नाम नसीम,FATHER,वकील क्रेशी,2,24,Female,False,0.0223,False,False,नाम नसीम | पिता का नाम: वकील क्रेशी | फोटो उपलब्थ है | मकान संख्या: 2 | आयु : 24 लिंग : महिला
2026-EROLLGEN-S24-86-SIR-FinalRoll-Revision1-HIN-17-WI.pdf,86,17,4,2,32,,32,32,ZSY3104817,सोनिया,HUSBAND,रवि,5/4/117,30,Female,False,0.0266,False,False,नाम : सोनिया | पति का नाम: रवि | फोटो उपलब्थ है | मकान संख्या : 5/4/117 | आयु : 30 लिंग : महिला
2026-EROLLGEN-S24-86-SIR-FinalRoll-Revision1-HIN-17-WI.pdf,86,17,4,3,33,,33,33,ZSY3104783,नाम रवि अग्रवाल,FATHER,पिता का नाम मदन लाल,5/4/117,२7,Male,False,0.0237,False,False,नाम रवि अग्रवाल | पिता का नाम मदन लाल | फोटो उपलब्थ है | मकान संख्या : 5/4/117 | आयु: २7 लिंग : पुरुष
2026-EROLLGEN-S24-86-SIR-FinalRoll-Revision1-HIN-17-WI.pdf,86,17,4,4,34,,34,34,ZSY2612877,नाम,HUSBAND,इसरार,83,37,Female,False,0.0215,False,False,नाम |  : रेनू | पति का नाम: इसरार | फोटो उपलब्ध है[ | मकान संख्या : 83 | आयु : 37 लिंग : महिला
2026-EROLLGEN-S24-86-SIR-FinalRoll-Revision1-HIN-17-WI.pdf,86,17,4,5,35,,35,35,ZSY3091410,तराना,FATHER,,11,27,Female,False,0.0252,False,True,नाम : तराना | पिता का नाम: | कलुआ | फोटो उपलब्ध है | मकान संख्या: 11 | आयु : 27 लिंग : महिला
2026-EROLLGEN-S24-86-SIR-FinalRoll-Revision1-HIN-17-WI.pdf,86,17,4,6,36,,36,36,ZSY3141314,सईद,FATHER,: नासिर,12,50,Male,False,0.0209,False,False,नाम : सईद | पिता का नाम: : नासिर | फोटो उपलब्ध है[ | मकान संख्या : 12 | आयु : 50 लिंग : पुरुष
2026-EROLLGEN-S24-86-SIR-FinalRoll-Revision1-HIN-17-WI.pdf,86,17,4,7,37,,37,37,ZSY3141298,शब्बीर,FATHER,साधू,12,48,Male,False,0.0167,False,False,नाम: शब्बीर | पिता का नाम: साधू | फोटो उपलब्थध है | मकान संख्या : 12 | आयु: 48 लिंग : पुरुष
2026-EROLLGEN-S24-86-SIR-FinalRoll-Revision1-HIN-17-WI.pdf,86,17,4,8,38,,38,38,ZSY3683554,चांद क्रेशी,FATHER,: अज्जो,12,29,Male,False,0.0214,False,False,नाम : चांद क्रेशी | पिता का नाम: : अज्जो | फोटो उपलब्ध है | मकान संख्या : 12 | आयु : 29 लिंग : पुरुष
2026-EROLLGEN-S24-86-SIR-FinalRoll-Revision1-HIN-17-WI.pdf,86,17,4,9,39,,39,39,ZSY3141199,फिरोज खान,FATHER,राजुद्ीन,12,27,Male,False,0.0172,False,False,नाम : फिरोज खान | पिता का नाम: राजुद्ीन | फोटो उपलब्ध है | मकान संख्या : 12 | आयु: : 27 लिंग  : पुरुष
2026-EROLLGEN-S24-86-SIR-FinalRoll-Revision1-HIN-17-WI.pdf,86,17,4,10,40,,40,40,ZSY3141264,राहुल,FATHER,पिता,12,25,Male,False,0.0202,False,False,नाम : राहुल | पिता | का नाम: गु्र | फोटो उपलब्ध है | मकान संख्या: 12 | आयु : 25 लिंग : पुरुष
2026-EROLLGEN-S24-86-SIR-FinalRoll-Revision1-HIN-17-WI.pdf,86,17,4,11,41,,41,41,ZSY3232204,आरिफ,FATHER,पिता,12,2४,Male,False,0.0228,False,False,नाम : आरिफ | पिता | का नाम: गुडू् | फोटो उपलब्ध है | मकान संख्या: 12 | आयु : 2४ लिंग : पुरुष
2026-EROLLGEN-S24-86-SIR-FinalRoll-Revision1-HIN-17-WI.pdf,86,17,4,12,42,,42,42,CTV2044733,र समसुददीन,FATHER,पिता,13,,Male,False,0.0218,False,True,नाम :र समसुददीन | पिता | का नाम: बाबुदीन | फोटो उपलब्ध है | मकान संख्या : 13 | : 56 लिंग | आयु  : पुरुष
2026-EROLLGEN-S24-86-SIR-FinalRoll-Revision1-HIN-17-WI.pdf,86,17,4,13,43,,43,43,ZSY1944453,भूरी,FATHER,समसुद्ीन,१३,33,Female,False,0.0169,False,False,नाम: भूरी | पिता का नाम: समसुद्ीन | फोटो उपलब्ध है | मकान संख्या : १३ | आयु :33 लिंग : महिला
2026-EROLLGEN-S24-86-SIR-FinalRoll-Revision1-HIN-17-WI.pdf,86,17,4,14,44,,44,44,ZSY1944412,शन्नो,FATHER,समसुद्ीन,१३,32,Female,False,0.0205,False,False,नाम : शन्नो | पिता का नाम: समसुद्ीन | फोटो उपलब्ध है | मकान संख्या : १३ | आयु : : 32 लिंग : महिला
2026-EROLLGEN-S24-86-SIR-FinalRoll-Revision1-HIN-17-WI.pdf,86,17,4,15,45,,45,45,ZSY3232295,कल्लो,FATHER,समसुद्वीन,13,27,Female,False,0.017,False,False,नाम : कल्लो | पिता का नाम: समसुद्वीन | फोटो उपलब्ध है | मकान संख्या : 13 | आयु : 27 लिंग :  महिला
2026-EROLLGEN-S24-86-SIR-FinalRoll-Revision1-HIN-17-WI.pdf,86,17,4,16,46,,46,46,ZSY3105905,फ़रीदा,HUSBAND,बंट्ू,13,२6,Female,False,0.0229,False,False,नाम : फ़रीदा | पति का नाम: बंट्ू | फोटो उपलब्ध है | मकान संख्या: 13 | आयु २6 लिंग : महिला
2026-EROLLGEN-S24-86-SIR-FinalRoll-Revision1-HIN-17-WI.pdf,86,17,4,17,47,,47,47,ZSY1756295,रहमत,HUSBAND,मुस्ताक,1४,65,Female,False,0.0263,False,False,नाम : रहमत | पति का नाम: मुस्ताक | फोटो उपलब्ध है | मकान संख्या: 1४ | आयु 65 लिंग : महिला
2026-EROLLGEN-S24-86-SIR-FinalRoll-Revision1-HIN-17-WI.pdf,86,17,4,18,48,,48,48,ZSY1947530,,FATHER,हनीफ,१४,38,Male,False,0.0219,False,True,नाम : | सानू | पिता का नाम: हनीफ | फोटो उपलब्ध है | मकान संख्या :१४ | आयु 38 लिंग : पुरुष
2026-EROLLGEN-S24-86-SIR-FinalRoll-Revision1-HIN-17-WI.pdf,86,17,4,19,49,,49,49,ZSY3091642,फुरकान,FATHER,अब्रार,18,30,Male,False,0.0212,False,False,नाम : फुरकान | पिता का नाम: अब्रार | फोटो उपलब्ध है | मकान संख्या : 18 | आयु : 30 लिंग : पुरुष
2026-EROLLGEN-S24-86-SIR-FinalRoll-Revision1-HIN-17-WI.pdf,86,17,4,20,50,,50,50,ZSY3091444,सारिका,FATHER,पिता का,18,27,Female,False,0.025,False,False,नाम : सारिका | पिता का | नाम: मुत्रा | फोटो उपलब्ध है | मकान संख्या: 18 | आयु : 27 लिंग : महिला
2026-EROLLGEN-S24-86-SIR-FinalRoll-Revision1-HIN-17-WI.pdf,86,17,4,21,51,,51,51,ZSY3091394,फ़रराना,FATHER,पिता,18,26,Female,False,0.0209,False,False,नाम: फ़रराना | पिता | का नाम: कतुआ | फोटो उपलब्ध है | मकान संख्या : 18 | आयु : 26 लिंग : महिला
2026-EROLLGEN-S24-86-SIR-FinalRoll-Revision1-HIN-17-WI.pdf,86,17,4,22,52,,52,52,ZSY3091634,सोनी,FATHER,अलीमुद्वीन,18,26,Female,False,0.0222,False,False,नाम : सोनी | पिता का नाम: अलीमुद्वीन | फोटो उपलब्थ है | मकान संख्या : 18 | आयु 26 लिंग : महिला
2026-EROLLGEN-S24-86-SIR-FinalRoll-Revision1-HIN-17-WI.pdf,86,17,4,23,53,,53,53,ZSY3091469,नगमा,FATHER,आसीन,18,२६,Female,False,0.0252,False,False,नाम : नगमा | पिता का नाम: आसीन | फोटो उपलब्थ है | मकान संख्या : 18 | आयु : २६ 6 लिंग : महिला
2026-EROLLGEN-S24-86-SIR-FinalRoll-Revision1-HIN-17-WI.pdf,86,17,4,24,54,,54,54,ZSY3091451,मजीदा,FATHER,मुत्ञा,18,25,Female,False,0.0214,False,False,नाम : मजीदा | पिता का नाम: मुत्ञा | फोटो उपलब्थ है | मकान संख्या : 18 | आयु: : 25 5लिंग : महिला
2026-EROLLGEN-S24-86-SIR-FinalRoll-Revision1-HIN-17-WI.pdf,86,17,4,25,55,,55,55,ZSY3091378,फरमान,FATHER,इरशाद,18,25,Male,False,0.0232,False,False,नाम : फरमान | पिता का नाम: इरशाद | फोटो उपलब्ध है[ | मकान संख्या: 18 | आयु : 25 लिंग : पुरुष
2026-EROLLGEN-S24-86-SIR-FinalRoll-Revision1-HIN-17-WI.pdf,86,17,4,26,56,,56,56,ZSY3091493,अरशद,FATHER,आसिन,18,25,Male,False,0.0268,False,False,नाम : अरशद | पिता का नाम: आसिन | फोटो उपलब्ध है | मकान संख्या: 18 | आयु : 25 लिंग : पुरुष
2026-EROLLGEN-S24-86-SIR-FinalRoll-Revision1-HIN-17-WI.pdf,86,17,4,27,57,,57,57,CTV2885309,फ्ते सिंह,FATHER,कमल सिंह,21,69,Male,False,0.0251,False,False,नाम : फ्ते सिंह | पिता का नाम: कमल सिंह | फोटो उपलब्ध है | मकान संख्या : 21 | आयु 69 लिंग : पुरुष
2026-EROLLGEN-S24-86-SIR-FinalRoll-Revision1-HIN-17-WI.pdf,86,17,4,28,58,,58,58,CTV2044360,वरफी देवी,HUSBAND,फतेह सिंह,21,६6,Female,False,0.0193,False,False,नाम : वरफी देवी | पति से का नाम: फतेह सिंह | फोटो उपलब्थ है | मकान संख्या : 21 | आयु : ६6 लिंग : महिला
2026-EROLLGEN-S24-86-SIR-FinalRoll-Revision1-HIN-17-WI.pdf,86,17,4,29,59,,59,59,ZSY0373530,मुहीन,FATHER,मुत्रा,21,59,Male,False,0.0208,False,False,नाम : मुहीन | पिता का नाम: मुत्रा | फोटो उपलब्थ है | मकान संख्या : 21 | आयु 59 लिंग : पुरुष
2026-EROLLGEN-S24-86-SIR-FinalRoll-Revision1-HIN-17-WI.pdf,86,17,4,30,60,,60,60,ZSY1600113,रहाना,HUSBAND,इकबाल,21,52,Female,False,0.0168,False,False,नाम : रहाना | पति का नाम: इकबाल | फोटो उपलब्ध है | मकान संख्या : 21 | आयु : 52 लिंग : महिला
2026-EROLLGEN-S24-86-SIR-FinalRoll-Revision1-HIN-17-WI.pdf,86,17,5,1,61,,61,61,CTV2888642,नाम श्याम सिंह,FATHER,फतेह सिंह,21,49,Male,False,0.0233,False,False,नाम श्याम सिंह | पिता का नाम: फतेह सिंह | फोटो उपलब्थ है | मकान संख्या : 21 | आयु 49 लिंग पुरुष
2026-EROLLGEN-S24-86-SIR-FinalRoll-Revision1-HIN-17-WI.pdf,86,17,5,2,62,,62,62,CTV2044337,गुडी,HUSBAND,श्याम सिंह,21,47,Female,False,0.0263,False,False,नाम 1 : गुडी | पति का नाम: श्याम सिंह | फोटो उपलब्थ है[ | मकान संख्या : 21 | आयु : 47 लिंग : महिला
2026-EROLLGEN-S24-86-SIR-FinalRoll-Revision1-HIN-17-WI.pdf,86,17,5,3,63,,63,63,CTV2044345,मोहकम सिंह,FATHER,फतेह सिंह,21,47,Male,False,0.0229,False,False,नाम : मोहकम सिंह | पिता का नाम: फतेह सिंह | फोटो उपलब्थ है | मकान संख्या : 21 | आयु: 47 लिंग : पुरुष
2026-EROLLGEN-S24-86-SIR-FinalRoll-Revision1-HIN-17-WI.pdf,86,17,5,4,64,,64,64,CTV2044352,मीना देवी,HUSBAND,मोहकम सिंह,21,45,Female,False,0.0234,False,False,नाम : मीना देवी | पति का नाम: मोहकम सिंह | फोटो उपलब्ध है[ | मकान संख्या : 21 | आयु 45 लिंग :  महिला
2026-EROLLGEN-S24-86-SIR-FinalRoll-Revision1-HIN-17-WI.pdf,86,17,5,5,65,,65,65,ZSY2612661,गायत्री,HUSBAND,भूरी सिंह,21,४3,Female,False,0.0258,False,False,नाम : गायत्री | पति का  नाम: भूरी सिंह | फोटो उपलब्ध है | मकान संख्या: 21 | आयु: : ४3 लिंग : महिला
2026-EROLLGEN-S24-86-SIR-FinalRoll-Revision1-HIN-17-WI.pdf,86,17,5,6,66,,66,66,ZSY2612612,नाम वीरमती,HUSBAND,राधा क्रष्ण,21,41,Female,False,0.0224,False,False,नाम वीरमती | पति का नाम: राधा क्रष्ण | फोटो उपलब्ध है[ | मकान संख्या : 21 | आयु 41 लिंग : महिला
2026-EROLLGEN-S24-86-SIR-FinalRoll-Revision1-HIN-17-WI.pdf,86,17,5,7,67,,67,67,ZSY1264340,राधा क्रष्ण,FATHER,फतेह सिंह,21,39,Male,False,0.0182,False,False,नाम : राधा क्रष्ण | पिता का नाम:  फतेह सिंह | फोटो उपलब्थध है | मकान संख्या : 21 | आयु 39 लिंग : पुरुष
2026-EROLLGEN-S24-86-SIR-FinalRoll-Revision1-HIN-17-WI.pdf,86,17,5,8,68,,68,68,ZSY1264191,भूरा,FATHER,फतेह सिंह,21,38,Male,False,0.0211,False,False,नाम : भूरा | पिता का नाम: फतेह सिंह | फोटो उपलब्ध है | मकान संख्या : 21 | आयु : 38 लिंग : पुरुष
2026-EROLLGEN-S24-86-SIR-FinalRoll-Revision1-HIN-17-WI.pdf,86,17,5,9,69,,69,69,ZSY1600048,नाम अन्जाना,HUSBAND,इसरार,21,38,Female,False,0.0164,False,False,नाम अन्जाना | पति का नाम: इसरार | फोटो उपलब्ध है | मकान संख्या : 21 | आयु 38 लिंग : महिला
2026-EROLLGEN-S24-86-SIR-FinalRoll-Revision1-HIN-17-WI.pdf,86,17,5,10,70,,70,70,ZSY1600022,इसरार,FATHER,पिता,21,,,False,0.0203,False,True,नाम : इसरार | पिता | का नाम: कल्लू | फोटो उपलब्ध है | मकान संख्या: 21 | : 35 लिंग : पुरुष | आयु
2026-EROLLGEN-S24-86-SIR-FinalRoll-Revision1-HIN-17-WI.pdf,86,17,5,11,s 71,S,71,71,ZSY1599992,कल्लू,FATHER,पिता,मकान,34,,True,0.0356,True,True,फैमिदा | नाम : | LETED | पिता | का नाम: कल्लू | फोटो उपलब्ध है | मकान | आयु : 34
2026-EROLLGEN-S24-86-SIR-FinalRoll-Revision1-HIN-17-WI.pdf,86,17,5,12,72,,72,72,ZSY2865731,रिज़वान,FATHER,रहीस,21,,,False,0.0197,False,True,नाम : रिज़वान | पिता नाम: रहीस | का | फोटो उपलब्ध है | मकान संख्या : 21 | : 29 लिंग : पुरुष | आयु
2026-EROLLGEN-S24-86-SIR-FinalRoll-Revision1-HIN-17-WI.pdf,86,17,5,13,73,,73,73,ZSY2511921,सोनवीर सिंह,FATHER,,२१,28,Male,False,0.0181,False,True,नाम: सोनवीर सिंह | पिता का नाम: | श्यामसुन्दर | फोटो उपलब्ध है | मकान संख्या २१ | आयु ं 28 लिंग : पुरुष
2026-EROLLGEN-S24-86-SIR-FinalRoll-Revision1-HIN-17-WI.pdf,86,17,5,14,s 74,S,74,74,ZSY2865749,उजमा,FATHER,,मकान,28,,True,0.0324,False,True,नाम : उजमा | पिता का नाम: | फोटो उपलब्ध है | मकान | आयु : 28
2026-EROLLGEN-S24-86-SIR-FinalRoll-Revision1-HIN-17-WI.pdf,86,17,5,15,75,,75,75,ZSY2612646,नरेश जूरेल,FATHER,मोहकम सिंह,21,27,Male,False,0.0173,False,False,नाम : नरेश जूरेल | पिता का नाम: मोहकम सिंह | फोटो उपलब्ध है | मकान संख्या : 21 | आयु : 27 लिंग : पुरुष
2026-EROLLGEN-S24-86-SIR-FinalRoll-Revision1-HIN-17-WI.pdf,86,17,5,16,76,,76,76,ZSY2865723,फरमान,FATHER,रहीश,21,27,Male,False,0.0225,False,False,नाम : फरमान | पिता का नाम: रहीश | फोटो उपलब्ध है | मकान संख्या : 21 | आयु : 27 लिंग : पुरुष
2026-EROLLGEN-S24-86-SIR-FinalRoll-Revision1-HIN-17-WI.pdf,86,17,5,17,77,,77,77,ZSY3091352,नाम बशीम,FATHER,वकील न कुरेशी,21,27,Male,False,0.0272,False,False,नाम बशीम | पिता का नाम: वकील न कुरेशी | फोटो उपलब्ध है | मकान संख्या: 21 | आयु : 27 लिंग : पुरुष
2026-EROLLGEN-S24-86-SIR-FinalRoll-Revision1-HIN-17-WI.pdf,86,17,5,18,78,,78,78,ZSY3091279,आनन्द जूरैल,FATHER,पिता का नामः राधा चरन,21,24,Male,False,0.0235,False,False,नाम : आनन्द जूरैल | पिता का नामः राधा चरन | फोटो उपलब्ध है | मकान संख्या : 21 | आयु : 24 लिंग : पुरुष
2026-EROLLGEN-S24-86-SIR-FinalRoll-Revision1-HIN-17-WI.pdf,86,17,5,19,79,,79,79,ZSY3232246,फ़रिज़ा,FATHER,अलीमुद्वीन,23,24,Female,False,0.0222,False,False,नाम : फ़रिज़ा | पिता नाम: अलीमुद्वीन | का | फोटो उपलब्ध है | मकान संख्या : 23 | आयु 24 लिंग: महिला
2026-EROLLGEN-S24-86-SIR-FinalRoll-Revision1-HIN-17-WI.pdf,86,17,5,20,80,,80,80,ZSY1944537,मेहराजउद्ीन,FATHER,अजमेरी,25,58,Male,False,0.0255,False,False,नाम : मेहराजउद्ीन | पिता का नाम: अजमेरी | फोटो उपलब्ध है | मकान संख्या I : 25 | आयु : 58 लिंग : पुरुष
2026-EROLLGEN-S24-86-SIR-FinalRoll-Revision1-HIN-17-WI.pdf,86,17,5,21,81,,81,81,ZSY0742627,गुडड़्,FATHER,शहीद,35,44,Male,False,0.0207,False,False,नाम : गुडड़् | पिता नाम: शहीद | का | फोटो उपलब्ध है | मकान संख्या : 35 | आयु : : 44 लिंग : पुरुष
2026-EROLLGEN-S24-86-SIR-FinalRoll-Revision1-HIN-17-WI.pdf,86,17,5,22,82,,82,82,ZSY1756394,खलील कुरैशी,FATHER,टुण्डा कुरेशी,35,40,Male,False,0.0254,False,False,नाम: खलील कुरैशी | पिता का नाम: टुण्डा कुरेशी | फोटो उपलब्थ है | मकान संख्या : 35 | आयु 40 लिंग : पुरुष
2026-EROLLGEN-S24-86-SIR-FinalRoll-Revision1-HIN-17-WI.pdf,86,17,5,23,83,,83,83,ZSY1756261,अशफाक,FATHER,मुस्ताक,35,35,Male,False,0.0258,False,False,नाम : अशफाक | पिता का नाम: मुस्ताक | फोटो उपलब्थ है | मकान संख्या : 35 | आयु : 35 लिंग : पुरुष
2026-EROLLGEN-S24-86-SIR-FinalRoll-Revision1-HIN-17-WI.pdf,86,17,5,24,84,,84,84,ZSY0742643,दीपक सिंह,FATHER,रमेशचन्द्र,35,33,Male,False,0.0225,False,False,नाम : दीपक सिंह | पिता का नाम: रमेशचन्द्र | फोटो उपलब्थ है | मकान संख्या : 35 | आयु : 33 लिंग : पुरुष
2026-EROLLGEN-S24-86-SIR-FinalRoll-Revision1-HIN-17-WI.pdf,86,17,5,25,85,,85,85,ZSY0742593,गव्वर,FATHER,हव्दो,36,43,Male,False,0.0224,False,False,नाम : गव्वर | पिता का नाम: हव्दो | फोटो उपलब्ध है[ | मकान संख्या : 36 | आयु 43 लिंग : पुरुष
2026-EROLLGEN-S24-86-SIR-FinalRoll-Revision1-HIN-17-WI.pdf,86,17,5,26,86,,86,86,ZSY0742585,मु,FATHER,शाहिद कुरेशी,36,31,Male,False,0.031,False,False,रिजवान अत्तारी | नाम : मु | पिता का नाम: शाहिद कुरेशी | मु | फोटो उपलब्ध है | मकान संख्या : 36 | आयु :31 लिंग : पुरुष
2026-EROLLGEN-S24-86-SIR-FinalRoll-Revision1-HIN-17-WI.pdf,86,17,5,27,87,,87,87,ZSY1756485,नाम सितारा,HUSBAND,लाला,39,37,Female,False,0.0228,False,False,नाम सितारा | पति का नाम: लाला | फोटो उपलब्ध है | मकान संख्या : 39 | आयु े: 37 लिंग : महिला
2026-EROLLGEN-S24-86-SIR-FinalRoll-Revision1-HIN-17-WI.pdf,86,17,5,28,88],,88,88,ZSY1945963,तनुज,HUSBAND,जिते्र सिंह,0,33,Female,False,0.017,False,False,नाम : तनुज | पति का नाम: जिते्र सिंह | फोटो उपलब्थ है | मकान संख्या : 0 | आयु : 33 लिंग : महिला
2026-EROLLGEN-S24-86-SIR-FinalRoll-Revision1-HIN-17-WI.pdf,86,17,5,29,89,,89,89,ZSY2774354,विक्रम सिंह,FATHER,नवल सिंह,45,31,Male,False,0.0224,False,False,नाम : विक्रम सिंह | पिता का नाम: नवल सिंह | फोटो उपलब्थ है | मकान संख्या : 45 | आयु :  : 31 लिंग : पुरुष
2026-EROLLGEN-S24-86-SIR-FinalRoll-Revision1-HIN-17-WI.pdf,86,17,5,30,90,,90,90,ZSY3232220,रोहित करेशी,FATHER,प्पूकरेशी,45,26,Male,False,0.0191,False,False,नाम : रोहित करेशी | पिता का नाम: प्पूकरेशी | फोटो उपलब्थध है | मकान संख्या : 45 | आयु 26 लिंग  : पुरुष
2026-EROLLGEN-S24-86-SIR-FinalRoll-Revision1-HIN-17-WI.pdf,86,17,6,1,91,,91,91,ZSY1264225,नाम . सन्तोष,FATHER,श्यामलाल,47,46,Male,False,0.0231,False,False,नाम . सन्तोष | कुमार | पिता का नाम: श्यामलाल | फोटो उपलब्थ है | मकान संख्या 1: 47 | आयु : 46 लिंग : पुरुष
2026-EROLLGEN-S24-86-SIR-FinalRoll-Revision1-HIN-17-WI.pdf,86,17,6,2,92,,92,92,ZSY1944610,बंट्र,FATHER,मंसूर,४७,37,Male,False,0.0238,False,False,नाम : बंट्र | पिता का नाम: मंसूर | फोटो उपलब्थ है | मकान संख्या : ४७ | आयु : 37 लिंग : पुरुष
2026-EROLLGEN-S24-86-SIR-FinalRoll-Revision1-HIN-17-WI.pdf,86,17,6,3,93,,93,93,ZSY1944594,बबलू,FATHER,मंसूर,४७,35,Male,False,0.0209,False,False,नाम : बबलू | पिता का नाम: मंसूर | फोटो उपलब्थ है | मकान संख्या :४७ | आयु: 35 लिंग : पुरुष
2026-EROLLGEN-S24-86-SIR-FinalRoll-Revision1-HIN-17-WI.pdf,86,17,6,4,94,,94,94,ZSY1944636,बल्लू,FATHER,मंसूर,४७,33,Male,False,0.0207,False,False,नाम : बल्लू | पिता का नाम: मंसूर | फोटो उपलब्ध है[ | मकान संख्या:४७ | आयु : 33 लिंग : पुरुष
2026-EROLLGEN-S24-86-SIR-FinalRoll-Revision1-HIN-17-WI.pdf,86,17,6,5,95,,95,95,ZSY2612653,रेखा जूरेल,HUSBAND,आशीष,47,31,Female,False,0.0277,False,False,नाम : रेखा जूरेल | पति का नाम: आशीष | जूरल | फोटो उपलब्ध है | मकान संख्या: 47 | आयु : 31 लिंग : म महिला
2026-EROLLGEN-S24-86-SIR-FinalRoll-Revision1-HIN-17-WI.pdf,86,17,6,6,96,,96,96,ZSY1947019,नाम अमरीन,FATHER,नजर,४,30,Female,False,0.0215,False,False,नाम अमरीन | पिता का नाम: नजर | फोटो उपलब्ध है[ | मकान संख्या :४ | आयु 30 लिंग : महिला
2026-EROLLGEN-S24-86-SIR-FinalRoll-Revision1-HIN-17-WI.pdf,86,17,6,7,97,,97,97,ZSY1600246,नाम . श्यामलाल,FATHER,राम दयाल,47/184,57,Male,False,0.0183,False,False,नाम . श्यामलाल | पिता का नाम: राम दयाल | फोटो उपलब्थ है | मकान संख्या  47/184 | आयु 57 लिंग : पुरुष
2026-EROLLGEN-S24-86-SIR-FinalRoll-Revision1-HIN-17-WI.pdf,86,17,6,8,98,,98,98,ZSY3087897,पप्पू,FATHER,इक्तबाल,47,52,Male,False,0.0212,False,False,नाम : पप्पू | पिता का नाम: इक्तबाल | फोटो उपलब्ध है | मकान संख्या : 47ए | आयु : 52 लिंग : पुरुष
2026-EROLLGEN-S24-86-SIR-FinalRoll-Revision1-HIN-17-WI.pdf,86,17,6,9,99,,99,99,CTV3134103,अफ़्रसाना,HUSBAND,ताहिर,47,44,Female,False,0.0171,False,False,नाम : अफ़्रसाना | पति का नाम: ताहिर | फोटो उपलब्ध है | मकान संख्या : 47 अ | आयु: 44 लिंग : महिला
2026-EROLLGEN-S24-86-SIR-FinalRoll-Revision1-HIN-17-WI.pdf,86,17,6,10,100,,100,100,ZSY2192763,इकबाल,FATHER,पिता,47,,,False,0.0221,False,True,नसीरा | नाम: | पिता | का नाम: इकबाल | फोटो उपलब्ध है | मकान संख्या : 47अ | 40 लिंग : पुरुष | आयु
2026-EROLLGEN-S24-86-SIR-FinalRoll-Revision1-HIN-17-WI.pdf,86,17,6,11,101,,101,101,ZSY2192771,असार,FATHER,पिता का,४7,39,Male,False,0.0233,False,False,नाम : असार | पिता का | नाम: इकबाल | फोटो उपलब्ध है | मकान संख्या: ४7अ | आयु : 39 9 लिंग : पुरुष
2026-EROLLGEN-S24-86-SIR-FinalRoll-Revision1-HIN-17-WI.pdf,86,17,6,12,102,,102,102,ZSY2192789,अप्सार,FATHER,पिता का,47,37,Male,False,0.0207,False,False,नाम : अप्सार | पिता का | नाम: इकबाल | फोटो उपलब्ध है | मकान संख्या : 47अ | आयु: 37 लिंग : पुरुष
2026-EROLLGEN-S24-86-SIR-FinalRoll-Revision1-HIN-17-WI.pdf,86,17,6,13,103,,103,103,ZSY2192755,अबजाल,FATHER,इकबाल,47,34,Male,False,0.0178,False,False,नाम : अबजाल | पिता का नाम: इकबाल | फोटो उपलब्ध है | मकान संख्या : 47अ | आयु : 34 लिंग : पुरुष
2026-EROLLGEN-S24-86-SIR-FinalRoll-Revision1-HIN-17-WI.pdf,86,17,6,14,104,,104,104,ZSY3092392,अमरीन,HUSBAND,अंसार,47,34,Female,False,0.0225,False,False,नाम : अमरीन | पति का  नाम: अंसार | फोटो उपलब्ध है | मकान संख्या : 47ए | आयु : 34 लिंग : महिला
2026-EROLLGEN-S24-86-SIR-FinalRoll-Revision1-HIN-17-WI.pdf,86,17,6,15,105,,105,105,ZSY2865590,नगमा,HUSBAND,प्पो,४७,41,Female,False,0.0167,False,False,नाम : नगमा | पति का नाम: प्पो | फोटो उपलब्ध है | मकान संख्या : ४७च | आयु: 41 लिंग : महिला
2026-EROLLGEN-S24-86-SIR-FinalRoll-Revision1-HIN-17-WI.pdf,86,17,6,16,106,,106,106,CTV2658615,लल्लो,,,47,61,Male,False,0.0227,False,True,"नाम : लल्लो | अन्य: इकबाल | फोटो उपलब्ध है | मकान संख्या : 47य | आयु ं,61 लिंग : पुरुष"
2026-EROLLGEN-S24-86-SIR-FinalRoll-Revision1-HIN-17-WI.pdf,86,17,6,17,107,,107,107,CTV2658359,परवीन,HUSBAND,नवाव,47,61,Female,False,0.0267,False,False,नाम : परवीन | पति का नाम: नवाव | फोटो उपलब्ध है | मकान संख्या : 47य | आयु 61 लिंग : महिला
2026-EROLLGEN-S24-86-SIR-FinalRoll-Revision1-HIN-17-WI.pdf,86,17,6,18,108,,108,108,CTV3318938,ताहिर,FATHER,जैनू,47,51,Male,False,0.0229,False,False,नाम : ताहिर | पिता का नाम: जैनू | फोटो उपलब्ध है[ | मकान संख्या : 47य | आयु : 51 लिंग : पुरुष
2026-EROLLGEN-S24-86-SIR-FinalRoll-Revision1-HIN-17-WI.pdf,86,17,6,19,109,,109,109,CTV3166063,अंसार,,,47,४४,Male,False,0.0194,False,True,नाम : अंसार | अन्य: अफसर | फोटो उपलब्ध है | मकान संख्या : 47य | आयु : ४४ लिंग : पुरुष
2026-EROLLGEN-S24-86-SIR-FinalRoll-Revision1-HIN-17-WI.pdf,86,17,6,20,110,,110,110,ZSY1264233,मन्जू,HUSBAND,सन्तोष,47,44,Female,False,0.0268,False,False,नाम : मन्जू | पति का : सन्तोष | नाम: ष कुमार | फोटो उपलब्ध है | मकान संख्या : 47य | आयु 44 लिंग : महिला
2026-EROLLGEN-S24-86-SIR-FinalRoll-Revision1-HIN-17-WI.pdf,86,17,6,21,111,,111,111,ZSY0976373,कुमार,FATHER,श्याम लाल,47,38,Male,False,0.0216,False,False,मनोज | नाम: कुमार | पिता का नाम: श्याम लाल | फोटो उपलब्ध है | मकान संख्या :47य | आयु : 38 लिंग : पुरुष
2026-EROLLGEN-S24-86-SIR-FinalRoll-Revision1-HIN-17-WI.pdf,86,17,6,22,112,,112,112,ZSY0976381,रेखा देवी,HUSBAND,मनोज कुमार,47,35,Female,False,0.0246,False,False,नाम : रेखा देवी | पति का नाम: मनोज कुमार | फोटो उपलब्थ है | मकान संख्या : 47य | आयु 35 लिंग : महिला
2026-EROLLGEN-S24-86-SIR-FinalRoll-Revision1-HIN-17-WI.pdf,86,17,6,23,113],,113,113,ZSY3232253,रुबी,FATHER,कल्लू,51,२४,Female,False,0.0256,False,False,नाम : रुबी | पिता का नाम: कल्लू | फोटो उपलब्थ है | मकान संख्या: 51 | आयु : २४ लिंग : महिला
2026-EROLLGEN-S24-86-SIR-FinalRoll-Revision1-HIN-17-WI.pdf,86,17,6,24,114,,114,114,ZSY2614832,फरजाना,HUSBAND,शकील,52,35,Female,False,0.022,False,False,नाम : फरजाना | पति का नाम: शकील | फोटो उपलब्थ है | मकान संख्या : 52 | आयु: : 35 लिंग : महिला
2026-EROLLGEN-S24-86-SIR-FinalRoll-Revision1-HIN-17-WI.pdf,86,17,6,25,115,,115,115,ZSY2612679,रानी,FATHER,: शरीफ,52,28,Female,False,0.0226,False,False,"नाम : रानी | पिता का नाम: : शरीफ | फोटो उपलब्ध है[ | मकान संख्या : 52 | आयु ,28 लिंग : महिला"
2026-EROLLGEN-S24-86-SIR-FinalRoll-Revision1-HIN-17-WI.pdf,86,17,6,26,116,,116,116,ZSY2614816,नाम रिजवाना,FATHER,शरीफ,52,27,Female,False,0.0268,False,False,"नाम रिजवाना | पिता का नाम: शरीफ | फोटो उपलब्ध है | मकान संख्या: 52 | आयु , 27 लिंग : महिला"
2026-EROLLGEN-S24-86-SIR-FinalRoll-Revision1-HIN-17-WI.pdf,86,17,6,27,117,,117,117,ZSY1945914,इमरान,FATHER,,058,31,Male,False,0.023,False,True,नाम : इमरान | पिता का नाम: | बबुआ | फोटो उपलब्ध है | मकान संख्या :058 | आयु : 31 लिंग : पुरुष
2026-EROLLGEN-S24-86-SIR-FinalRoll-Revision1-HIN-17-WI.pdf,86,17,6,28,118,,118,118,ZSY3092418,आस मोहम्मद,FATHER,पप्पू कुरेशी,59,25,Male,False,0.0191,False,False,नाम : आस मोहम्मद | पिता का नाम: पप्पू कुरेशी | फोटो उपलब्थ है | मकान संख्या : 59 | आयु 25 लिंग पुरुष
2026-EROLLGEN-S24-86-SIR-FinalRoll-Revision1-HIN-17-WI.pdf,86,17,6,29,119,,119,119,ZSY2612687,नूरबानो,HUSBAND,पप्पू,६4,3४,Female,False,0.0213,False,False,नाम : नूरबानो | पति का नाम: पप्पू | फोटो उपलब्थ है | मकान संख्या : ६4 | आयु : 3४ लिंग : महिला
2026-EROLLGEN-S24-86-SIR-FinalRoll-Revision1-HIN-17-WI.pdf,86,17,6,30,120,,120,120,ZSY1946177,इमरान,FATHER,अबरार,,32,Male,False,0.0164,False,False,नाम : इमरान | पिता का नाम: अबरार | फोटो उपलब्ध है | मकान संख्या :  | आयु : 32 लिंग : पुरुष
2026-EROLLGEN-S24-86-SIR-FinalRoll-Revision1-HIN-17-WI.pdf,86,17,7,1,# 121,,121,121,ZSY0497461,नाम सफीक,FATHER,रफीक,72,59,Male,False,0.0223,False,False,नाम सफीक | पिता का नाम: रफीक | फोटो उपलब्थ है | मकान संख्या : 72 | आयु 59 लिंग : पुरुष
2026-EROLLGEN-S24-86-SIR-FinalRoll-Revision1-HIN-17-WI.pdf,86,17,7,2,# 122,,122,122,ZSY0497479,नाम अमीना,HUSBAND,सफ्ीक,72,57,Female,False,0.0268,False,False,नाम अमीना | पति का नाम: सफ्ीक | फोटो उपलब्थ है | मकान संख्या : 72 | आयु 57 लिंग : महिला
2026-EROLLGEN-S24-86-SIR-FinalRoll-Revision1-HIN-17-WI.pdf,86,17,7,3,s 123,S,123,123,UP/70/355/0030002,मुस्ताक,FATHER,,,६5,,True,0.0367,False,True,नाम : मुस्ताक | पिता का नाम: | ं: इदू | फोटो उपलब्थ है | मकान संख्या : | आयु : ६5
2026-EROLLGEN-S24-86-SIR-FinalRoll-Revision1-HIN-17-WI.pdf,86,17,7,4,E 124,E,124,124,CTV2658722,सम्मो,HUSBAND,,,63,,True,0.034,False,True,नाम : सम्मो | पति का नाम:  | फोटो उपलब्ध है[ | मकान संख्या: | आयु 63
2026-EROLLGEN-S24-86-SIR-FinalRoll-Revision1-HIN-17-WI.pdf,86,17,7,5,125,,125,125,CTV1607704,इरसाद,,,73,६१,Male,False,0.024,False,True,नाम : इरसाद | अन्य: इकराम | फोटो उपलब्ध है | मकान संख्या: 73 | आयु : ६१ि लिंग : पुरुष
2026-EROLLGEN-S24-86-SIR-FinalRoll-Revision1-HIN-17-WI.pdf,86,17,7,6,126,,126,126,CTV1607696,गुलफाम,,,73,59,Male,False,0.0198,False,True,नाम : गुलफाम | अन्य: इकरार | फोटो उपलब्ध है[ | मकान संख्या : 73 | आयु : : 59 लिंग : पुरुष
2026-EROLLGEN-S24-86-SIR-FinalRoll-Revision1-HIN-17-WI.pdf,86,17,7,7,127,,127,127,UP/70/355/0030004,इबरार,FATHER,इकरार,73,58,Male,False,0.0197,False,False,नाम : इबरार | पिता का नाम: इकरार | फोटो उपलब्ध है | मकान संख्या : 73 | आयु 58 लिंग : पुरुष
2026-EROLLGEN-S24-86-SIR-FinalRoll-Revision1-HIN-17-WI.pdf,86,17,7,8,# 128,,128,128,CTV3100823,शबाना,,,73,56,Male,False,0.0204,False,True,नाम : शबाना | अन्य: इरसाद | फोटो उपलब्ध है | मकान संख्या : 73 | आयु : 56 लिंग : पुरुष
2026-EROLLGEN-S24-86-SIR-FinalRoll-Revision1-HIN-17-WI.pdf,86,17,7,9,129,,129,129,CTV3100815,फरदोस,FATHER,इकरार,73,56,Male,False,0.0165,False,False,नाम : फरदोस | पिता का नाम: इकरार | फोटो उपलब्ध है | मकान संख्या : 73 | आयु 56 लिंग : पुरुष
2026-EROLLGEN-S24-86-SIR-FinalRoll-Revision1-HIN-17-WI.pdf,86,17,7,10,130,,130,130,CTV2687127,मुकीम,FATHER,पिता,73,,,False,0.0204,False,True,नाम : मुकीम | पिता | का नाम: मुन्शी | फोटो उपलब्ध है | मकान संख्या : 73 | : 53 लिंग : पुरुष | आयु
2026-EROLLGEN-S24-86-SIR-FinalRoll-Revision1-HIN-17-WI.pdf,86,17,7,11,131,,131,131,UP/70/355/0030008,इरफान,FATHER,इकवाल,73,51,Male,False,0.0261,False,False,नाम : इरफान | पिता का नाम: इकवाल | फोटो उपलब्ध है | मकान संख्या : 73 | आयु : 51 लिंग : पुरुष
2026-EROLLGEN-S24-86-SIR-FinalRoll-Revision1-HIN-17-WI.pdf,86,17,7,12,132,,132,132,CTV3100831,रेश्मा,HUSBAND,पति का,73,51,Female,False,0.0201,False,False,नाम : रेश्मा | पति का | नाम: मुकीम | फोटो उपलब्ध है | मकान संख्या : 73 | आयु: : 51 लिंग : महिला
2026-EROLLGEN-S24-86-SIR-FinalRoll-Revision1-HIN-17-WI.pdf,86,17,7,13,133,,133,133,ZSY3090479,रानी,HUSBAND,गुलफ़्राम,73,45,Female,False,0.0162,False,False,नाम : रानी | पति का नाम: गुलफ़्राम | फोटो उपलब्ध है | मकान संख्या : 73 | आयु 45 लिंग : महिला
2026-EROLLGEN-S24-86-SIR-FinalRoll-Revision1-HIN-17-WI.pdf,86,17,7,14,134,,134,134,ZSY3090503,रेश्मा,HUSBAND,इरफ़्रान,73,45,Female,False,0.0215,False,False,नाम : रेश्मा | पति का नाम: इरफ़्रान | फोटो उपलब्ध है | मकान संख्या : 73 | आयु : : 45 लिंग : महिला
2026-EROLLGEN-S24-86-SIR-FinalRoll-Revision1-HIN-17-WI.pdf,86,17,7,15,135,,135,135,ZSY1947357,सोनू,FATHER,इकराम,७३,32,Male,False,0.0156,False,False,नाम : सोनू | पिता का नाम: इकराम | फोटो उपलब्ध है | मकान संख्या : ७३ | आयु : 32 लिंग : पुरुष
2026-EROLLGEN-S24-86-SIR-FinalRoll-Revision1-HIN-17-WI.pdf,86,17,7,16,136,,136,136,ZSY3232238,अरमान,FATHER,गुलफ़राम,73,23,Male,False,0.0234,False,False,नाम : अरमान | पिता का नाम: गुलफ़राम | फोटो उपलब्ध है | मकान संख्या : 73 | आयु : 23 लिंग : पुरुष
2026-EROLLGEN-S24-86-SIR-FinalRoll-Revision1-HIN-17-WI.pdf,86,17,7,17,137,,137,137,CTV3166667,मेम,HUSBAND,जफर,75,58,Female,False,0.0255,False,False,नाम : मेम | पति का नाम: जफर | फोटो उपलब्ध है[ | मकान संख्या : 75 | आयु 58 लिंग : महिला
2026-EROLLGEN-S24-86-SIR-FinalRoll-Revision1-HIN-17-WI.pdf,86,17,7,18,138,,138,138,CTV2887339,फूलपरी,HUSBAND,वसर,75,55,Female,False,0.0228,False,False,नाम : फूलपरी | पति का नाम: वसर | फोटो उपलब्ध है[ | मकान संख्या : 75 | आयु: 55 लिंग : महिला
2026-EROLLGEN-S24-86-SIR-FinalRoll-Revision1-HIN-17-WI.pdf,86,17,7,19,139,,139,139,ZSY0976530,भोलू,FATHER,पिता,75,35,Male,False,0.0208,False,False,नाम : भोलू | पिता | का नाम: जफर | फोटो उपलब्ध है | मकान संख्या : 75 | आयु : 35 लिंग : पुरुष
2026-EROLLGEN-S24-86-SIR-FinalRoll-Revision1-HIN-17-WI.pdf,86,17,7,20,140,,140,140,ZSY2612695,सीमा,HUSBAND,भोलू,75,33,Female,False,0.0249,False,False,नाम : सीमा | पति का नाम: भोलू | फोटो उपलब्ध है | मकान संख्या : 75 | आयु : 33 लिंग : महिला
2026-EROLLGEN-S24-86-SIR-FinalRoll-Revision1-HIN-17-WI.pdf,86,17,7,21,141,,141,141,ZSY1567353,निन्नू,FATHER,पिता,००,41,Male,False,0.0196,False,False,नाम: निन्नू | पिता | का नाम: : जफर | फोटो उपलब्ध है | मकान संख्या : ०० | आयु: : 41 लिंग : पुरुष
2026-EROLLGEN-S24-86-SIR-FinalRoll-Revision1-HIN-17-WI.pdf,86,17,7,22,142,,142,142,CTV2687903,स्वालीन,FATHER,सिराजू,76,72,Male,False,0.0229,False,False,नाम : स्वालीन | पिता ाका नाम: सिराजू | फोटो उपलब्थ है | मकान संख्या : 76 | आयु : 72 लिंग : पुरुष
2026-EROLLGEN-S24-86-SIR-FinalRoll-Revision1-HIN-17-WI.pdf,86,17,7,23,143,,143,143,CTV3166246,चुत्री,HUSBAND,सरीफ,76,६6,Female,False,0.0262,False,False,नाम : चुत्री | पति का नाम: सरीफ | फोटो उपलब्थ है | मकान संख्या : 76 | आयु : ६6 लिंग : महिला
2026-EROLLGEN-S24-86-SIR-FinalRoll-Revision1-HIN-17-WI.pdf,86,17,7,24,144,,144,144,CTV3166253,र रहीसा,HUSBAND,स्वालीन,76,६0,Female,False,0.0215,False,False,नाम : र रहीसा | पति का नाम: स्वालीन | फोटो उपलब्थ है | मकान संख्या : 76 | आयु: : ६0 लिंग : महिला
2026-EROLLGEN-S24-86-SIR-FinalRoll-Revision1-HIN-17-WI.pdf,86,17,7,25,145,,145,145,CTV3134269,सूललो,FATHER,स्वालीन,76,44,Male,False,0.0239,False,False,नाम : सूललो | पिता का नाम: स्वालीन | फोटो उपलब्ध है[ | मकान संख्या : 76 | आयु 44 लिंग : पुरुष
2026-EROLLGEN-S24-86-SIR-FinalRoll-Revision1-HIN-17-WI.pdf,86,17,7,26,# 146,,146,146,CTV3134277,रुवी,HUSBAND,सल्लो,76,40,Female,False,0.027,False,False,नाम : रुवी | पति का नाम: सल्लो | फोटो उपलब्ध है | मकान संख्या : 76 | आयु 40 लिंग : महिला
2026-EROLLGEN-S24-86-SIR-FinalRoll-Revision1-HIN-17-WI.pdf,86,17,7,27,147,,147,147,CTV3134244,नाम कमालुद्ीन,FATHER,स्मालीन,76,40,Male,False,0.0243,False,False,नाम कमालुद्ीन | पिता का नाम: स्मालीन | फोटो उपलब्ध है | मकान संख्या : 76 | आयु: 40 लिंग : पुरुष
2026-EROLLGEN-S24-86-SIR-FinalRoll-Revision1-HIN-17-WI.pdf,86,17,7,28,148],,148,148,ZSY1947415,बशीम,FATHER,शरीफ,७६,34,Male,False,0.017,False,False,नाम : बशीम | पिता का नाम: शरीफ | फोटो उपलब्थ है | मकान संख्या : ७६ | आयु : 34 लिंग : पुरुष
2026-EROLLGEN-S24-86-SIR-FinalRoll-Revision1-HIN-17-WI.pdf,86,17,7,29,149,,149,149,ZSY2612703,शहनाज,HUSBAND,कमालुददीन,76,33,Female,False,0.0229,False,False,नाम : शहनाज | पति का नाम: कमालुददीन | फोटो उपलब्थ है | मकान संख्या  : 76 | आयु 33 लिंग : महिला
2026-EROLLGEN-S24-86-SIR-FinalRoll-Revision1-HIN-17-WI.pdf,86,17,7,30,150,,150,150,ZSY1947456,रहीश,FATHER,शरीफ,७६,32,Male,False,0.0164,False,False,नाम : रहीश | पिता का नाम: शरीफ | फोटो उपलब्ध है | मकान संख्या : ७६ | आयु : 32 लिंग : पुरुष
2026-EROLLGEN-S24-86-SIR-FinalRoll-Revision1-HIN-17-WI.pdf,86,17,8,1,151,,151,151,CTV4331238,नाम सगीर,HUSBAND,शरीफ,76/20,41,,False,0.0225,False,True,नाम सगीर | पति का नाम: शरीफ | फोटो उपलब्थ है | मकान संख्या : 76/20 | लिंग : महिला | आयु 41
2026-EROLLGEN-S24-86-SIR-FinalRoll-Revision1-HIN-17-WI.pdf,86,17,8,2,152,,152,152,ZSY2612711,नाम फरीदा,HUSBAND,सगीर,76/20,32,Female,False,0.026,False,False,नाम फरीदा | पति का नाम: सगीर | फोटो उपलब्थ है[ | मकान संख्या: 76/20 | आयु : 32 लिंग : महिला
2026-EROLLGEN-S24-86-SIR-FinalRoll-Revision1-HIN-17-WI.pdf,86,17,8,3,153,,153,153,UP/70/355/0030010,जफर,FATHER,: शौकत,77,57,Male,False,0.0232,False,False,नाम : जफर | पिता का नाम: : शौकत | फोटो उपलब्थ है | मकान संख्या : 77 | आयु: 57 लिंग : पुरुष
2026-EROLLGEN-S24-86-SIR-FinalRoll-Revision1-HIN-17-WI.pdf,86,17,8,4,154,,154,154,CTV1607555,प्पू,,,77,56,Male,False,0.02,False,True,नाम : प्पू | अन्य: शौकत | फोटो उपलब्ध है[ | मकान संख्या : 77 | आयु : 56 लिंग : पुरुष
2026-EROLLGEN-S24-86-SIR-FinalRoll-Revision1-HIN-17-WI.pdf,86,17,8,5,155,,155,155,ZSY2612778,नाम अनीसा,HUSBAND,जफर,77,47,Female,False,0.0248,False,False,नाम अनीसा | पति का नाम: जफर | फोटो उपलब्ध है | मकान संख्या : 77 | आयु 47 लिंग : महिला
2026-EROLLGEN-S24-86-SIR-FinalRoll-Revision1-HIN-17-WI.pdf,86,17,8,6,156,,156,156,ZSY2612794,नजमा,HUSBAND,,77,46,Female,False,0.0204,False,True,नाम : नजमा | पति का नाम: | ः पप्पू | फोटो उपलब्ध है | मकान संख्या : 77 | आयु : 46 लिंग : महिला
2026-EROLLGEN-S24-86-SIR-FinalRoll-Revision1-HIN-17-WI.pdf,86,17,8,7,157,,157,157,CTV3318367,नाम साकिर,FATHER,साबीर,77,39,Male,False,0.0169,False,False,नाम साकिर | पिता का नाम: साबीर | फोटो उपलब्थ है | मकान संख्या : 77 | आयु 39 लिंग : पुरुष
2026-EROLLGEN-S24-86-SIR-FinalRoll-Revision1-HIN-17-WI.pdf,86,17,8,8,158,,158,158,ZSY0976555,ताहिर,FATHER,: साविर,77,38,Male,False,0.0214,False,False,नाम : ताहिर | पिता का नाम: : साविर | फोटो उपलब्ध है | मकान संख्या : 77 | आयु :38 लिंग : पुरुष
2026-EROLLGEN-S24-86-SIR-FinalRoll-Revision1-HIN-17-WI.pdf,86,17,8,9,159,,159,159,CTV3318359,जाकिर,FATHER,साबीर,77,37,Male,False,0.017,False,False,नाम: जाकिर | पिता का नाम: साबीर | फोटो उपलब्ध है | मकान संख्या : : 77 | आयु : 37 लिंग : पुरुष
2026-EROLLGEN-S24-86-SIR-FinalRoll-Revision1-HIN-17-WI.pdf,86,17,8,10,160,,160,160,ZSY3735883,सवनम,HUSBAND,नासिर,77,36,Female,False,0.0211,False,False,नाम : सवनम | पति का नाम: नासिर | फोटो उपलब्ध है | मकान संख्या : 77 | आयु : 36 लिंग : महिला
2026-EROLLGEN-S24-86-SIR-FinalRoll-Revision1-HIN-17-WI.pdf,86,17,8,11,161,,161,161,ZSY2612737,नजराना,HUSBAND,साकिर,77,35,Female,False,0.0232,False,False,नाम : नजराना | पति का नाम: साकिर | फोटो उपलब्ध है | मकान संख्या : 77 | आयु : 35 लिंग : महिला
2026-EROLLGEN-S24-86-SIR-FinalRoll-Revision1-HIN-17-WI.pdf,86,17,8,12,162,,162,162,ZSY0976597,मौहम्मद,FATHER,पिता जफरूददीन,77,,,False,0.0223,False,True,नासिर | नाम : मौहम्मद | पिता जफरूददीन | का नामः | फोटो उपलब्ध है | मकान संख्या : 77 | : 34 लिंग  : पुरुष | आयु
2026-EROLLGEN-S24-86-SIR-FinalRoll-Revision1-HIN-17-WI.pdf,86,17,8,13,163,,163,163,ZSY2612745,शबाना,HUSBAND,: जाकिर,77,34,Female,False,0.0166,False,False,नाम : शबाना | पति का नाम: : जाकिर | फोटो उपलब्ध है | मकान संख्या : 77 | आयु : 34 लिंग : महिला
2026-EROLLGEN-S24-86-SIR-FinalRoll-Revision1-HIN-17-WI.pdf,86,17,8,14,164,,164,164,ZSY0976670,तय्यब क्रेशी,FATHER,: साविर,77,२9,Male,False,0.0213,False,False,नाम : तय्यब क्रेशी | पिता का नाम: : साविर | फोटो उपलब्ध है | मकान संख्या : 77 | आयु : २9 लिंग : पुरुष
2026-EROLLGEN-S24-86-SIR-FinalRoll-Revision1-HIN-17-WI.pdf,86,17,8,15,165,,165,165,ZSY3735511,नेहा बानो,HUSBAND,: जाविद,77,27,Female,False,0.0172,False,False,नाम : नेहा बानो | पति का नाम: : जाविद | फोटो उपलब्ध है | मकान संख्या : 77 | आयु: : 27 लिंग : महिला
2026-EROLLGEN-S24-86-SIR-FinalRoll-Revision1-HIN-17-WI.pdf,86,17,8,16,166,,166,166,ZSY3749942,साहिल,FATHER,ज़फरू,77,22,Male,False,0.0228,False,False,नाम : साहिल | पिता का नाम: ज़फरू | फोटो उपलब्ध है | मकान संख्या : 77 | आयु 22 लिंग : पुरुष
2026-EROLLGEN-S24-86-SIR-FinalRoll-Revision1-HIN-17-WI.pdf,86,17,8,17,167,,167,167,ZSY1945534,नाम बानो,HUSBAND,शरीफ,७८,70,Female,False,0.0273,False,False,नाम बानो |  : हुस्न | पति का नाम: शरीफ | फोटो उपलब्ध है | मकान संख्या:७८ | आयु 70 लिंग : महिला
2026-EROLLGEN-S24-86-SIR-FinalRoll-Revision1-HIN-17-WI.pdf,86,17,8,18,168,,168,168,ZSY2393742,शरीफ कुरैशी,FATHER,नसीर कुरेशी,८,61,Male,False,0.0253,False,False,नाम: शरीफ कुरैशी | पिता का नाम: नसीर कुरेशी | फोटो उपलब्ध है[ | मकान संख्या : ८ | आयु 61 लिंग  : पुरुष
2026-EROLLGEN-S24-86-SIR-FinalRoll-Revision1-HIN-17-WI.pdf,86,17,8,19,169,,169,169,ZSY1947266,नसीम,HUSBAND,शरीफ,७८,56,Female,False,0.0204,False,False,नाम : नसीम | पति का नाम: शरीफ | फोटो उपलब्ध है | मकान संख्या: ७८ | आयु: 56 लिंग : महिला
2026-EROLLGEN-S24-86-SIR-FinalRoll-Revision1-HIN-17-WI.pdf,86,17,8,20,170,,170,170,ZSY0237222,नकीम,FATHER,शरीफ,78,36,Male,False,0.025,False,False,नाम : नकीम | पिता का नाम: शरीफ | फोटो उपलब्ध है | मकान संख्या : 78 | आयु :36 लिंग : पुरुष
2026-EROLLGEN-S24-86-SIR-FinalRoll-Revision1-HIN-17-WI.pdf,86,17,8,21,171,,171,171,ZSY1264258,वसीम,FATHER,शरीफ,78,34,Male,False,0.0208,False,False,नाम : वसीम | पिता नाम: शरीफ | का | फोटो उपलब्ध है | मकान संख्या : 78 | आयु : 34 लिंग : पुरुष
2026-EROLLGEN-S24-86-SIR-FinalRoll-Revision1-HIN-17-WI.pdf,86,17,8,22,172],,172,172,ZSY1945559,गुलिस्ता,FATHER,शरीफ,७८,३२,Female,False,0.0232,False,False,नाम : गुलिस्ता | पिता का  नाम: शरीफ | फोटो उपलब्थ है | मकान संख्या: ७८ | आयु : ं: ३२ लिंग : महिला
2026-EROLLGEN-S24-86-SIR-FinalRoll-Revision1-HIN-17-WI.pdf,86,17,8,23,173,,173,173,CTV1607670,शाहिद,FATHER,भज्जो,80,80,Male,False,0.0254,False,False,नाम : शाहिद | पिता का नाम: भज्जो | फोटो उपलब्थ है | मकान संख्या : 80 | आयु : 80 लिंग : पुरुष
2026-EROLLGEN-S24-86-SIR-FinalRoll-Revision1-HIN-17-WI.pdf,86,17,8,24,174,,174,174,CTV3166162,जमील,HUSBAND,इदरीश,80,72,Female,False,0.0221,False,False,नाम : जमील | पति का  नाम: इदरीश | फोटो उपलब्थ है | मकान संख्या : 80 | आयु: 72 लिंग : महिला
2026-EROLLGEN-S24-86-SIR-FinalRoll-Revision1-HIN-17-WI.pdf,86,17,8,25,175,,175,175,CTV1607639,रवीया,HUSBAND,: जहीर,80,67,Female,False,0.0232,False,False,"नाम : रवीया | पति का नाम: : जहीर | फोटो उपलब्ध है[ | मकान संख्या : 80 | आयु ं,67 लिंग : महिला"
2026-EROLLGEN-S24-86-SIR-FinalRoll-Revision1-HIN-17-WI.pdf,86,17,8,26,176,,176,176,ZSY1944727,जरीना बेगम,HUSBAND,कदीर,८,65,Female,False,0.0275,False,False,नाम : जरीना बेगम | पति का नाम: कदीर | फोटो उपलब्ध है | मकान संख्या : ८o | आयु 65 लिंग: महिला
2026-EROLLGEN-S24-86-SIR-FinalRoll-Revision1-HIN-17-WI.pdf,86,17,8,27,177,,177,177,ZSY1568278,रूफीदा,HUSBAND,,00,61,Female,False,0.0229,False,True,नाम : रूफीदा | पति का नाम: | इब्बू | फोटो उपलब्ध है | मकान संख्या : oo | आयु 61 लिंग : महिला
2026-EROLLGEN-S24-86-SIR-FinalRoll-Revision1-HIN-17-WI.pdf,86,17,8,28,178,,178,178,UP/70/355/0030018,साबिर,FATHER,मज्जो,80,59,Male,False,0.0186,False,False,नाम: साबिर | पिता का नाम: मज्जो | फोटो उपलब्ध है | मकान संख्या : 80 | आयु 59 लिंग : पुरुष
2026-EROLLGEN-S24-86-SIR-FinalRoll-Revision1-HIN-17-WI.pdf,86,17,8,29,179,,179,179,UP/70/355/0030013,कादीर,FATHER,इबूलू,80,57,Male,False,0.023,False,False,नाम : कादीर | पिता का नाम: इबूलू | फोटो उपलब्थ है[ | मकान संख्या : 80 | आयु : 57 लिंग : पुरुष
2026-EROLLGEN-S24-86-SIR-FinalRoll-Revision1-HIN-17-WI.pdf,86,17,8,30,180,,180,180,UP/70/355/0030016,जाहिद,FATHER,असगर,80,57,Male,False,0.0194,False,False,नाम : जाहिद | पिता का नाम: असगर | फोटो उपलब्थ है | मकान संख्या : 80 | आयु : 57 लिंग : पुरुष
2026-EROLLGEN-S24-86-SIR-FinalRoll-Revision1-HIN-17-WI.pdf,86,17,9,1,181,,181,181,CTV3165842,समीना,HUSBAND,साबिर,80,57,Female,False,0.022,False,False,नाम : समीना | पति का नाम: साबिर | फोटो उपलब्थ है | मकान संख्या : 80 | आयु 57 लिंग : महिला
2026-EROLLGEN-S24-86-SIR-FinalRoll-Revision1-HIN-17-WI.pdf,86,17,9,2,182],,182,182,CTV1607753,मुवीन,,,80,55,Male,False,0.0247,False,True,नाम : मुवीन | अन्य: जहीर | फोटो उपलब्थ है | मकान संख्या : 80 | आयु : 55 लिंग : पुरुष
2026-EROLLGEN-S24-86-SIR-FinalRoll-Revision1-HIN-17-WI.pdf,86,17,9,3,183,,183,183,CTV3165966,बबलू,FATHER,: असगर,80,5४,Male,False,0.0209,False,False,नाम : बबलू | पिता का नाम: : असगर | फोटो उपलब्थ है | मकान संख्या : 80 | आयु: 5४ लिंग : पुरुष
2026-EROLLGEN-S24-86-SIR-FinalRoll-Revision1-HIN-17-WI.pdf,86,17,9,4,184,,184,184,ZSY0006650,सादिक कुरेशी,FATHER,साविर,80,45,Male,False,0.0236,False,False,नाम : सादिक कुरेशी | पिता का नाम: साविर | फोटो उपलब्ध है[ | मकान संख्या : 80 | आयु 45 लिंग : पुरुष
2026-EROLLGEN-S24-86-SIR-FinalRoll-Revision1-HIN-17-WI.pdf,86,17,9,5,185,,185,185,ZSY3104668,नईम,FATHER,: फहीम,80,44,Male,False,0.0252,False,False,"नाम : नईम | पिता का नाम: : फहीम | फोटो उपलब्ध है | मकान संख्या: 80 | आयु ं,44 लिंग : पुरुष"
2026-EROLLGEN-S24-86-SIR-FinalRoll-Revision1-HIN-17-WI.pdf,86,17,9,6,186,,186,186,ZSY1946409,शबाना,HUSBAND,सईम,८०,39,Female,False,0.0211,False,False,नाम : शबाना | पति का नाम: सईम | फोटो उपलब्ध है[ | मकान संख्या : ८० | आयु : : 39 लिंग : महिला
2026-EROLLGEN-S24-86-SIR-FinalRoll-Revision1-HIN-17-WI.pdf,86,17,9,7,187,,187,187,ZSY0237214,रहीस,FATHER,कदीर,80,38,Male,False,0.0173,False,False,नाम : रहीस | पिता का नाम: कदीर | फोटो उपलब्थध है | मकान संख्या : 80 | आयु : 38 लिंग : पुरुष
2026-EROLLGEN-S24-86-SIR-FinalRoll-Revision1-HIN-17-WI.pdf,86,17,9,8,188,,188,188,ZSY0237248,सईद,FATHER,कदीर,80,37,Male,False,0.0214,False,False,नाम : सईद | पिता का नाम: कदीर | फोटो उपलब्ध है | मकान संख्या : 80 | आयु : 37 लिंग : पुरुष
2026-EROLLGEN-S24-86-SIR-FinalRoll-Revision1-HIN-17-WI.pdf,86,17,9,9,189,,189,189,ZSY1946375,कोसर,HUSBAND,रहीस,८०,37,Female,False,0.0164,False,False,नाम : कोसर | पति का नाम: रहीस | फोटो उपलब्ध है | मकान संख्या : ८० | आयु: 37 लिंग : महिला
2026-EROLLGEN-S24-86-SIR-FinalRoll-Revision1-HIN-17-WI.pdf,86,17,9,10,190,,190,190,ZSY1946607,मेहसर,HUSBAND,सईद,८०,35,Female,False,0.0204,False,False,नाम : मेहसर | पति का नाम: सईद | फोटो उपलब्ध है | मकान संख्या: ८० | आयु : 35 लिंग : महिला
2026-EROLLGEN-S24-86-SIR-FinalRoll-Revision1-HIN-17-WI.pdf,86,17,9,11,191,,191,191,ZSY1567411,मोहम्मद इमरान,FATHER,पिता शाहिद,0,32,Male,False,0.024,False,False,नाम : मोहम्मद इमरान | पिता शाहिद | का नाम: | फोटो उपलब्ध है | मकान संख्या: 0o | आयु : 32 लिंग : पुरुष
2026-EROLLGEN-S24-86-SIR-FinalRoll-Revision1-HIN-17-WI.pdf,86,17,9,12,192,,192,192,ZSY1945054,ताजुद्वीन,FATHER,पिता साबिर,८०,32,Male,False,0.0208,False,False,नाम : ताजुद्वीन | पिता साबिर | का नामः | फोटो उपलब्ध है | मकान संख्या : ८० | आयु : 32 लिंग : पुरुष
2026-EROLLGEN-S24-86-SIR-FinalRoll-Revision1-HIN-17-WI.pdf,86,17,9,13,193,,193,193,ZSY1945070,फुरकान,FATHER,: शाहिद,८०,31,Male,False,0.0171,False,False,नाम: फुरकान | पिता का नाम: : शाहिद | फोटो उपलब्ध है | मकान संख्या : ८० | आयु: 31 लिंग : पुरुष
2026-EROLLGEN-S24-86-SIR-FinalRoll-Revision1-HIN-17-WI.pdf,86,17,9,14,194,,194,194,ZSY2612802,शेर मु,FATHER,जहीर,80,28,Male,False,0.0212,False,False,नाम : शेर मु | मुहम्मद | पिता का नाम: जहीर | फोटो उपलब्ध है | मकान संख्या : 80 | आयु : 28 लिंग : पुरुष
2026-EROLLGEN-S24-86-SIR-FinalRoll-Revision1-HIN-17-WI.pdf,86,17,9,15,195,,195,195,ZSY2612810,साजिद कुरेशी,FATHER,मुवीन कुरेशी,80,28,Male,False,0.0192,False,False,नाम : साजिद कुरेशी | पिता का नाम: मुवीन कुरेशी | फोटो उपलब्ध है | मकान संख्या : 80 | आयु : 28 लिंग : पुरुष
2026-EROLLGEN-S24-86-SIR-FinalRoll-Revision1-HIN-17-WI.pdf,86,17,9,16,196,,196,196,ZSY3104643,नुसरा,FATHER,शाहिद,80,28,Female,False,0.0236,False,False,नाम : नुसरा | पिता का नाम: शाहिद | फोटो उपलब्ध है | मकान संख्या :80 | आयु 28 लिंग : महिला
2026-EROLLGEN-S24-86-SIR-FinalRoll-Revision1-HIN-17-WI.pdf,86,17,9,17,197,,197,197,ZSY3104619,मोहम्मद रिहान,FATHER,मोहम्मद शाहिद,80,27,Male,False,0.0286,False,False,नाम : मोहम्मद रिहान | पिता का नाम: मोहम्मद शाहिद | फोटो उपलब्ध है | मकान संख्या 80 | आयु : 27 लिंग पुरुष
2026-EROLLGEN-S24-86-SIR-FinalRoll-Revision1-HIN-17-WI.pdf,86,17,9,18,198,,198,198,ZSY0497453,अल्लामहर,FATHER,कल्लू,81,59,Male,False,0.0227,False,False,नाम .: अल्लामहर | पिता का नाम: कल्लू | फोटो उपलब्ध है | मकान संख्या : 81 | आयु 59 लिंग  : पुरुष
2026-EROLLGEN-S24-86-SIR-FinalRoll-Revision1-HIN-17-WI.pdf,86,17,9,19,199,,199,199,ZSY1567452,नाम E,HUSBAND,पति का,0,48,Female,False,0.0221,False,False,अफरोज | नाम E | पति का | नाम: प्पू कुरेशी | फोटो उपलब्ध है | मकान संख्या 0o | आयु 48 लिंग महिला
2026-EROLLGEN-S24-86-SIR-FinalRoll-Revision1-HIN-17-WI.pdf,86,17,9,20,200,,200,200,CTV3318003,बोना,FATHER,पिता का,82,64,Male,False,0.0242,False,False,नाम : बोना | पिता का | नाम: कल्लू | फोटो उपलब्ध है | मकान संख्या : 82 | आयु  64 लिंग : पुरुष
2026-EROLLGEN-S24-86-SIR-FinalRoll-Revision1-HIN-17-WI.pdf,86,17,9,21,201,,201,201,UP/70/355/0030022,लाला,FATHER,: शौकत,82,59,Male,False,0.023,False,False,नाम : लाला | पिता का नाम: : शौकत | फोटो उपलब्ध है | मकान संख्या : 82 | आयु : 59 लिंग : पुरुष
2026-EROLLGEN-S24-86-SIR-FinalRoll-Revision1-HIN-17-WI.pdf,86,17,9,22,202],,202,202,CTV3256807,हसीना,FATHER,बानो,82,59,Male,False,0.0226,False,False,नाम : हसीना | पिता का नाम: बानो | फोटो उपलब्थ है | मकान संख्या:82 | आयु : 59 लिंग : पुरुष
2026-EROLLGEN-S24-86-SIR-FinalRoll-Revision1-HIN-17-WI.pdf,86,17,9,23,203,,203,203,ZSY1946045,इस्लाम,FATHER,छोटे,८२,58,Male,False,0.0252,False,False,नाम : इस्लाम | पिता का नाम: छोटे | फोटो उपलब्थ है | मकान संख्या : ८२ | आयु : 58 लिंग : पुरुष
2026-EROLLGEN-S24-86-SIR-FinalRoll-Revision1-HIN-17-WI.pdf,86,17,9,24,2०4,,204,2०4,ZSY0497420,चमन,HUSBAND,लाला,82,57,Female,False,0.0211,False,False,नाम : चमन | पति का नाम: लाला | फोटो उपलब्थ है | मकान संख्या : 82 | आयु: 57 लिंग : महिला
2026-EROLLGEN-S24-86-SIR-FinalRoll-Revision1-HIN-17-WI.pdf,86,17,9,25,205,,205,205,ZSY0497446,नम्मो,HUSBAND,इस्लाम,82,56,Female,False,0.0236,False,False,नाम : नम्मो | पति का नाम: इस्लाम | फोटो उपलब्ध है[ | मकान संख्या : 82 | आयु : 56 लिंग : महिला
2026-EROLLGEN-S24-86-SIR-FinalRoll-Revision1-HIN-17-WI.pdf,86,17,9,26,206,,206,206,CTV3319241,टुण्डा,FATHER,शौकत,82,54,Male,False,0.0261,False,False,नाम : टुण्डा | पिता का नाम: शौकत | फोटो उपलब्ध है | मकान संख्या: 82 | आयु : 54 लिंग : पुरुष
2026-EROLLGEN-S24-86-SIR-FinalRoll-Revision1-HIN-17-WI.pdf,86,17,9,27,207,,207,207,ZSY1264316,म मीना,HUSBAND,चंदा,82,54,Female,False,0.0225,False,False,नाम : म मीना | पति का नाम: चंदा | फोटो उपलब्ध है | मकान संख्या : 82 | आयु : : 54 लिंग : महिला
2026-EROLLGEN-S24-86-SIR-FinalRoll-Revision1-HIN-17-WI.pdf,86,17,9,28,208],,208,208,ZSY0245993,चन्दा,FATHER,शोकत,82,51,Male,False,0.017,False,False,नाम: चन्दा | पिता का नाम: शोकत | फोटो उपलब्थ है | मकान संख्या : 82 | आयु: 51 लिंग : पुरुष
2026-EROLLGEN-S24-86-SIR-FinalRoll-Revision1-HIN-17-WI.pdf,86,17,9,29,209,,209,209,ZSY2612851,नाम अफरोज,FATHER,वकील न कुरेशी,82,45,Male,False,0.0227,False,False,नाम अफरोज | पिता का नाम: वकील न कुरेशी | फोटो उपलब्थ है | मकान संख्या : 82 | आयु 45 लिंग पुरुष
2026-EROLLGEN-S24-86-SIR-FinalRoll-Revision1-HIN-17-WI.pdf,86,17,9,30,210,,210,210,ZSY1947936,चाँद,FATHER,लाला,८२,41,Male,False,0.0159,False,False,नाम : चाँद | पिता का नाम: लाला | फोटो उपलब्ध है | मकान संख्या : ८२ | आयु : 41 लिंग : पुरुष
2026-EROLLGEN-S24-86-SIR-FinalRoll-Revision1-HIN-17-WI.pdf,86,17,10,1,211,,211,211,ZSY1945468,नाम आसीम कुरेशी,FATHER,बोना कुरेशी,८२,39,Male,False,0.0248,False,False,नाम आसीम कुरेशी | पिता का नाम: बोना कुरेशी | फोटो उपलब्थ है | मकान संख्या :८२ | आयु 39 लिंग : पुरुष
2026-EROLLGEN-S24-86-SIR-FinalRoll-Revision1-HIN-17-WI.pdf,86,17,10,2,212,,212,212,ZSY1945443,सद्धवम कुरेशी,FATHER,बोनी कुरेशी,८२,35,Male,False,0.0274,False,False,नाम : सद्धवम कुरेशी | पिता का नाम: बोनी कुरेशी | फोटो उपलब्थ है | मकान संख्या: ८२ | आयु : 35 लिंग : पुरुष
2026-EROLLGEN-S24-86-SIR-FinalRoll-Revision1-HIN-17-WI.pdf,86,17,10,3,# 213,,213,213,ZSY1947860,तौफ़ीक,FATHER,नत्थी,८२,35,Male,False,0.021,False,False,नाम : तौफ़ीक | पिता का नाम: नत्थी | फोटो उपलब्थ है | मकान संख्या : ८२ | आयु : : 35 लिंग : पुरुष
2026-EROLLGEN-S24-86-SIR-FinalRoll-Revision1-HIN-17-WI.pdf,86,17,10,4,2१४,,214,2१४,ZSY1945120,सोनम,FATHER,इस्लाम,८२,32,Female,False,0.0224,False,False,नाम : सोनम | पिता का नाम: इस्लाम | फोटो उपलब्ध है[ | मकान संख्या: ८२ | आयु : 32 लिंग : महिला
2026-EROLLGEN-S24-86-SIR-FinalRoll-Revision1-HIN-17-WI.pdf,86,17,10,5,2१५,,215,2१५,ZSY2612869,सायना,HUSBAND,आमीन न कुरेशी,82,32,Female,False,0.0273,False,False,नाम : सायना | पति का नाम: आमीन न कुरेशी | फोटो उपलब्ध है | मकान संख्या: 82 | आयु : 32 लिंग : महिला
2026-EROLLGEN-S24-86-SIR-FinalRoll-Revision1-HIN-17-WI.pdf,86,17,10,6,216,,216,216,ZSY1945104,तबस्सुम,FATHER,पिता का नामः इस्लाम,८२,31,Male,False,0.0217,False,False,नाम : तबस्सुम | पिता का नामः इस्लाम | फोटो उपलब्ध है[ | मकान संख्या : ८२ | आयु : 31 लिंग : पुरुष
2026-EROLLGEN-S24-86-SIR-FinalRoll-Revision1-HIN-17-WI.pdf,86,17,10,7,217,,217,217,ZSY1945088,शाहीन,FATHER,: इस्लाम,८२,30,Female,False,0.0171,False,False,नाम: शाहीन | पिता का नाम: : इस्लाम | फोटो उपलब्थ है | मकान संख्या :८२ | आयु 30 लिंग : महिला
2026-EROLLGEN-S24-86-SIR-FinalRoll-Revision1-HIN-17-WI.pdf,86,17,10,8,218,,218,218,ZSY2612844,रीना,FATHER,वकील न कुरेशी,82,28,Female,False,0.0231,False,False,नाम : रीना | पिता का नाम: वकील न कुरेशी | फोटो उपलब्ध है | मकान संख्या : 82 | आयु 28 लिंग : महिला
2026-EROLLGEN-S24-86-SIR-FinalRoll-Revision1-HIN-17-WI.pdf,86,17,10,9,219,,219,219,ZSY3637386,रजिया,FATHER,इदरिश,82,27,Female,False,0.0178,False,False,नाम : रजिया | पिता का नाम: इदरिश | फोटो उपलब्ध है | मकान संख्या : 82 | आयु:  27 लिंग : महिला
2026-EROLLGEN-S24-86-SIR-FinalRoll-Revision1-HIN-17-WI.pdf,86,17,10,10,220,,220,220,ZSY3638327,अहमद अरमान रजा,FATHER,पिता का इदरीश,82,,,False,0.0232,False,True,नाम : अहमद अरमान रजा | पिता का इदरीश | नाम: | फोटो उपलब्ध है | मकान संख्या:82 | : 26 लिंग : पुरुष | आयु
2026-EROLLGEN-S24-86-SIR-FinalRoll-Revision1-HIN-17-WI.pdf,86,17,10,11,221,,221,221,ZSY3639457,खान,FATHER,पिता,82,26,Male,False,0.0251,False,False,मोइन | नाम : खान | पिता | का नाम: इस्माइल | फोटो उपलब्ध है | मकान संख्या T:82 | आयु : 26 लिंग : पुरुष
2026-EROLLGEN-S24-86-SIR-FinalRoll-Revision1-HIN-17-WI.pdf,86,17,10,12,222,,222,222,ZSY3376217,रीना,FATHER,बोना,82,23,Female,False,0.0194,False,False,नाम : रीना | पिता नाम: बोना | का | फोटो उपलब्ध है | मकान संख्या : 82 | आयु : 23 लिंग : महिला
2026-EROLLGEN-S24-86-SIR-FinalRoll-Revision1-HIN-17-WI.pdf,86,17,10,13,223,,223,223,ZSY3427739,सोहिल,FATHER,बोना,82,23,Male,False,0.0167,False,False,नाम : सोहिल | पिता का  नाम: बोना | फोटो उपलब्ध है | मकान संख्या : 82 | आयु: : 23 लिंग : पुरुष
2026-EROLLGEN-S24-86-SIR-FinalRoll-Revision1-HIN-17-WI.pdf,86,17,10,14,224,,224,224,ZSY3844149,खुशनुमा,FATHER,इदरीस,82,२3,Female,False,0.0214,False,False,नाम : खुशनुमा | पिता का नाम:  इदरीस | फोटो उपलब्ध है | मकान संख्या : 82 | आयु : २3 लिंग : महिला
2026-EROLLGEN-S24-86-SIR-FinalRoll-Revision1-HIN-17-WI.pdf,86,17,10,15,225,,225,225,ZSY3633674,नाज़मीन,FATHER,इकबाल,82,21,Female,False,0.0173,False,False,नाम : नाज़मीन | पिता का नाम: इकबाल | फोटो उपलब्ध है | मकान संख्या : 82 | आयु : 21 लिंग : महिला
2026-EROLLGEN-S24-86-SIR-FinalRoll-Revision1-HIN-17-WI.pdf,86,17,10,16,226,,226,226,ZSY1264183,फरजाना,HUSBAND,नत्थो,82/35,49,Female,False,0.0244,False,False,नाम : फरजाना | पति का नाम: नत्थो | फोटो उपलब्ध है | मकान संख्या 82/35 | लिंग | आयु 49  महिला
2026-EROLLGEN-S24-86-SIR-FinalRoll-Revision1-HIN-17-WI.pdf,86,17,10,17,227,,227,227,ZSY1566793,नाम . आसमोहम्मद,FATHER,वासत,00,32,Male,False,0.0272,False,False,नाम . आसमोहम्मद | पिता का नाम: वासत | फोटो उपलब्ध है | मकान संख्या: 00 | आयु : 32 लिंग : पुरुष
2026-EROLLGEN-S24-86-SIR-FinalRoll-Revision1-HIN-17-WI.pdf,86,17,10,18,228,,228,228,ZSY0230532,नाम  अल्लादीन,FATHER,पिता का नामः साबू,83,84,Male,False,0.0237,False,False,नाम  अल्लादीन | पिता का नामः साबू | फोटो उपलब्ध है | मकान संख्या : 83 | आयु 84 लिंग : पुरुष
2026-EROLLGEN-S24-86-SIR-FinalRoll-Revision1-HIN-17-WI.pdf,86,17,10,19,229,,229,229,CTV3165891,नाम अख्तर,FATHER,मजरुददीन,83,69,Male,False,0.0213,False,False,नाम अख्तर | पिता का नाम: मजरुददीन | फोटो उपलब्ध है | मकान संख्या :83 | आयु 69 लिंग : पुरुष
2026-EROLLGEN-S24-86-SIR-FinalRoll-Revision1-HIN-17-WI.pdf,86,17,10,20,230,,230,230,CTV3319043,हांसो,FATHER,अल्लादीन,83,51,Male,False,0.0252,False,False,नाम : हांसो | पिता का नाम: अल्लादीन | फोटो उपलब्ध है | मकान संख्या: 83 | आयु : : 51 लिंग : पुरुष
2026-EROLLGEN-S24-86-SIR-FinalRoll-Revision1-HIN-17-WI.pdf,86,17,10,21,231,,231,231,CTV3256658,पप्पू,FATHER,निजामुददीन,83,51,Male,False,0.0221,False,False,नाम : पप्पू | पिता नाम: निजामुददीन | का | फोटो उपलब्ध है | मकान संख्या : 83 | आयु : 51 लिंग : पुरुष
2026-EROLLGEN-S24-86-SIR-FinalRoll-Revision1-HIN-17-WI.pdf,86,17,10,22,232],,232,232,CTV3256799,ुन्री,HUSBAND,हंसो,83,४९,Female,False,0.0222,False,False,नाम : ुन्री | पति का नाम: हंसो | फोटो उपलब्थ है | मकान संख्या : 83 | आयु: ४९ लिंग : महिला
2026-EROLLGEN-S24-86-SIR-FinalRoll-Revision1-HIN-17-WI.pdf,86,17,10,23,233,,233,233,ZSY2192748,शकील,FATHER,नजरूददीन,83,47,Male,False,0.0262,False,False,नाम : शकील | पिता का नाम: नजरूददीन | फोटो उपलब्थ है | मकान संख्या : 83 | आयु : 47 लिंग : पुरुष
2026-EROLLGEN-S24-86-SIR-FinalRoll-Revision1-HIN-17-WI.pdf,86,17,10,24,234,,234,234,ZSY0237230,सहीदा बेगम,HUSBAND,शकील,83,46,Female,False,0.0234,False,False,नाम : सहीदा बेगम | पति का नाम: शकील | फोटो उपलब्थ है | मकान संख्या : 83 | आयु: 46 लिंग : महिला
2026-EROLLGEN-S24-86-SIR-FinalRoll-Revision1-HIN-17-WI.pdf,86,17,10,25,235,,235,235,ZSY2612786,साबिया,HUSBAND,अंसार,83,40,Female,False,0.0234,False,False,नाम : साबिया | पति का नाम: अंसार | फोटो उपलब्ध है[ | मकान संख्या : 83 | आयु 40 लिंग : महिला
2026-EROLLGEN-S24-86-SIR-FinalRoll-Revision1-HIN-17-WI.pdf,86,17,10,26,236,,236,236,ZSY2612885,अरमान,FATHER,पप्पू,83,32,Male,False,0.0262,False,False,नाम : अरमान | पिता का नाम: पप्पू | फोटो उपलब्ध है | मकान संख्या: 83 | आयु : 32 लिंग : पुरुष
2026-EROLLGEN-S24-86-SIR-FinalRoll-Revision1-HIN-17-WI.pdf,86,17,10,27,237,,237,237,ZSY3092046,समीर,FATHER,हस्सो,83,31,Male,False,0.0231,False,False,नाम : समीर | पिता का नाम: हस्सो | फोटो उपलब्ध है | मकान संख्या : 83 | आयु : 31 लिंग : पुरुष
2026-EROLLGEN-S24-86-SIR-FinalRoll-Revision1-HIN-17-WI.pdf,86,17,10,28,238,,238,238,ZSY3092079,आसमा,FATHER,हस्सो,83,3०,Female,False,0.0177,False,False,नाम : आसमा | पिता का नाम: हस्सो | फोटो उपलब्थ है | मकान संख्या : 83 | आयु: 3० लिंग : महिला
2026-EROLLGEN-S24-86-SIR-FinalRoll-Revision1-HIN-17-WI.pdf,86,17,10,29,239,,239,239,ZSY3092178,असलम,FATHER,हस्सो,83,25,Male,False,0.0211,False,False,नाम : असलम | पिता ा का नाम: हस्सो | फोटो उपलब्थ है | मकान संख्या : 83 | आयु : 25 लिंग : पुरुष
2026-EROLLGEN-S24-86-SIR-FinalRoll-Revision1-HIN-17-WI.pdf,86,17,10,30,240,,240,240,ZSY3962818,बारिष,FATHER,हस्सों,83,21,Male,False,0.0177,False,False,नाम : बारिष | पिता  का नाम: हस्सों | फोटो उपलब्ध है | मकान संख्या : 83 | आयु : 21 लिंग : पुरुष
2026-EROLLGEN-S24-86-SIR-FinalRoll-Revision1-HIN-17-WI.pdf,86,17,11,1,241,,241,241,UP/70/355/0030023,नाम चिस्सो खान,FATHER,अल्लाउद्ीन,84,58,Male,False,0.0265,False,False,नाम चिस्सो खान | पिता का नाम: अल्लाउद्ीन | फोटो उपलब्थ है | मकान संख्या : 84 | आयु 58 लिंग : पुरुष
2026-EROLLGEN-S24-86-SIR-FinalRoll-Revision1-HIN-17-WI.pdf,86,17,11,2,242,,242,242,ZSY1947258,रानी,HUSBAND,चिस्सो खान,८४,52,Female,False,0.0265,False,False,नाम : रानी | पति का नाम: चिस्सो खान | फोटो उपलब्थ है | मकान संख्या: ८४ | आयु : 52 लिंग : महिला
2026-EROLLGEN-S24-86-SIR-FinalRoll-Revision1-HIN-17-WI.pdf,86,17,11,3,243,,243,243,CTV3256955,हसीना,HUSBAND,पप्पू,84,51,Female,False,0.0219,False,False,नाम: हसीना | पति का नाम: पप्पू | फोटो उपलब्थ है | मकान संख्या : 84 | आयु: 51 लिंग : महिला
2026-EROLLGEN-S24-86-SIR-FinalRoll-Revision1-HIN-17-WI.pdf,86,17,11,4,244,,244,244,ZSY1947233,नाम चीस्सो कुरेशी,FATHER,चीस्सो करेशी,८४,31,Male,False,0.0259,False,False,नाम चीस्सो कुरेशी | : इमरान | पिता का नाम: चीस्सो करेशी | फोटो उपलब्ध है[ | मकान संख्या ८४ | आयु : 31 लिंग  : पुरुष
2026-EROLLGEN-S24-86-SIR-FinalRoll-Revision1-HIN-17-WI.pdf,86,17,11,5,245,,245,245,ZSY1947225,नाम  खान,FATHER,चिस्सो खान,८४,30,Male,False,0.0282,False,False,नाम  खान | शाहरूख | पिता का नाम: चिस्सो खान | फोटो उपलब्ध है | मकान संख्या: ८४ | आयु : 30 लिंग : पुरुष
2026-EROLLGEN-S24-86-SIR-FinalRoll-Revision1-HIN-17-WI.pdf,86,17,11,6,246,,246,246,ZSY1566983,जलालुददीन,FATHER,निजामुददीन,00,49,Male,False,0.024,False,False,नाम : जलालुददीन | पिता का नाम: निजामुददीन | फोटो उपलब्ध है[ | मकान संख्या : oo | आयु: 49 लिंग : पुरुष
2026-EROLLGEN-S24-86-SIR-FinalRoll-Revision1-HIN-17-WI.pdf,86,17,11,7,247,,247,247,ZSY0742601,शहजाद,FATHER,शहीद,85,४०,Male,False,0.0176,False,False,नाम : शहजाद | पिता का  नाम: शहीद | फोटो उपलब्थ है | मकान संख्या : 85 | आयु: : ४० लिंग : पुरुष
2026-EROLLGEN-S24-86-SIR-FinalRoll-Revision1-HIN-17-WI.pdf,86,17,11,8,# 248,,248,248,ZSY1947191,दीन मोहम्मद,FATHER,इकराम कुरेशी,मकान संख्या 0,35,Male,False,0.0224,False,False,नाम  : दीन मोहम्मद | पिता का नाम: इकराम कुरेशी | फोटो उपलब्ध है | मकान संख्या o | आयु : 35 लिंग : पुरुष
2026-EROLLGEN-S24-86-SIR-FinalRoll-Revision1-HIN-17-WI.pdf,86,17,11,9,249,,249,249,CTV2885333,बानो,HUSBAND,मुन्ना,88,82,Female,False,0.0172,False,False,नाम : बानो | पति का नाम: मुन्ना | फोटो उपलब्ध है | मकान संख्या : 88 | आयु: 82 2 लिंग : महिला
2026-EROLLGEN-S24-86-SIR-FinalRoll-Revision1-HIN-17-WI.pdf,86,17,11,10,250,,250,250,ZSY3104684,साईन,HUSBAND,नईम,88,४3,Female,False,0.0207,False,False,नाम : साईन | पति का नाम: नईम | फोटो उपलब्ध है | मकान संख्या : 88 | आयु : ४3 लिंग : महिला
2026-EROLLGEN-S24-86-SIR-FinalRoll-Revision1-HIN-17-WI.pdf,86,17,11,11,251,,251,251,ZSY0742684,मिसिया,HUSBAND,पति,89,४8,Female,False,0.0244,False,False,नाम : मिसिया | पति | का नाम: पप्पू | फोटो उपलब्ध है | मकान संख्या: 89 | आयु : ४8 लिंग : महिला
2026-EROLLGEN-S24-86-SIR-FinalRoll-Revision1-HIN-17-WI.pdf,86,17,11,12,# 252,,252,252,ZSY1945260,राशिद,FATHER,राशिद,८९,38,Male,False,0.021,False,False,नाम : राशिद | पिता का नाम: राशिद | फोटो उपलब्ध है | मकान संख्या : ८९ | आयु : 38 लिंग : पुरुष
2026-EROLLGEN-S24-86-SIR-FinalRoll-Revision1-HIN-17-WI.pdf,86,17,11,13,# 253,,253,253,ZSY1945278,बारिश,FATHER,: मुन्तञा,८९,35,Male,False,0.017,False,False,नाम: बारिश | पिता का नाम: : मुन्तञा | फोटो उपलब्ध है | मकान संख्या: ८९ | आयु : 35 लिंग : पुरुष
2026-EROLLGEN-S24-86-SIR-FinalRoll-Revision1-HIN-17-WI.pdf,86,17,11,14,254,,254,254,UP/70/355/0030026,सफीना,HUSBAND,शहजाद,90,67,Female,False,0.0226,False,False,नाम : सफीना | पति का नाम: शहजाद | फोटो उपलब्ध है | मकान संख्या : 90 | आयु े 67 लिंग : महिला
2026-EROLLGEN-S24-86-SIR-FinalRoll-Revision1-HIN-17-WI.pdf,86,17,11,15,255,,255,255,ZSY1945617,अमरूद्वीन,FATHER,नसरूद्वीन,९०,66,Male,False,0.0167,False,False,नाम : अमरूद्वीन | पिता का नाम: नसरूद्वीन | फोटो उपलब्ध है | मकान संख्या : ९० | आयु : 66 लिंग : पुरुष
2026-EROLLGEN-S24-86-SIR-FinalRoll-Revision1-HIN-17-WI.pdf,86,17,11,16,256,,256,256,ZSY1945633,यासमीन,HUSBAND,अमरूट्टीन,९०,58,Female,False,0.0238,False,False,नाम : यासमीन | पति का नाम: अमरूट्टीन | फोटो उपलब्ध है | मकान संख्या ९० | आयु 58 लिंग : महिला
2026-EROLLGEN-S24-86-SIR-FinalRoll-Revision1-HIN-17-WI.pdf,86,17,11,17,257,,257,257,ZSY1945781,अलीमुद्वीन,FATHER,नसरूद्वीन,९०,55,Male,False,0.0277,False,False,नाम : अलीमुद्वीन | पिता का नाम: नसरूद्वीन | फोटो उपलब्ध है | मकान संख्या : ९० | आयु : 55 लिंग ा : पुरुष
2026-EROLLGEN-S24-86-SIR-FinalRoll-Revision1-HIN-17-WI.pdf,86,17,11,18,258,,258,258,ZSY1945757,नजमुद्वीन,FATHER,नसरूद्टीन,९०,52,Male,False,0.0241,False,False,नाम : नजमुद्वीन | पिता का नाम: नसरूद्टीन | फोटो उपलब्ध है | मकान संख्या : ९० | आयु : 52 लिंग  : पुरुष
2026-EROLLGEN-S24-86-SIR-FinalRoll-Revision1-HIN-17-WI.pdf,86,17,11,19,259,,259,259,ZSY1945807,नाम . अफसाना,HUSBAND,अलीमुद्वीन,९०,52,Female,False,0.0217,False,False,नाम . अफसाना | पति का नाम: अलीमुद्वीन | फोटो उपलब्ध है | मकान संख्या ९० | आयु : 52 लिंग महिला
2026-EROLLGEN-S24-86-SIR-FinalRoll-Revision1-HIN-17-WI.pdf,86,17,11,20,260,,260,260,ZSY1945732,तबस्सुम,HUSBAND,पति का,९०,49,Female,False,0.0264,False,False,नाम : तबस्सुम | पति का | नाम: नजमुद्ीन | फोटो उपलब्ध है | मकान संख्या : ९० | आयु 49 लिंग: महिला
2026-EROLLGEN-S24-86-SIR-FinalRoll-Revision1-HIN-17-WI.pdf,86,17,11,21,261,,261,261,ZSY1947563,हसमुह्ीन,FATHER,पिता सफीना,९०,39,Male,False,0.021,False,False,नाम : हसमुह्ीन | पिता सफीना | का नाम: | फोटो उपलब्ध है | मकान संख्या : ९० | आयु : 39 लिंग : पुरुष
2026-EROLLGEN-S24-86-SIR-FinalRoll-Revision1-HIN-17-WI.pdf,86,17,11,22,262],,262,262,ZSY1947589,शबाना,HUSBAND,हसमुद्ीन,९०,38,Female,False,0.0233,False,False,नाम : शबाना | पति का नाम: हसमुद्ीन | फोटो उपलब्थ है | मकान संख्या: ९० | आयु: 38 लिंग : महिला
2026-EROLLGEN-S24-86-SIR-FinalRoll-Revision1-HIN-17-WI.pdf,86,17,11,23,263,,263,263,ZSY1945641,मुबीन,FATHER,अमरूद्वीन,९०,37,Male,False,0.025,False,False,नाम : मुबीन | पिता का नाम: अमरूद्वीन | फोटो उपलब्थ है | मकान संख्या : ९० | आयु : 37 लिं : पुरुष
2026-EROLLGEN-S24-86-SIR-FinalRoll-Revision1-HIN-17-WI.pdf,86,17,11,24,264,,264,264,ZSY1945666,नईम,FATHER,अमरूद्वीन,९०,34,Male,False,0.0215,False,False,नाम : नईम | पिता का नाम: अमरूद्वीन | फोटो उपलब्थ है | मकान संख्या : ९० | आयु: 34 4 लिंग : पुरुष
2026-EROLLGEN-S24-86-SIR-FinalRoll-Revision1-HIN-17-WI.pdf,86,17,11,25,265,,265,265,ZSY1945765,नाम,FATHER,अलीमुद्ीन,९०,32,Male,False,0.0241,False,False,नाम | : शाहरूख | पिता का नाम: अलीमुद्ीन | फोटो उपलब्ध है[ | मकान संख्या: ९० | आयु : 32 लिंग  : पुरुष
2026-EROLLGEN-S24-86-SIR-FinalRoll-Revision1-HIN-17-WI.pdf,86,17,11,26,266,,266,266,ZSY1945682,कामिल,FATHER,अमरूट्टीन,९०,31,Male,False,0.0281,False,False,नाम : कामिल | पिता का नाम: अमरूट्टीन | फोटो उपलब्ध है | मकान संख्या: ९० | आयु : 31 लिंग : पुरुष
2026-EROLLGEN-S24-86-SIR-FinalRoll-Revision1-HIN-17-WI.pdf,86,17,11,27,267,,267,267,ZSY2614741,कैफी,FATHER,अमरूददीन,90,28,Female,False,0.0247,False,False,नाम : कैफी | पिता का नाम: अमरूददीन | फोटो उपलब्ध है | मकान संख्या : 90 | आयु 28 लिंग : महिला
2026-EROLLGEN-S24-86-SIR-FinalRoll-Revision1-HIN-17-WI.pdf,86,17,11,28,268,,268,268,ZSY2853430,गुलफशा,HUSBAND,मुबीन,90,28,Female,False,0.0185,False,False,नाम : गुलफशा | पति का नाम: मुबीन | फोटो उपलब्थ है | मकान संख्या : 90 | आयु 28 लिंग : महिला
2026-EROLLGEN-S24-86-SIR-FinalRoll-Revision1-HIN-17-WI.pdf,86,17,11,29,269,,269,269,ZSY2865681,जुनैद,FATHER,नजरूद्वीन,90,२८,Male,False,0.0215,False,False,नाम : जुनैद | पिता का नाम: नजरूद्वीन | फोटो उपलब्थ है | मकान संख्या : 90 | आयु : २८ लिंग : पुरुष
2026-EROLLGEN-S24-86-SIR-FinalRoll-Revision1-HIN-17-WI.pdf,86,17,11,30,270,,270,270,ZSY2865707,चाँदनी,FATHER,हसमुदद्ीन,90,२७,Female,False,0.0181,False,False,नाम : चाँदनी | पिता का नाम: हसमुदद्ीन | फोटो उपलब्ध है | मकान संख्या : 90 | आयु : २७ लिंग : महिला
2026-EROLLGEN-S24-86-SIR-FinalRoll-Revision1-HIN-17-WI.pdf,86,17,12,1,271,,271,271,ZSY1600188,नाम जाविद राईन,FATHER,ईशाक,90/279,54,Male,False,0.0247,False,False,नाम जाविद राईन | पिता का नाम: ईशाक | फोटो उपलब्थ है | मकान संख्या : 90/279 | आयु 54 लिंग : पुरुष
2026-EROLLGEN-S24-86-SIR-FinalRoll-Revision1-HIN-17-WI.pdf,86,17,12,2,272,,272,272,ZSY1264290,नाम . अफसाना,HUSBAND,पप्पन,90/279,50,Female,False,0.0278,False,False,नाम . अफसाना | पति का नाम: पप्पन | फोटो उपलब्थ है[ | मकान संख्या : 90/279 | आयु 50 लिंग : महिला
2026-EROLLGEN-S24-86-SIR-FinalRoll-Revision1-HIN-17-WI.pdf,86,17,12,3,273,,273,273,ZSY1264274,नाम सहनाज बानो,HUSBAND,,90/279,49,Female,False,0.0237,False,True,नाम सहनाज बानो | पति का नाम: | मुन्ना | फोटो उपलब्थ है | मकान संख्या : 90/279 | आयु: 49 लिंग : महिला
2026-EROLLGEN-S24-86-SIR-FinalRoll-Revision1-HIN-17-WI.pdf,86,17,12,4,274,,274,274,ZSY1600303,"नाम "" सकील भाई",FATHER,सलीम,90/279,44,Male,False,0.0235,False,False,"नाम "" सकील भाई | पिता का नाम: सलीम | फोटो उपलब्ध है[ | मकान संख्या : 90/279 | आयु 44 लिंग : पुरुष"
2026-EROLLGEN-S24-86-SIR-FinalRoll-Revision1-HIN-17-WI.pdf,86,17,12,5,275,,275,275,ZSY1600295,नाम ग्यासुददीन,FATHER,सलीम,90/279,40,Male,False,0.0267,False,False,नाम ग्यासुददीन | पिता का नाम: सलीम | फोटो उपलब्ध है | मकान संख्या: 90/279 | आयु 40 लिंग : पुरुष
2026-EROLLGEN-S24-86-SIR-FinalRoll-Revision1-HIN-17-WI.pdf,86,17,12,6,276,,276,276,ZSY1600311,नाम •,FATHER,सलीम,90/279,38,Male,False,0.0239,False,False,नाम • | न्याजुददीन | पिता का नाम: सलीम | फोटो उपलब्ध है[ | मकान संख्या : 90/279 | आयु : 38 लिंग : पुरुष
2026-EROLLGEN-S24-86-SIR-FinalRoll-Revision1-HIN-17-WI.pdf,86,17,12,7,277,,277,277,ZSY3759495,नसीम,HUSBAND,सकील भाई,90/279,36,Female,False,0.0191,False,False,नाम : नसीम | पति का नाम: सकील भाई | फोटो उपलब्ध है | मकान संख्या : 90/279 | आयु 36 लिंग: महिला
2026-EROLLGEN-S24-86-SIR-FinalRoll-Revision1-HIN-17-WI.pdf,86,17,12,8,278,,278,278,ZSY2512200,रूखसाना,HUSBAND,ग्यासउददीन,९०/२७९,35,Female,False,0.0233,False,False,नाम : रूखसाना | पति का नाम: ग्यासउददीन | फोटो उपलब्ध है | मकान संख्या ९०/२७९ | आयु 35 लिंग महिला
2026-EROLLGEN-S24-86-SIR-FinalRoll-Revision1-HIN-17-WI.pdf,86,17,12,9,279,,279,279,ZSY3092228,अबिद,FATHER,पप्पन,90/279,26,Female,False,0.0182,False,False,नाम : अबिद | पिता का नाम: पप्पन | फोटो उपलब्ध है | मकान संख्या : 90/279 | आयु 26 लिंग : महिला
2026-EROLLGEN-S24-86-SIR-FinalRoll-Revision1-HIN-17-WI.pdf,86,17,12,10,280,,280,280,CTV1607829,वानो,HUSBAND,निसार,91,74,Female,False,0.0205,False,False,वानो | नाम: | पति का नाम: निसार | फोटो उपलब्ध है | मकान संख्या : 91 | आयु 74 लिंग : महिला
2026-EROLLGEN-S24-86-SIR-FinalRoll-Revision1-HIN-17-WI.pdf,86,17,12,11,# 281,,281,281,ZSY4352977,युनिस राईन,FATHER,निसार,91,49,Male,False,0.0251,False,False,नाम : युनिस राईन | पिता नाम: निसार | का | फोटो उपलब्ध है | मकान संख्या : 91 | आयु : 49 लिंग : पुरुष
2026-EROLLGEN-S24-86-SIR-FinalRoll-Revision1-HIN-17-WI.pdf,86,17,12,12,282,,282,282,CTV2687069,अयुबा,FATHER,निसार,91,,,False,0.0202,False,True,नाम : अयुबा | पिता नाम: निसार | का | फोटो उपलब्ध है | मकान संख्या : 91 | 49 लिंग : पुरुष | आयु
2026-EROLLGEN-S24-86-SIR-FinalRoll-Revision1-HIN-17-WI.pdf,86,17,12,13,283,,283,283,CTV3302080,अंसार,FATHER,निसार,91,45,Male,False,0.0172,False,False,नाम : अंसार | पिता का नाम: निसार | फोटो उपलब्ध है | मकान संख्या : 91 | आयु 45 लिंग : पुरुष
2026-EROLLGEN-S24-86-SIR-FinalRoll-Revision1-HIN-17-WI.pdf,86,17,12,14,284,,284,284,CTV2658904,अब्बल,FATHER,निसार,91,43,Male,False,0.021,False,False,नाम :अब्बल | पिता का नाम: निसार | फोटो उपलब्ध है | मकान संख्या : 91 | आयु : : 43 लिंग : पुरुष
2026-EROLLGEN-S24-86-SIR-FinalRoll-Revision1-HIN-17-WI.pdf,86,17,12,15,285,,285,285,CTV3256708,बेबी,HUSBAND,यूनिस,91,43,Female,False,0.0162,False,False,नाम : बेबी | पति का नाम: यूनिस | फोटो उपलब्ध है | मकान संख्या : 91 | आयु: 43 लिंग : महिला
2026-EROLLGEN-S24-86-SIR-FinalRoll-Revision1-HIN-17-WI.pdf,86,17,12,16,286,,286,286,ZSY2612729,कल्लो,HUSBAND,अययूब,91,39,,False,0.023,False,True,नाम : कल्लो | पति का नाम: अययूब | फोटो उपलब्ध है | मकान संख्या : 91 | लिंग : महिला | आयु 39
2026-EROLLGEN-S24-86-SIR-FinalRoll-Revision1-HIN-17-WI.pdf,86,17,12,17,287,,287,287,CTV2687051,इमरान,FATHER,:निसार,91,37,Male,False,0.026,False,False,नाम : इमरान | पिता का नाम: :निसार | फोटो उपलब्ध है | मकान संख्या: 91 | आयु : 37 लिंग : पुरुष
2026-EROLLGEN-S24-86-SIR-FinalRoll-Revision1-HIN-17-WI.pdf,86,17,12,18,288,,288,288,ZSY1945286,फरमान,FATHER,निसार,९१,32,Male,False,0.0225,False,False,नाम: फरमान | पिता का नाम: निसार | फोटो उपलब्ध है | मकान संख्या : ९१ | आयु : 32 लिंग : पुरुष
2026-EROLLGEN-S24-86-SIR-FinalRoll-Revision1-HIN-17-WI.pdf,86,17,12,19,289,,289,289,ZSY2335685,राजा बाबू,FATHER,मल्को,९१,30,Male,False,0.0216,False,False,नाम :राजा बाबू | पिता का नाम: मल्को | फोटो उपलब्ध है | मकान संख्या : ९१ | आयु : 30 लिंग : पुरुष
2026-EROLLGEN-S24-86-SIR-FinalRoll-Revision1-HIN-17-WI.pdf,86,17,12,20,290,,290,290,ZSY2865665,र फैजान,FATHER,यूनिष,91,29,Male,False,0.0249,False,False,नाम :र फैजान | पिता का नाम: यूनिष | फोटो उपलब्ध है | मकान संख्या : 91 | आयु : 29 लिंग : पुरुष
2026-EROLLGEN-S24-86-SIR-FinalRoll-Revision1-HIN-17-WI.pdf,86,17,12,21,291,,291,291,ZSY2865657,रूबीना,FATHER,: सलीम,91,28,Female,False,0.0209,False,False,रूबीना | नाम : | पिता का नाम: : सलीम | फोटो उपलब्ध है | मकान संख्या : 91 | आयु  28 लिंग : महिला
2026-EROLLGEN-S24-86-SIR-FinalRoll-Revision1-HIN-17-WI.pdf,86,17,12,22,292,,292,292,ZSY2865640,नाहिद,FATHER,अययूब,91,27,Female,False,0.0235,False,False,नाम: नाहिद | पिता का नाम: अययूब | फोटो उपलब्थ है | मकान संख्या : 91 | आयु : 27 7 लिंग : महिला
2026-EROLLGEN-S24-86-SIR-FinalRoll-Revision1-HIN-17-WI.pdf,86,17,12,23,293,,293,293,ZSY2865715,२ सेजन,FATHER,यूनिस,91,27,Female,False,0.0258,False,False,नाम : २ सेजन | पिता का नाम: यूनिस | फोटो उपलब्थ है | मकान संख्या : 91 | आयु : 27 लिंग : महिला
2026-EROLLGEN-S24-86-SIR-FinalRoll-Revision1-HIN-17-WI.pdf,86,17,12,24,294,,294,294,ZSY3711975,अंजुम,FATHER,: अय्यूब,91,२४,Female,False,0.0215,False,False,नाम : अंजुम | पिता का नाम: : अय्यूब | फोटो उपलब्थ है | मकान संख्या : 91 | आयु: २४ लिंग : महिला
2026-EROLLGEN-S24-86-SIR-FinalRoll-Revision1-HIN-17-WI.pdf,86,17,12,25,295,,295,295,ZSY3704657,नाम फेसल,FATHER,अ्यूब,91,23,Male,False,0.0233,False,False,नाम फेसल | पिता का नाम: अ्यूब | फोटो उपलब्ध है[ | मकान संख्या : 91 | आयु : 23 लिंग : पुरुष
2026-EROLLGEN-S24-86-SIR-FinalRoll-Revision1-HIN-17-WI.pdf,86,17,12,26,296,,296,296,UP/70/355/0030033,नाम . अफ्सर,FATHER,अजमेरी,95,59,Male,False,0.0295,False,False,नाम . अफ्सर | पिता का नाम: अजमेरी | फोटो उपलब्ध है | मकान संख्या : 95 | आयु ं 59 लिंग : पुरुष
2026-EROLLGEN-S24-86-SIR-FinalRoll-Revision1-HIN-17-WI.pdf,86,17,12,27,297,,297,297,ZSY1567593,अबरार,FATHER,,00,59,Male,False,0.0232,False,True,नाम : अबरार | पिता का नाम: | याकूब | फोटो उपलब्ध है | मकान संख्या : oo | आयु : 59 लिंग : पुरुष
2026-EROLLGEN-S24-86-SIR-FinalRoll-Revision1-HIN-17-WI.pdf,86,17,12,28,298,,298,298,UP/70/355/0030036,रफत,FATHER,अजमेरी,95,58,Male,False,0.0193,False,False,नाम : रफत | पिता का नाम: अजमेरी | फोटो उपलब्ध है | मकान संख्या : 95 | आयु 58 लिंग : पुरुष
2026-EROLLGEN-S24-86-SIR-FinalRoll-Revision1-HIN-17-WI.pdf,86,17,12,29,299,,299,299,ZSY0723171,समीना,FATHER,अजमेरी,95,57,Male,False,0.021,False,False,नाम : समीना | पिता का नाम: अजमेरी | फोटो उपलब्थ है | मकान संख्या : 95 | आयु : 57 लिंग: पुरुष
2026-EROLLGEN-S24-86-SIR-FinalRoll-Revision1-HIN-17-WI.pdf,86,17,12,30,300,,300,300,ZSY1567742,अकीलो,FATHER,टुण्डा,००,44,Male,False,0.0163,False,False,नाम : अकीलो | पिता का नाम: टुण्डा | फोटो उपलब्ध है | मकान संख्या : ०० | आयु: 44 4 लिंग : पुरुष
2026-EROLLGEN-S24-86-SIR-FinalRoll-Revision1-HIN-17-WI.pdf,86,17,13,1,301,,301,301,ZSY1756550,वल्लू,FATHER,अफसर,95,35,Male,False,0.0222,False,False,नाम : वल्लू | पिता का नाम: अफसर | फोटो उपलब्थ है | मकान संख्या : 95 | आयु: 35 लिंग : पुरुष
2026-EROLLGEN-S24-86-SIR-FinalRoll-Revision1-HIN-17-WI.pdf,86,17,13,2,302,,302,302,ZSY0723189,बसीरन,HUSBAND,: हब्बो,96,4,Female,False,0.026,False,False,नाम  : बसीरन | पति का नाम: : हब्बो | फोटो उपलब्थ है | मकान संख्या : 96 | आयु : 4 लिंग : महिला
2026-EROLLGEN-S24-86-SIR-FinalRoll-Revision1-HIN-17-WI.pdf,86,17,13,3,303,,303,303,CTV2890119,तसलीम,FATHER,हफीज,96,73,Male,False,0.0214,False,False,नाम : तसलीम | पिता का नाम: हफीज | फोटो उपलब्थ है | मकान संख्या : 96 | आयु: 73 लिंग : पुरुष
2026-EROLLGEN-S24-86-SIR-FinalRoll-Revision1-HIN-17-WI.pdf,86,17,13,4,304,,304,304,ZSY1264159,शहजहां,HUSBAND,सईद,96,73,Female,False,0.0223,False,False,नाम : शहजहां | पति का  नाम: सईद | फोटो उपलब्ध है[ | मकान संख्या: 96 | आयु: 73 लिंग : महिला
2026-EROLLGEN-S24-86-SIR-FinalRoll-Revision1-HIN-17-WI.pdf,86,17,13,5,305,,305,305,ZSY1945153,हनीफ,FATHER,हफीज खां,९६,33,Male,False,0.0268,False,False,नाम : हनीफ | पिता का नाम: हफीज खां | फोटो उपलब्ध है | मकान संख्या: ९६ | आयु : 33 लिंग : पुरुष
2026-EROLLGEN-S24-86-SIR-FinalRoll-Revision1-HIN-17-WI.pdf,86,17,13,6,306,,306,306,ZSY1946086,अरसी,FATHER,हफीज खां,९६,31,Female,False,0.0235,False,False,नाम : अरसी | पिता का नाम: हफीज खां | फोटो उपलब्ध है[ | मकान संख्या : ९६ | आयु : 31 लिंग : महिला
2026-EROLLGEN-S24-86-SIR-FinalRoll-Revision1-HIN-17-WI.pdf,86,17,13,7,307,,307,307,CTV2653442,कमरजरा,HUSBAND,,97,79,Female,False,0.0169,False,True,नाम : कमरजरा | पति का नाम: | याकूब | फोटो उपलब्थ है | मकान संख्या : 97 | आयु 79 लिंग : महिला
2026-EROLLGEN-S24-86-SIR-FinalRoll-Revision1-HIN-17-WI.pdf,86,17,13,8,308,,308,308,CTV1607720,नाम विलकिस,HUSBAND,मज्जो,97,69,Female,False,0.0232,False,False,नाम विलकिस | पति का नाम: मज्जो | फोटो उपलब्ध है | मकान संख्या : 97 | आयु 69 लिंग : महिला
2026-EROLLGEN-S24-86-SIR-FinalRoll-Revision1-HIN-17-WI.pdf,86,17,13,9,309,,309,309,CTV3203452,साबरा,HUSBAND,शरीफ,97,६3,Female,False,0.0174,False,False,नाम : साबरा | पति का नाम: शरीफ | फोटो उपलब्ध है | मकान संख्या : 97 | आयु: ६3 लिंग : महिला
2026-EROLLGEN-S24-86-SIR-FinalRoll-Revision1-HIN-17-WI.pdf,86,17,13,10,310,,310,310,CTV2884575,शेर अली,FATHER,पिता का मज्जो,97,48,Male,False,0.0213,False,False,नाम : शेर अली | पिता का मज्जो | नाम: | फोटो उपलब्ध है | मकान संख्या : 97 | आयु : 48 लिंग : पुरुष
2026-EROLLGEN-S24-86-SIR-FinalRoll-Revision1-HIN-17-WI.pdf,86,17,13,11,311,,311,311,CTV2886174,समाना,FATHER,शेर अली,97,४5,Male,False,0.0231,False,False,नाम : समाना | पिता का नाम: शेर अली | फोटो उपलब्ध है | मकान संख्या : 97 | आयु : ४5 लिं : पुरुष
2026-EROLLGEN-S24-86-SIR-FinalRoll-Revision1-HIN-17-WI.pdf,86,17,13,12,312,,312,312,ZSY0976399,मुहम्मद,FATHER,पिता मज्जी,97,43,,False,0.0211,False,True,अली | नाम : मुहम्मद | पिता मज्जी | का नाम: | फोटो उपलब्ध है | मकान संख्या : 97 | आयु 43 लिंग |  : पुरुष
2026-EROLLGEN-S24-86-SIR-FinalRoll-Revision1-HIN-17-WI.pdf,86,17,13,13,313,,313,313,ZSY2335750,शकील,FATHER,शरीफ,९७,31,Male,False,0.0174,False,False,नाम: शकील | पिता का नाम: शरीफ | फोटो उपलब्ध है | मकान संख्या: ९७ | आयु :31 लिंग : पुरुष
2026-EROLLGEN-S24-86-SIR-FinalRoll-Revision1-HIN-17-WI.pdf,86,17,13,14,314,,314,314,CTV3256690,रफीदा,HUSBAND,अज्जो,98,68,Female,False,0.021,False,False,नाम : रफीदा | पति का नाम:  अज्जो | फोटो उपलब्ध है | मकान संख्या : 98 | आयु ं68 लिंग: महिला
2026-EROLLGEN-S24-86-SIR-FinalRoll-Revision1-HIN-17-WI.pdf,86,17,13,15,315,,315,315,CTV3203346,रहाना,FATHER,बबुआ,98,61,Male,False,0.0163,False,False,नाम : रहाना | पिता का नाम: बबुआ | फोटो उपलब्ध है | मकान संख्या : 98 | आयु : : 61 लिंग : पुरुष
2026-EROLLGEN-S24-86-SIR-FinalRoll-Revision1-HIN-17-WI.pdf,86,17,13,16,316,,316,316,UP/70/355/0030039,मुस्तफा,FATHER,आलेनवी,98,56,Male,False,0.0255,False,False,नाम : मुस्तफा | पिता का नाम: आलेनवी | फोटो उपलब्ध है | मकान संख्या : 98 | आयु : 56 लिंग : पुरुष
2026-EROLLGEN-S24-86-SIR-FinalRoll-Revision1-HIN-17-WI.pdf,86,17,13,17,317,,317,317,CTV1607787,नाम शकील,,,98,56,Male,False,0.0259,False,True,नाम शकील | अन्य: आलेनवी | फोटो उपलब्ध है | मकान संख्या: 98 | आयु : 56 लिंग : पुरुष
2026-EROLLGEN-S24-86-SIR-FinalRoll-Revision1-HIN-17-WI.pdf,86,17,13,18,318,,318,318,CTV3203320,बबुआ,FATHER,आलेनवी,98,55,Male,False,0.0233,False,False,नाम : बबुआ | पिता का नाम: आलेनवी | फोटो उपलब्ध है | मकान संख्या : 98 | आयु 55 लिंग  : पुरुष
2026-EROLLGEN-S24-86-SIR-FinalRoll-Revision1-HIN-17-WI.pdf,86,17,13,19,319,,319,319,ZSY0230540,अब्दुल,FATHER,पिता  गनी,98,48,Male,False,0.0225,False,False,सलीम | नाम : | पिता  गनी | का नाम: अब्दुल | फोटो उपलब्ध है | मकान संख्या : 98 | आयु 48 लिंग : पुरुष
2026-EROLLGEN-S24-86-SIR-FinalRoll-Revision1-HIN-17-WI.pdf,86,17,13,20,320,,320,320,CTV2886737,युनूस,FATHER,अज्जो,98,45,Male,False,0.0246,False,False,नाम : युनूस | पिता का नाम: अज्जो | फोटो उपलब्ध है | मकान संख्या: 98 | आयु : : 45 लिंग : पुरुष
2026-EROLLGEN-S24-86-SIR-FinalRoll-Revision1-HIN-17-WI.pdf,86,17,13,21,321,,321,321,ZSY0230557,शकील,FATHER,पिता न गनी,98,44,Male,False,0.0221,False,False,नाम : शकील | पिता न गनी | का नाम: अब्दुल | फोटो उपलब्ध है | मकान संख्या : 98 | आयु 44 लिंग : पुरुष
2026-EROLLGEN-S24-86-SIR-FinalRoll-Revision1-HIN-17-WI.pdf,86,17,13,22,322,,322,322,ZSY1945518,नाजमीन,HUSBAND,: सलीम,९८,44,Female,False,0.0231,False,False,नाम: नाजमीन | पति का नाम: : सलीम | फोटो उपलब्थ है | मकान संख्या: ९८ | आयु 44 लिंग : महिला
2026-EROLLGEN-S24-86-SIR-FinalRoll-Revision1-HIN-17-WI.pdf,86,17,13,23,323,,323,323,CTV2884773,ईशुव,FATHER,अज्जो,98,43,Male,False,0.0255,False,False,नाम : ईशुव | पिता का नाम: अज्जो | फोटो उपलब्थ है | मकान संख्या: 98 | आयु : 43 लिंग : पुरुष
2026-EROLLGEN-S24-86-SIR-FinalRoll-Revision1-HIN-17-WI.pdf,86,17,13,24,324,,324,324,ZSY2192631,परवेज,FATHER,मुस्तफा,98,37,Male,False,0.0222,False,False,नाम : परवेज | पिता का नाम: मुस्तफा | फोटो उपलब्थ है | मकान संख्या : 98 | आयु : 37 लिंग : पुरुष
2026-EROLLGEN-S24-86-SIR-FinalRoll-Revision1-HIN-17-WI.pdf,86,17,13,25,325,,325,325,ZSY0230565,नाम अकील,FATHER,न गनी,98,36,Male,False,0.0248,False,False,नाम अकील | पिता का नाम: न गनी | अब्दुल | फोटो उपलब्ध है[ | मकान संख्या : 98 | आयु : 36 लिंग : पुरुष
2026-EROLLGEN-S24-86-SIR-FinalRoll-Revision1-HIN-17-WI.pdf,86,17,13,26,326,,326,326,ZSY2335503,नाम  फरीदा बेगम,HUSBAND,पति का नामः परवेज,९८,32,Female,False,0.028,False,False,"नाम  फरीदा बेगम | पति का नामः परवेज | फोटो उपलब्ध है | मकान संख्या ९८ | आयु ं, 32 लिंग : महिला"
2026-EROLLGEN-S24-86-SIR-FinalRoll-Revision1-HIN-17-WI.pdf,86,17,13,27,327,,327,327,ZSY2393700,किस्वर,FATHER,पिता का नामः न गनी,९८,31,Female,False,0.0252,False,False,नाम : किस्वर | पिता का नामः न गनी | अब्दुल | फोटो उपलब्ध है | मकान संख्या : ९८ | आयु : 31 लिंग : महिला
2026-EROLLGEN-S24-86-SIR-FinalRoll-Revision1-HIN-17-WI.pdf,86,17,13,28,328,,328,328,ZSY2612893,काजल,HUSBAND,टनटन,98,28,Female,False,0.017,False,False,नाम : काजल | पति का नाम: टनटन | फोटो उपलब्थ है | मकान संख्या : 98 | आयु: 28 लिंग : महिला
2026-EROLLGEN-S24-86-SIR-FinalRoll-Revision1-HIN-17-WI.pdf,86,17,13,29,329,,329,329,ZSY3091675,फरमान,FATHER,बबुआ,98,28,Male,False,0.0219,False,False,नाम : फरमान | पिता का नाम: बबुआ | फोटो उपलब्थ है | मकान संख्या : 98 | आयु : : 28 लिंग : पुरुष
2026-EROLLGEN-S24-86-SIR-FinalRoll-Revision1-HIN-17-WI.pdf,86,17,13,30,330,,330,330,ZSY3091659,इरफ़ान,FATHER,बबुआ,98,27,Male,False,0.0174,False,False,नाम : इरफ़ान | पिता का नाम: बबुआ | फोटो उपलब्ध है | मकान संख्या : 98 | आयु : 27 लिंग : पुरुष
2026-EROLLGEN-S24-86-SIR-FinalRoll-Revision1-HIN-17-WI.pdf,86,17,14,1,331,,331,331,ZSY3427770,अहमद रजा,FATHER,वकील क्ुरेशी,98,26,Male,False,0.0243,False,False,नाम : अहमद रजा | पिता का नाम: वकील क्ुरेशी | फोटो उपलब्थ है | मकान संख्या : 98 | आयु: : 26 लिंग : पुरुष
2026-EROLLGEN-S24-86-SIR-FinalRoll-Revision1-HIN-17-WI.pdf,86,17,14,2,332,,332,332,ZSY1567098,बन्टू,FATHER,इलियास,0०,34,Male,False,0.0247,False,False,नाम : बन्टू | पिता का नाम: इलियास | फोटो उपलब्थ है | मकान संख्या: 0० | आयु : 34 लिंग : पुरुष
2026-EROLLGEN-S24-86-SIR-FinalRoll-Revision1-HIN-17-WI.pdf,86,17,14,3,333,,333,333,ZSY1566926,आरिफ,FATHER,इलियास,00,32,Male,False,0.0213,False,False,नाम : आरिफ | पिता का नाम: इलियास | फोटो उपलब्थ है | मकान संख्या : oo | आयु: : 32 लिंग : पुरुष
2026-EROLLGEN-S24-86-SIR-FinalRoll-Revision1-HIN-17-WI.pdf,86,17,14,4,334,,334,334,CTV3203296,नहींम,HUSBAND,युनीर,99,58,Female,False,0.0224,False,False,नाम : नहींम | पति का नाम: युनीर | फोटो उपलब्ध है[ | मकान संख्या : 99 | आयु : 58 लिंग : महिला
2026-EROLLGEN-S24-86-SIR-FinalRoll-Revision1-HIN-17-WI.pdf,86,17,14,5,E 335,E,335,335,CTV3203262,मुन्रा,FATHER,,,71,,True,0.0377,False,True,नाम : मुन्रा | पिता का नाम: | फोटो उपलब्ध है | मकान संख्या: | आयु : 71 रिंो
2026-EROLLGEN-S24-86-SIR-FinalRoll-Revision1-HIN-17-WI.pdf,86,17,14,6,336,,336,336,CTV3203270,जरीना,HUSBAND,,100,69,Female,False,0.022,False,True,नाम : जरीना | पति का नाम: | मुत्ञा | फोटो उपलब्ध है[ | मकान संख्या :100 | आयु: 69 लिंग : महिला
2026-EROLLGEN-S24-86-SIR-FinalRoll-Revision1-HIN-17-WI.pdf,86,17,14,7,337,,337,337,ZSY1944875,अज्जो,FATHER,लतीफ,100,34,Male,False,0.0178,False,False,नाम : अज्जो | पिता का नाम: लतीफ | फोटो उपलब्ध है | मकान संख्या : 100 | आयु 34 लिंग : पुरुष
2026-EROLLGEN-S24-86-SIR-FinalRoll-Revision1-HIN-17-WI.pdf,86,17,14,8,338,,338,338,ZSY3087863,सलमान,FATHER,अलीमुद्वीन,100,25,Male,False,0.0228,False,False,नाम : सलमान | पिता का नाम: अलीमुद्वीन | फोटो उपलब्ध है | मकान संख्या 100 | आयु : 25 लिंग : पुरुष
2026-EROLLGEN-S24-86-SIR-FinalRoll-Revision1-HIN-17-WI.pdf,86,17,14,9,339,,339,339,ZSY1599877,वकील खां,FATHER,मुन्ना खां,100/331,41,Male,False,0.0192,False,False,नाम : वकील खां | पिता का नाम: मुन्ना खां | फोटो उपलब्ध है | मकान संख्या : 100/331 | आयु: : 41 लिंग : पुरुष
2026-EROLLGEN-S24-86-SIR-FinalRoll-Revision1-HIN-17-WI.pdf,86,17,14,10,340,,340,340,ZSY1599851,नाम,HUSBAND,पति का वकील खां,100/331,,,False,0.0239,False,True,जरों बेगम | नाम | पति का वकील खां | नाम: | फोटो उपलब्ध है | मकान संख्या : 100/331 | 40 लिंग : महिला | आयु
2026-EROLLGEN-S24-86-SIR-FinalRoll-Revision1-HIN-17-WI.pdf,86,17,14,11,341,,341,341,ZSY1599869,हुसेन खां,FATHER,पिता,100/331,34,Male,False,0.0263,False,False,नाम : हुसेन खां | पिता | का नाम: मुन्ना खां | फोटो उपलब्ध है | मकान संख्या: 100/331 | आयु : 34 4 लिंग : पुरुष
2026-EROLLGEN-S24-86-SIR-FinalRoll-Revision1-HIN-17-WI.pdf,86,17,14,12,s 342,S,342,342,ZSY3844784,आफरीन,FATHER,पिता,मकान,,,True,0.0329,False,True,नाम : आफरीन | पिता | का नामः मुत्ा | फोटो उपलब्ध है | मकान | : 21 | आयु
2026-EROLLGEN-S24-86-SIR-FinalRoll-Revision1-HIN-17-WI.pdf,86,17,14,13,343,,343,343,ZSY0934836,आसीन,FATHER,सिराजू,101,70,Male,False,0.0171,False,False,नाम : आसीन | पिता का नाम: सिराजू | फोटो उपलब्ध है | मकान संख्या : 101 | आयु 70 लिंग : पुरुष
2026-EROLLGEN-S24-86-SIR-FinalRoll-Revision1-HIN-17-WI.pdf,86,17,14,14,344,,344,344,CTV2658755,भूरी,HUSBAND,अमीन,101,57,Female,False,0.0201,False,False,नाम : भूरी | पति का नाम: अमीन | फोटो उपलब्ध है | मकान संख्या : 101 | आयु : 57 लिंग : महिला
2026-EROLLGEN-S24-86-SIR-FinalRoll-Revision1-HIN-17-WI.pdf,86,17,14,15,345,,345,345,ZSY1568211,साईना,HUSBAND,,०,36,Female,False,0.0164,False,True,नाम : साईना | पति का नाम: | ं: भूरा | फोटो उपलब्ध है | मकान संख्या : ० | आयु : : 36 लिंग : महिला
2026-EROLLGEN-S24-86-SIR-FinalRoll-Revision1-HIN-17-WI.pdf,86,17,14,16,346,,346,346,ZSY1687649,आस मोहम्मद,FATHER,आशीन,101,35,Male,False,0.0239,False,False,नाम : आस मोहम्मद | पिता का नाम: आशीन | फोटो उपलब्ध है | मकान संख्या : 101 | आयु 35 लिंग : पुरुष
2026-EROLLGEN-S24-86-SIR-FinalRoll-Revision1-HIN-17-WI.pdf,86,17,14,17,347,,347,347,ZSY1567197,खलील,FATHER,आसीन,00,34,Male,False,0.0255,False,False,नाम : खलील | पिता का नाम: आसीन | फोटो उपलब्ध है | मकान संख्या: 00 | आयु : 34 लिंग : पुरुष
2026-EROLLGEN-S24-86-SIR-FinalRoll-Revision1-HIN-17-WI.pdf,86,17,14,18,348,,348,348,ZSY1687623,नाम सबाना,FATHER,आस मोहम्मद,101,34,Female,False,0.0232,False,False,नाम सबाना | पिता का नाम: आस मोहम्मद | फोटो उपलब्ध है[ | मकान संख्या : 101 | आयु 34 लिंग महिला
2026-EROLLGEN-S24-86-SIR-FinalRoll-Revision1-HIN-17-WI.pdf,86,17,14,19,349,,349,349,ZSY1567304,राहुल,FATHER,आसीन,००,33,Male,False,0.0213,False,False,नाम : राहुल | पिता नाम: आसीन | का | फोटो उपलब्ध है | मकान संख्या : ०० | आयु : 33 लिंग : पुरुष
2026-EROLLGEN-S24-86-SIR-FinalRoll-Revision1-HIN-17-WI.pdf,86,17,14,20,350,,350,350,ZSY2612901,बाईल,FATHER,आसीन,101,29,Male,False,0.025,False,False,नाम : बाईल | पिता का नाम: आसीन | फोटो उपलब्ध है | मकान संख्या : 101 | आयु : 29 लिंग : पुरुष
2026-EROLLGEN-S24-86-SIR-FinalRoll-Revision1-HIN-17-WI.pdf,86,17,14,21,351,,351,351,ZSY0976720,भूरा दु कुरेशी,FATHER,आसीन कुरेशी,101/456,39,Male,False,0.0244,False,False,नाम : भूरा दु कुरेशी | पिता नाम: आसीन कुरेशी | का | फोटो उपलब्ध है | मकान संख्या : 101/456 | आयु : 39 लिंग : पुरुष
2026-EROLLGEN-S24-86-SIR-FinalRoll-Revision1-HIN-17-WI.pdf,86,17,14,22,352,,352,352,ZSY2335602,अबरार,FATHER,वली मुहम्मद,१०२,35,Male,False,0.0235,False,False,नाम : अबरार | पिता का नाम: वली मुहम्मद | फोटो उपलब्थ है | मकान संख्या: १०२ | आयु : 35 लिंग : पुरुष
2026-EROLLGEN-S24-86-SIR-FinalRoll-Revision1-HIN-17-WI.pdf,86,17,14,23,353,,353,353,ZSY2335594,इशरत,HUSBAND,अबरार,१०२,3४,Female,False,0.0257,False,False,नाम : इशरत | पति का नाम: अबरार | फोटो उपलब्थ है | मकान संख्या: १०२ | आयु : 3४ लिंग : महिला
2026-EROLLGEN-S24-86-SIR-FinalRoll-Revision1-HIN-17-WI.pdf,86,17,14,24,354,,354,354,UP/70/355/0030043,फारुक,FATHER,मलुआ,104,61,Male,False,0.0235,False,False,नाम : फारुक | पिता का नाम:  मलुआ | फोटो उपलब्थ है | मकान संख्या : 104 | आयु: 61 लिंग : पुरुष
2026-EROLLGEN-S24-86-SIR-FinalRoll-Revision1-HIN-17-WI.pdf,86,17,14,25,355,,355,355,ZSY1600139,आजाद,FATHER,फारूक,104,35,Male,False,0.0239,False,False,नाम : आजाद | पिता का नाम: फारूक | फोटो उपलब्ध है[ | मकान संख्या : 104 | आयु : 35 लिंग : पुरुष
2026-EROLLGEN-S24-86-SIR-FinalRoll-Revision1-HIN-17-WI.pdf,86,17,14,26,356,,356,356,ZSY1128420,अखतरी,HUSBAND,सिरानो,107,64,Female,False,0.0284,False,False,नाम : अखतरी | पति का नाम: सिरानो | फोटो उपलब्ध है | मकान संख्या: : 107 | आयु 64 लिंग : महिला
2026-EROLLGEN-S24-86-SIR-FinalRoll-Revision1-HIN-17-WI.pdf,86,17,14,27,357,,357,357,UP/70/355/0030047,नाम,FATHER,अली हुसैन,109,74,Male,False,0.0267,False,False,नाम | नजर हुसेन | पिता का नाम: अली हुसैन | फोटो उपलब्ध है[ | मकान संख्या : 109 | आयु 74 लिंग : पुरुष
2026-EROLLGEN-S24-86-SIR-FinalRoll-Revision1-HIN-17-WI.pdf,86,17,14,28,358,,358,358,CTV2658466,आयशा,FATHER,नजर हुसेन,109,67,Male,False,0.0181,False,False,नाम: आयशा | पिता का  नाम: नजर हुसेन | फोटो उपलब्थ है | मकान संख्या : 109 | आयु ं67 लिंग : पुरुष
2026-EROLLGEN-S24-86-SIR-FinalRoll-Revision1-HIN-17-WI.pdf,86,17,14,29,359,,359,359,CTV3319035,समीना,HUSBAND,स्लाम,109,59,Female,False,0.021,False,False,नाम : समीना | पति का नाम: स्लाम | फोटो उपलब्थ है | मकान संख्या : 109 | आयु : 59 लिंग : महिला
2026-EROLLGEN-S24-86-SIR-FinalRoll-Revision1-HIN-17-WI.pdf,86,17,14,30,360,,360,360,CTV2658516,मुन्री,HUSBAND,बबुआ,109,53,Female,False,0.0173,False,False,नाम : मुन्री | पति का नाम: बबुआ | फोटो उपलब्ध है | मकान संख्या : 109 | आयु : 53 लिंग : महिला
2026-EROLLGEN-S24-86-SIR-FinalRoll-Revision1-HIN-17-WI.pdf,86,17,15,1,361,,361,361,CTV2658441,मुन्ञा,FATHER,अली हुसेन,109,53,Male,False,0.0222,False,False,नाम: मुन्ञा | पिता का  नाम: अली हुसेन | फोटो उपलब्थ है | मकान संख्या : 109 | आयु: 53 लिंग : पुरुष
2026-EROLLGEN-S24-86-SIR-FinalRoll-Revision1-HIN-17-WI.pdf,86,17,15,2,362,,362,362,CTV2658417,सफ्ीदा,HUSBAND,: अतर,109,51,Female,False,0.0258,False,False,नाम : सफ्ीदा | पति का नाम: : अतर | फोटो उपलब्थ है | मकान संख्या: 109 | आयु : 51 लिंग : महिला
2026-EROLLGEN-S24-86-SIR-FinalRoll-Revision1-HIN-17-WI.pdf,86,17,15,3,363,,363,363,CTV2658367,सफ्ीदा,FATHER,मुत्ञा,109,51,Male,False,0.0215,False,False,नाम : सफ्ीदा | पिता का नाम: मुत्ञा | फोटो उपलब्थ है | मकान संख्या : 109 | आयु: 51 लिंग : पुरुष
2026-EROLLGEN-S24-86-SIR-FinalRoll-Revision1-HIN-17-WI.pdf,86,17,15,4,364,,364,364,ZSY0230433,बबुआ,FATHER,,109,49,Male,False,0.0224,False,True,नाम : बबुआ | पिता का नाम: | मुल्ला | फोटो उपलब्ध है[ | मकान संख्या : 109 | आयु 49 लिंग : पुरुष
2026-EROLLGEN-S24-86-SIR-FinalRoll-Revision1-HIN-17-WI.pdf,86,17,15,5,# 365,,365,365,CTV3319050,हीरा,HUSBAND,,109,48,Female,False,0.0263,False,True,नाम : हीरा | पति का नाम: | : बबुआ | फोटो उपलब्ध है | मकान संख्या: 109 | आयु 48 लिंग : महिला
2026-EROLLGEN-S24-86-SIR-FinalRoll-Revision1-HIN-17-WI.pdf,86,17,15,6,366,,366,366,CTV3319019,प्पू,FATHER,पिता का नामः अली हुसैन,109,48,Male,False,0.0234,False,False,अली | नाम : प्पू | पिता का नामः अली हुसैन | फोटो उपलब्ध है[ | मकान संख्या : 109 | आयु 48 लिंग : पुरुष
2026-EROLLGEN-S24-86-SIR-FinalRoll-Revision1-HIN-17-WI.pdf,86,17,15,7,367,,367,367,ZSY1945179,नाम साबिर,FATHER,इस्लाम भोला,१०९,44,Male,False,0.0186,False,False,नाम साबिर | पिता का नाम: इस्लाम भोला | फोटो उपलब्थध है | मकान संख्या १०९ | आयु 44 लिंग : पुरुष
2026-EROLLGEN-S24-86-SIR-FinalRoll-Revision1-HIN-17-WI.pdf,86,17,15,8,368,,368,368,CTV3319100,साहीद,FATHER,मुत्रा,109,43,Male,False,0.0213,False,False,नाम : साहीद | पिता का नाम: मुत्रा | फोटो उपलब्ध है | मकान संख्या : 109 | आयु : 43 लिंग : पुरुष
2026-EROLLGEN-S24-86-SIR-FinalRoll-Revision1-HIN-17-WI.pdf,86,17,15,9,369,,369,369,ZSY1946227,नगमा,HUSBAND,चौद कुरेशी,१०९,40,Female,False,0.0169,False,False,नाम : नगमा | पति का नाम: चौद कुरेशी | फोटो उपलब्ध है | मकान संख्या : १०९ | आयु: 40 )लिंग : महिला
2026-EROLLGEN-S24-86-SIR-FinalRoll-Revision1-HIN-17-WI.pdf,86,17,15,10,370,,370,370,CTV3134210,साहिद,FATHER,पिता का,109,,,False,0.0215,False,True,नाम : साहिद | पिता का | नाम: इस्लाम | फोटो उपलब्ध है | मकान संख्या : 109 | 40 लिंग : पुरुष | आयु
2026-EROLLGEN-S24-86-SIR-FinalRoll-Revision1-HIN-17-WI.pdf,86,17,15,11,371,,371,371,CTV4331030,रहीश,FATHER,नबाब,109,40,Male,False,0.0243,False,False,"नाम : रहीश | पिता का नाम: नबाब | फोटो उपलब्ध है | मकान संख्या: 109 | आयु ं, 40 लिंग : पुरुष"
2026-EROLLGEN-S24-86-SIR-FinalRoll-Revision1-HIN-17-WI.pdf,86,17,15,12,372,,372,372,ZSY1946284,लईक कुरेशी,FATHER,पिता,१०९,,Male,False,0.0228,False,True,नाम : लईक कुरेशी | पिता | का नामः नजर हुसैन | फोटो उपलब्ध है | मकान संख्या :१०९ | : 39 लिंग | आयु  : पुरुष
2026-EROLLGEN-S24-86-SIR-FinalRoll-Revision1-HIN-17-WI.pdf,86,17,15,13,373,,373,373,CTV3134251,सह्जाद,FATHER,इस्लाम,109,38,Male,False,0.0177,False,False,नाम : सह्जाद | पिता का नाम: इस्लाम | फोटो उपलब्ध है | मकान संख्या : 109 | आयु : 38 लिंग : पुरुष
2026-EROLLGEN-S24-86-SIR-FinalRoll-Revision1-HIN-17-WI.pdf,86,17,15,14,374,,374,374,ZSY0976506,अकबर,FATHER,इस्लाम भोला,109,37,Male,False,0.0223,False,False,नाम : अकबर | पिता का नाम: इस्लाम भोला | फोटो उपलब्ध है | मकान संख्या : 109 | आयु : 37 लिंग : पुरुष
2026-EROLLGEN-S24-86-SIR-FinalRoll-Revision1-HIN-17-WI.pdf,86,17,15,15,375,,375,375,ZSY1946052,बन्टू,FATHER,अत्तर,१०९,37,Male,False,0.0162,False,False,नाम : बन्टू | पिता का नाम: अत्तर | फोटो उपलब्ध है | मकान संख्या : १०९ | आयु: : 37 लिंग : पुरुष
2026-EROLLGEN-S24-86-SIR-FinalRoll-Revision1-HIN-17-WI.pdf,86,17,15,16,376,,376,376,ZSY1946276,सलमा,HUSBAND,लईक कुरेशी,१०९,37,Female,False,0.0236,False,False,नाम : सलमा | पति का नाम: लईक कुरेशी | फोटो उपलब्ध है | मकान संख्या: १०९ | आयु 37 लिंग :  महिला
2026-EROLLGEN-S24-86-SIR-FinalRoll-Revision1-HIN-17-WI.pdf,86,17,15,17,377,,377,377,ZSY0976514,जाहिद,FATHER,बबुआ,109,36,Male,False,0.0262,False,False,नाम : जाहिद | पिता का नाम: बबुआ | फोटो उपलब्ध है | मकान संख्या : 109 | आयु : 36 लिंग : पुरुष
2026-EROLLGEN-S24-86-SIR-FinalRoll-Revision1-HIN-17-WI.pdf,86,17,15,18,378,,378,378,ZSY1945195,फुरकान,FATHER,अत्तर,१०९,36,Male,False,0.0228,False,False,नाम : फुरकान | पिता का नाम: अत्तर | फोटो उपलब्ध है | मकान संख्या :१०९ | आयु 36 लिंग : पुरुष
2026-EROLLGEN-S24-86-SIR-FinalRoll-Revision1-HIN-17-WI.pdf,86,17,15,19,379,,379,379,ZSY1946243,नईम कुरेशी,FATHER,पिता,१०९,36,Male,False,0.0227,False,False,नाम : नईम कुरेशी | पिता | का नाम: नजर हुसैन | फोटो उपलब्ध है | मकान संख्या :१०९ | आयु : 36 लिंग  : पुरुष
2026-EROLLGEN-S24-86-SIR-FinalRoll-Revision1-HIN-17-WI.pdf,86,17,15,20,380,,380,380,ZSY0976589,शकील,FATHER,स्लाम,109,35,Male,False,0.0253,False,False,नाम : शकील | पिता का नाम: स्लाम | फोटो उपलब्ध है | मकान संख्या : 109 | आयु : 35 लिंग : पुरुष
2026-EROLLGEN-S24-86-SIR-FinalRoll-Revision1-HIN-17-WI.pdf,86,17,15,21,381,,381,381,ZSY1945229,सानू,FATHER,पिता,१०९,33,Male,False,0.0208,False,False,नाम : सानू | पिता | का नाम: : मुन्ना | फोटो उपलब्ध है | मकान संख्या : १०९ | आयु : 33 लिंग : पुरुष
2026-EROLLGEN-S24-86-SIR-FinalRoll-Revision1-HIN-17-WI.pdf,86,17,15,22,382,,382,382,ZSY3104536,आबिद कुरेशी,FATHER,बबुआ,109,30,Male,False,0.025,False,False,नाम: आबिद कुरेशी | पिता का नाम: बबुआ | फोटो उपलब्थ है | मकान संख्या : 109 | आयु 30 लिंग : पुरुष
2026-EROLLGEN-S24-86-SIR-FinalRoll-Revision1-HIN-17-WI.pdf,86,17,15,23,383,,383,383,ZSY3104551,रीना बानो,FATHER,बबुआ,109,29,Female,False,0.0277,False,False,नाम : रीना बानो | पिता का नाम: बबुआ | फोटो उपलब्थ है | मकान संख्या : 109 | आयु 29 लिंग : महिला
2026-EROLLGEN-S24-86-SIR-FinalRoll-Revision1-HIN-17-WI.pdf,86,17,15,24,384,,384,384,ZSY3427762,मौसिम करेशी,FATHER,प्पू क्ुरेशी,109,25,Male,False,0.0248,False,False,नाम : मौसिम करेशी | पिता का नाम: प्पू क्ुरेशी | फोटो उपलब्थ है | मकान संख्या : 109 | आयु : 25 लिंग : पुरुष
2026-EROLLGEN-S24-86-SIR-FinalRoll-Revision1-HIN-17-WI.pdf,86,17,15,25,385,,385,385,ZSY0976498,९,FATHER,इस्लाम,109/487,37,Male,False,0.0238,False,False,नाम : ९ | भूरा | पिता का नाम: इस्लाम | फोटो उपलब्ध है[ | मकान संख्या : 109/487 | आयु : 37 लिंग : पुरुष
2026-EROLLGEN-S24-86-SIR-FinalRoll-Revision1-HIN-17-WI.pdf,86,17,15,26,386,,386,386,ZSY0976522,नाम जाविद,FATHER,,109/496,34,Male,False,0.028,False,True,नाम जाविद | पिता का नाम: | बबुआ | फोटो उपलब्ध है | मकान संख्या: 109/496 | आयु : 34 लिंग : पुरुष
2026-EROLLGEN-S24-86-SIR-FinalRoll-Revision1-HIN-17-WI.pdf,86,17,15,27,387,,387,387,ZSY0742577,इशरार,FATHER,इवरार,111,35,Male,False,0.0229,False,False,नाम : इशरार | पिता का नाम: इवरार | फोटो उपलब्ध है | मकान संख्या : 111 | आयु : 35 लिंग : पुरुष
2026-EROLLGEN-S24-86-SIR-FinalRoll-Revision1-HIN-17-WI.pdf,86,17,15,28,388,,388,388,CTV2687135,गाविन्दी,HUSBAND,निरोत्तम सिंह,11४,71,Female,False,0.0189,False,False,नाम : गाविन्दी | पति का नाम: निरोत्तम सिंह | फोटो उपलब्थ है | मकान संख्या : 11४ | आयु: 71 लिंग : महिला
2026-EROLLGEN-S24-86-SIR-FinalRoll-Revision1-HIN-17-WI.pdf,86,17,15,29,389,,389,389,CTV2045227,कुसमा,HUSBAND,नवल सिंह,11४,६3,Female,False,0.0224,False,False,नाम : कुसमा | पति का नाम: नवल सिंह | फोटो उपलब्थ है | मकान संख्या : 11४ | आयु : : ६3 लिंग : महिला
2026-EROLLGEN-S24-86-SIR-FinalRoll-Revision1-HIN-17-WI.pdf,86,17,15,30,390,,390,390,CTV2045235,अंसो,HUSBAND,राजेन्द्र सिंह,114,58,Female,False,0.0179,False,False,नाम : अंसो | पति का नाम:राजेन्द्र सिंह | फोटो उपलब्ध है | मकान संख्या : 114 | आयु : 58 लिंग : महिला
2026-EROLLGEN-S24-86-SIR-FinalRoll-Revision1-HIN-17-WI.pdf,86,17,16,1,391,,391,391,CTV3134442,नाम लाखन सिंह,FATHER,निरोतम,114,50,Male,False,0.0235,False,False,नाम लाखन सिंह | पिता का नाम: निरोतम | फोटो उपलब्थ है | मकान संख्या : 114 | आयु 50 लिंग : पुरुष
2026-EROLLGEN-S24-86-SIR-FinalRoll-Revision1-HIN-17-WI.pdf,86,17,16,2,392,,392,392,CTV3134160,नाम आशा देवी,HUSBAND,पति का नाम लाखन सिंह,114,46,Female,False,0.0276,False,False,नाम आशा देवी | पति का नाम लाखन सिंह | फोटो उपलब्थ है | मकान संख्या : 114 | आयु 46 लिंग : महिला
2026-EROLLGEN-S24-86-SIR-FinalRoll-Revision1-HIN-17-WI.pdf,86,17,16,3,393,,393,393,CTV4608444,बाँबी सिंह,FATHER,निरोक्तम सिंह,114,४२,Male,False,0.0234,False,False,नाम : बाँबी सिंह | पिता का नाम: निरोक्तम सिंह | फोटो उपलब्थ है | मकान संख्या : 114 | आयु: ४२ लिंग : पुरुष
2026-EROLLGEN-S24-86-SIR-FinalRoll-Revision1-HIN-17-WI.pdf,86,17,16,4,394,,394,394,ZSY0245886,नाम,FATHER,दयाराम,1१4,36,Male,False,0.0236,False,False,सुनील जरैेल | नाम | पिता का नाम: दयाराम | फोटो उपलब्ध है[ | मकान संख्या: 1१4 | आयु : 36 लिंग : पुरुष
2026-EROLLGEN-S24-86-SIR-FinalRoll-Revision1-HIN-17-WI.pdf,86,17,16,5,395,,395,395,ZSY2335578,आरती देवी,HUSBAND,सुनील जूरैल,११४,33,Female,False,0.0286,False,False,नाम : आरती देवी | पति का नाम: सुनील जूरैल | फोटो उपलब्ध है | मकान संख्या • ११४ | आयु 33 लिंग : महिला
2026-EROLLGEN-S24-86-SIR-FinalRoll-Revision1-HIN-17-WI.pdf,86,17,16,6,396,,396,396,ZSY1944651,नाम सतीश,FATHER,नवल सिंह,3१४,32,Male,False,0.023,False,False,नाम सतीश | पिता का नाम: नवल सिंह | फोटो उपलब्ध है[ | मकान संख्या : 3१४ | आयु : 32 लिंग : पुरुष
2026-EROLLGEN-S24-86-SIR-FinalRoll-Revision1-HIN-17-WI.pdf,86,17,16,7,397,,397,397,ZSY2335560,पूजा,HUSBAND,प्रशान्त जूरेल,११४,31,Female,False,0.0189,False,False,देवी | नाम: पूजा | पति का नाम: प्रशान्त जूरेल | फोटो उपलब्थ है | मकान संख्या :११४ | आयु 31 लिंग : महिला
2026-EROLLGEN-S24-86-SIR-FinalRoll-Revision1-HIN-17-WI.pdf,86,17,16,8,398,,398,398,ZSY2393775,प्रशान्त जूरेल,FATHER,दयाराम सिंह इ जूरेल,११४,31,Male,False,0.0246,False,False,नाम :प्रशान्त जूरेल | पिता का नाम: दयाराम सिंह इ जूरेल | फोटो उपलब्ध है | मकान संख्या :११४ | आयु :31 लिंग : पुरुष
2026-EROLLGEN-S24-86-SIR-FinalRoll-Revision1-HIN-17-WI.pdf,86,17,16,9,399,,399,399,ZSY3087855,नाम सिकरवार,FATHER,राजेद्र सिकरवार,114,26,Male,False,0.0199,False,False,नाम सिकरवार | सुरज | पिता का नाम: राजेद्र सिकरवार | फोटो उपलब्ध है | मकान संख्या : 114 | आयु  26 लिंग पुरुष
2026-EROLLGEN-S24-86-SIR-FinalRoll-Revision1-HIN-17-WI.pdf,86,17,16,10,400,,400,400,ZSY3087848,3 अंशुल,FATHER,नवल सिंह,114,,,False,0.0223,False,True,नाम : 3 अंशुल | पिता : नवल सिंह | का नाम: | फोटो उपलब्ध है | मकान संख्या : 114 | : 26 लिंग : पुरुष | आयु
2026-EROLLGEN-S24-86-SIR-FinalRoll-Revision1-HIN-17-WI.pdf,86,17,16,11,401,,401,401,ZSY3104841,नाम जूरेल,FATHER,पिता,114,26,Male,False,0.0265,False,False,अंकित | नाम जूरेल | पिता | का नाम: दयाराम जूरैल | फोटो उपलब्ध है | मकान संख्या : 114 | आयु : 26 लिंग : पुरुष
2026-EROLLGEN-S24-86-SIR-FinalRoll-Revision1-HIN-17-WI.pdf,86,17,16,12,402,,402,402,CTV4330758,का नामः,FATHER,पिता लाल सिंह,116,,,False,0.021,False,True,अनिल | नाम : | पिता लाल सिंह | का नामः | फोटो उपलब्ध है | मकान संख्या :116 | : 38 लिंग  : पुरुष | आयु
2026-EROLLGEN-S24-86-SIR-FinalRoll-Revision1-HIN-17-WI.pdf,86,17,16,13,403,,403,403,ZSY0742650,अशोक,FATHER,रमेश चन्द्र,116,33,Male,False,0.0191,False,False,नाम : अशोक | कुमार | पिता का नाम: रमेश चन्द्र | फोटो उपलब्ध है | मकान संख्या : 116 | आयु ं 33 लिंग : पुरुष
2026-EROLLGEN-S24-86-SIR-FinalRoll-Revision1-HIN-17-WI.pdf,86,17,16,14,404,,404,404,ZSY2865624,नाम मनोज सिकरवार,FATHER,लाल सिंह,११६,26,Male,False,0.0231,False,False,नाम मनोज सिकरवार | पिता का नाम: लाल सिंह | फोटो उपलब्ध है | मकान संख्या :११६ | आयु : 26 लिंग : पुरुष
2026-EROLLGEN-S24-86-SIR-FinalRoll-Revision1-HIN-17-WI.pdf,86,17,16,15,405,,405,405,CTV2885960,माया,HUSBAND,लाल सिंह,116,49,Female,False,0.0172,False,False,नाम : माया | पति का नाम:  लाल सिंह | फोटो उपलब्ध है | मकान संख्या : 116अ | आयु : 49 लिंग : महिला
2026-EROLLGEN-S24-86-SIR-FinalRoll-Revision1-HIN-17-WI.pdf,86,17,16,16,406,,406,406,CTV2687424,रामेन्द्र  कुमारी,HUSBAND,रमेश चन्द,116,58,Female,False,0.0256,False,False,नाम : रामेन्द्र  कुमारी | पति का नाम: रमेश चन्द | फोटो उपलब्ध है | मकान संख्या : 116ब | आयु 58 लिंग:  महिला
2026-EROLLGEN-S24-86-SIR-FinalRoll-Revision1-HIN-17-WI.pdf,86,17,16,17,407,,407,407,CTV3203460,बबलू,,,117,४६,Male,False,0.025,False,True,नाम : बबलू | अन्य: हब्बो | फोटो उपलब्ध है | मकान संख्या: 117 | आयु : ४६ लिंग : पुरुष
2026-EROLLGEN-S24-86-SIR-FinalRoll-Revision1-HIN-17-WI.pdf,86,17,16,18,408,,408,408,UP/70/355/0030056,वेदरिया,FATHER,चुत्रा,118,71,Male,False,0.0246,False,False,नाम: वेदरिया | पिता का नाम: चुत्रा | फोटो उपलब्थ है | मकान संख्या : 118 | आयु : 71 लिंग : पुरुष
2026-EROLLGEN-S24-86-SIR-FinalRoll-Revision1-HIN-17-WI.pdf,86,17,16,19,409,,409,409,CTV3203361,मिम्मी,HUSBAND,बेदरिया,118,69,Female,False,0.0211,False,False,नाम : मिम्मी | पति का नाम: बेदरिया | फोटो उपलब्ध है | मकान संख्या : 118 | आयु: : 69 लिंग : महिला
2026-EROLLGEN-S24-86-SIR-FinalRoll-Revision1-HIN-17-WI.pdf,86,17,16,20,410,,410,410,UP/70/355/0030057,राजू,FATHER,बेदरिया,118,49,Male,False,0.0269,False,False,"नाम : राजू | पिता नाम: बेदरिया | का | फोटो उपलब्ध है | मकान संख्या : 118 | आयु ं,49 लिंग : पुरुष"
2026-EROLLGEN-S24-86-SIR-FinalRoll-Revision1-HIN-17-WI.pdf,86,17,16,21,411,,411,411,ZSY0976654,गुडिया,HUSBAND,,118,45,Female,False,0.0213,False,True, बानो | नाम : गुडिया | पति का नाम: | वसरू | फोटो उपलब्ध है | मकान संख्या :118 | आयु: 45 लिंग : महिला
2026-EROLLGEN-S24-86-SIR-FinalRoll-Revision1-HIN-17-WI.pdf,86,17,16,22,4१2,,412,4१2,ZSY2335701,नजमा,HUSBAND,राजू,११८,४3,Female,False,0.0225,False,False,नाम : नजमा | पति का  नाम: राजू | फोटो उपलब्थ है | मकान संख्या: ११८ | आयु : ४3 लिंग : महिला
2026-EROLLGEN-S24-86-SIR-FinalRoll-Revision1-HIN-17-WI.pdf,86,17,16,23,413,,413,413,ZSY1264407,सिराजू,FATHER,वेदरिया,118,40,Male,False,0.0258,False,False,नाम : सिराजू | पिता का  नाम: वेदरिया | फोटो उपलब्थ है | मकान संख्या : 118 | आयु : 40 ० लिंग : पुरुष
2026-EROLLGEN-S24-86-SIR-FinalRoll-Revision1-HIN-17-WI.pdf,86,17,16,24,4१४,,414,4१४,ZSY2335461,नाजमा,HUSBAND,सिराजू,११८,37,Female,False,0.0217,False,False,नाम : नाजमा | पति का नाम: सिराजू | फोटो उपलब्थ है | मकान संख्या : ११८ | आयु : 37 लिंग : महिला
2026-EROLLGEN-S24-86-SIR-FinalRoll-Revision1-HIN-17-WI.pdf,86,17,16,25,4१5,,415,4१5,ZSY2335479,शन्नो,HUSBAND,सानू,११८,34,Female,False,0.0224,False,False,नाम : शन्नो | पति का नाम: सानू | फोटो उपलब्ध है[ | मकान संख्या: ११८ | आयु : 34 लिंग : महिला
2026-EROLLGEN-S24-86-SIR-FinalRoll-Revision1-HIN-17-WI.pdf,86,17,16,26,416,,416,416,ZSY2612943,नाम कुरेशी,FATHER,बेदर हुसैन,118,28,Male,False,0.0299,False,False,नाम कुरेशी | : शाहरूख | पिता का नाम: बेदर हुसैन | फोटो उपलब्ध है | मकान संख्या : 118 | आयु : 28 लिंग : पुरुष
2026-EROLLGEN-S24-86-SIR-FinalRoll-Revision1-HIN-17-WI.pdf,86,17,16,27,417,,417,417,ZSY0976647,वसरू,FATHER,कल्ला खाँ,118/520,48,Male,False,0.0248,False,False,नाम : वसरू | पिता का नाम: कल्ला खाँ | फोटो उपलब्ध है | मकान संख्या :118/520 | आयु : 48 लिंग : पुरुष
2026-EROLLGEN-S24-86-SIR-FinalRoll-Revision1-HIN-17-WI.pdf,86,17,16,28,418,,418,418,ZSY0976613,मेहराज कुरैशी,FATHER,कल्ला कुरेशी,118-520,46,Male,False,0.0222,False,False,नाम : मेहराज कुरैशी | पिता का नाम: कल्ला कुरेशी | फोटो उपलब्थ है | मकान संख्या : 118-520 | आयु 46 लिंग : पुरुष
2026-EROLLGEN-S24-86-SIR-FinalRoll-Revision1-HIN-17-WI.pdf,86,17,16,29,419,,419,419,ZSY0976639,नजरु,FATHER,कल्ला खों,118/520,45,Male,False,0.0227,False,False,नाम: नजरु | पिता का नाम: कल्ला खों | फोटो उपलब्थ है | मकान संख्या : 118/520 | आयु : : 45 लिंग : पुरुष
2026-EROLLGEN-S24-86-SIR-FinalRoll-Revision1-HIN-17-WI.pdf,86,17,16,30,420,,420,420,ZSY0976621,रुबीना,HUSBAND,मेहराज़ कुरेशी,118/520,38,Female,False,0.0204,False,False,नाम : रुबीना | पति का नाम: मेहराज़ कुरेशी | फोटो उपलब्ध है | मकान संख्या : 118/520 | आयु: 38 लिंग : महिला
2026-EROLLGEN-S24-86-SIR-FinalRoll-Revision1-HIN-17-WI.pdf,86,17,17,1,421,,421,421,ZSY3962586,नाजिम,FATHER,मेहराज कुरेशी,118-520,२२,Male,False,0.0254,False,False,नाम: नाजिम | पिता का नाम: मेहराज कुरेशी | फोटो उपलब्थ है | मकान संख्या :118-520 | आयु: २२ लिंग : पुरुष
2026-EROLLGEN-S24-86-SIR-FinalRoll-Revision1-HIN-17-WI.pdf,86,17,17,2,422,,422,422,UP/70/355/0030058,मुल्लो,FATHER,छुरया,120,६४,Male,False,0.0267,False,False,नाम : मुल्लो | पिता का नाम: छुरया | फोटो उपलब्थ है | मकान संख्या : 120 | आयु : ६४ 4 लिंग : पुरुष
2026-EROLLGEN-S24-86-SIR-FinalRoll-Revision1-HIN-17-WI.pdf,86,17,17,3,423,,423,423,CTV3203387,चमन,HUSBAND,फरीद,120,63,Female,False,0.0206,False,False,नाम : चमन | पति का नाम: फरीद | फोटो उपलब्थ है | मकान संख्या r : 120 | आयु: 63 लिंग : महिला
2026-EROLLGEN-S24-86-SIR-FinalRoll-Revision1-HIN-17-WI.pdf,86,17,17,4,424,,424,424,CTV2658664,मिसिया,FATHER,मुल्लो,120,59,Male,False,0.023,False,False,नाम: मिसिया | पिता का नाम: मुल्लो | फोटो उपलब्ध है[ | मकान संख्या : 120 | आयु : 59 लिंग : पुरुष
2026-EROLLGEN-S24-86-SIR-FinalRoll-Revision1-HIN-17-WI.pdf,86,17,17,5,425,,425,425,ZSY1944487,नईम,FATHER,मुल्लो,१२०,30,Male,False,0.0253,False,False,नाम : नईम | पिता का नाम: मुल्लो | फोटो उपलब्ध है | मकान संख्या: १२० | आयु : 30 लिंग : पुरुष
2026-EROLLGEN-S24-86-SIR-FinalRoll-Revision1-HIN-17-WI.pdf,86,17,17,6,426,,426,426,ZSY2614857,नकीम कुरेशी,FATHER,पिता का नामः,120,29,Male,False,0.0229,False,False,"नाम : नकीम कुरेशी | पिता का नामः | मुल्ला | फोटो उपलब्ध है | मकान संख्या : 120 | आयु ं, 29 लिंग : पुरुष"
2026-EROLLGEN-S24-86-SIR-FinalRoll-Revision1-HIN-17-WI.pdf,86,17,17,7,427,,427,427,ZSY2335677,अनवरी,HUSBAND,हमीद,१२१,67,Female,False,0.0174,False,False,नाम : अनवरी | पति का नाम: हमीद | फोटो उपलब्थ है | मकान संख्या : १२१ | आयु: : 67 लिंग : महिला
2026-EROLLGEN-S24-86-SIR-FinalRoll-Revision1-HIN-17-WI.pdf,86,17,17,8,428,,428,428,CTV2658920,कलुआ,FATHER,छुददया,121,62,Male,False,0.0218,False,False,नाम : कलुआ | पिता का नाम: छुददया | फोटो उपलब्ध है | मकान संख्या : 121 | आयु : 62 लिंग : पुरुष
2026-EROLLGEN-S24-86-SIR-FinalRoll-Revision1-HIN-17-WI.pdf,86,17,17,9,429,,429,429,UP/70/355/0030060,अन्सार,FATHER,हनीफ,121,60,Male,False,0.0195,False,False,नाम: अन्सार | पिता का नाम: हनीफ | फोटो उपलब्थ है | मकान संख्या : 121 | आयु : 60 लिंग : पुरुष
2026-EROLLGEN-S24-86-SIR-FinalRoll-Revision1-HIN-17-WI.pdf,86,17,17,10,430,,430,430,CTV3203585,हमीसा,HUSBAND,पति,121,59,Female,False,0.0221,False,False,नाम : हमीसा | पति | का नाम: : कलुआ | फोटो उपलब्ध है | मकान संख्या T : 121 | आयु :59 लिंग : महिला
2026-EROLLGEN-S24-86-SIR-FinalRoll-Revision1-HIN-17-WI.pdf,86,17,17,11,431,,431,431,UP/70/355/0030062,बाबर,FATHER,कमरु,121,59,Male,False,0.0251,False,False,नाम : बाबर | पिता का नाम: कमरु | फोटो उपलब्ध है | मकान संख्या: 121 | आयु : 59 लिंग : पुरुष
2026-EROLLGEN-S24-86-SIR-FinalRoll-Revision1-HIN-17-WI.pdf,86,17,17,12,432,,432,432,ZSY2192730,नसीम,HUSBAND,सिराजुददीन,121,57,Female,False,0.0212,False,False,नाम : नसीम | पति का नाम: सिराजुददीन | फोटो उपलब्ध है | मकान संख्या : 121 | आयु : 57 लिंग महिला
2026-EROLLGEN-S24-86-SIR-FinalRoll-Revision1-HIN-17-WI.pdf,86,17,17,13,433,,433,433,CTV2890184,बानो,FATHER,टुण्डा,121,51,Male,False,0.0168,False,False,नाम: बानो | पिता का नाम: टुण्डा | फोटो उपलब्ध है | मकान संख्या : 121 | आयु : 51 लिंग : पुरुष
2026-EROLLGEN-S24-86-SIR-FinalRoll-Revision1-HIN-17-WI.pdf,86,17,17,14,434,,434,434,UP/70/355/0030063,सिराजू,FATHER,कमरू,121,49,Male,False,0.0221,False,False,नाम : सिराजू | पिता का नाम: कमरू | फोटो उपलब्ध है | मकान संख्या : 121 | आयु 49 लिंग : पुरुष
2026-EROLLGEN-S24-86-SIR-FinalRoll-Revision1-HIN-17-WI.pdf,86,17,17,15,435,,435,435,ZSY1947514,सलीम,FATHER,हनीफ,१२१,44,Male,False,0.0161,False,False,नाम : सलीम | पिता का नाम: हनीफ | फोटो उपलब्ध है | मकान संख्या : १२१ | आयु: 44 लिंग : पुरुष
2026-EROLLGEN-S24-86-SIR-FinalRoll-Revision1-HIN-17-WI.pdf,86,17,17,16,436,,436,436,ZSY2335487,नाम गुडो बेगम,HUSBAND,मुबीन कुरेशी,१२१,43,Female,False,0.0256,False,False,नाम गुडो बेगम | पति का नाम: मुबीन कुरेशी | फोटो उपलब्ध है | मकान संख्या : १२१ | आयु 43 लिंग : महिला
2026-EROLLGEN-S24-86-SIR-FinalRoll-Revision1-HIN-17-WI.pdf,86,17,17,17,437,,437,437,ZSY1945302,इसरार,FATHER,सिखावत,१२१,4२,Male,False,0.0269,False,False,नाम : इसरार | पिता का नाम: सिखावत | फोटो उपलब्ध है | मकान संख्या: १२१ | आयु : 4२ लिंग : पुरुष
2026-EROLLGEN-S24-86-SIR-FinalRoll-Revision1-HIN-17-WI.pdf,86,17,17,18,438,,438,438,ZSY1945310,अन्सार,FATHER,सिखावत,१२१,40,Male,False,0.0228,False,False,नाम : अन्सार | पिता का नाम: सिखावत | फोटो उपलब्ध है | मकान संख्या : १२१ | आयु: 40 लिंग : पुरुष
2026-EROLLGEN-S24-86-SIR-FinalRoll-Revision1-HIN-17-WI.pdf,86,17,17,19,439,,439,439,ZSY1264415,इरसाद,FATHER,पिता का,121,39,Male,False,0.0211,False,False,नाम : इरसाद | पिता का | नाम: कलुआ | फोटो उपलब्ध है | मकान संख्या : 121 | आयु : 39 लिंग : पुरुष
2026-EROLLGEN-S24-86-SIR-FinalRoll-Revision1-HIN-17-WI.pdf,86,17,17,20,440,,440,440,ZSY1599950,बन्टू,FATHER,पिता,121,38,Male,False,0.025,False,False,नाम : बन्टू | पिता | का नाम: कलुआ | फोटो उपलब्ध है | मकान संख्या : 121 | आयु : 38 लिंग : पुरुष
2026-EROLLGEN-S24-86-SIR-FinalRoll-Revision1-HIN-17-WI.pdf,86,17,17,21,441,,441,441,ZSY1264373,रहीश,FATHER,पिता का,121,37,Male,False,0.021,False,False,नाम : रहीश | पिता का | नाम: कतुआ | फोटो उपलब्ध है | मकान संख्या : 121 | आयु : 37 लिंग : पुरुष
2026-EROLLGEN-S24-86-SIR-FinalRoll-Revision1-HIN-17-WI.pdf,86,17,17,22,442,,442,442,ZSY2192649,भाजू,FATHER,ठुण्डा,121,37,Male,False,0.0228,False,False,नाम : भाजू | पिता का नाम: ठुण्डा | फोटो उपलब्थ है | मकान संख्या : 121 | आयु : 37 लिंग : पुरुष
2026-EROLLGEN-S24-86-SIR-FinalRoll-Revision1-HIN-17-WI.pdf,86,17,17,23,443,,443,443,ZSY1599984,वाहिद,FATHER,कलुआ,121,36,Male,False,0.0262,False,False,नाम :  वाहिद | पिता का नाम: कलुआ | फोटो उपलब्थ है | मकान संख्या : 121 | आयु  : 36 लिंग : पुरुष
2026-EROLLGEN-S24-86-SIR-FinalRoll-Revision1-HIN-17-WI.pdf,86,17,17,24,444,,444,444,ZSY2192722,राशिद,FATHER,वाकर,121,36,Male,False,0.0204,False,False,नाम: राशिद | पिता का नाम: वाकर | फोटो उपलब्थ है | मकान संख्या : 121 | आयु : 36 लिंग : पुरुष
2026-EROLLGEN-S24-86-SIR-FinalRoll-Revision1-HIN-17-WI.pdf,86,17,17,25,445,,445,445,ZSY1264423,गोरा,FATHER,,121,34,Male,False,0.0235,False,True,नाम: गोरा | पिता का नाम: | कलुआ | फोटो उपलब्ध है[ | मकान संख्या : 121 | आयु : 34 लिंग : पुरुष
2026-EROLLGEN-S24-86-SIR-FinalRoll-Revision1-HIN-17-WI.pdf,86,17,17,26,446,,446,446,ZSY1599935,शाहिद,FATHER,,121,34,Male,False,0.0274,False,True,नाम : शाहिद | पिता का नाम: | कलुआ | फोटो उपलब्ध है | मकान संख्या: 121 | आयु : 34 लिंग : पुरुष
2026-EROLLGEN-S24-86-SIR-FinalRoll-Revision1-HIN-17-WI.pdf,86,17,17,27,# 447,,447,447,ZSY1945294,जावेद,FATHER,बाकर,१२१,33,Male,False,0.0238,False,False,नाम : जावेद | पिता का नाम: बाकर | फोटो उपलब्ध है | मकान संख्या :१२१ | आयु : 33 लिंग : पुरुष
2026-EROLLGEN-S24-86-SIR-FinalRoll-Revision1-HIN-17-WI.pdf,86,17,17,28,448,,448,448,ZSY1946060,आलिम कुरेशी,FATHER,सिराजुट्रीन,१२१,33,Male,False,0.0202,False,False,नाम : आलिम कुरेशी | पिता का नाम: सिराजुट्रीन | फोटो उपलब्थ है | मकान संख्या I:१२१ | आयु :33 लिंग : पुरुष
2026-EROLLGEN-S24-86-SIR-FinalRoll-Revision1-HIN-17-WI.pdf,86,17,17,29,449,,449,449,ZSY2393767,मोसीम,FATHER,वाकर,१२१,31,Male,False,0.021,False,False,नाम : मोसीम | पिता का नाम: वाकर | फोटो उपलब्थ है | मकान संख्या : १२१ | आयु : 31 लिंग : पुरुष
2026-EROLLGEN-S24-86-SIR-FinalRoll-Revision1-HIN-17-WI.pdf,86,17,17,30,450,,450,450,CTV3203429,गुलजार,FATHER,मुत्ता,122,६९,Male,False,0.0184,False,False,नाम : गुलजार | पिता का नाम: मुत्ता | फोटो उपलब्ध है | मकान संख्या : 122 | आयु : ६९ लिंग : पुरुष
2026-EROLLGEN-S24-86-SIR-FinalRoll-Revision1-HIN-17-WI.pdf,86,17,18,1,451,,451,451,CTV3203395,रहमत,FATHER,मुन्ञा,122,57,Male,False,0.0221,False,False,नाम : रहमत | पिता का नाम: मुन्ञा | फोटो उपलब्थ है | मकान संख्या : 122 | आयु: 57 लिंग : पुरुष
2026-EROLLGEN-S24-86-SIR-FinalRoll-Revision1-HIN-17-WI.pdf,86,17,18,2,452,,452,452,UP/70/355/0030065,नाम आसीन,FATHER,छुददया,122,54,Male,False,0.0283,False,False,नाम आसीन | पिता का नाम: छुददया | फोटो उपलब्थ है | मकान संख्या: 122 | आयु: 54 लिंग : पुरुष
2026-EROLLGEN-S24-86-SIR-FinalRoll-Revision1-HIN-17-WI.pdf,86,17,18,3,# 453,,453,453,CTV3203403,मखमल,HUSBAND,आसीन,122,51,,False,0.0226,False,True,नाम: मखमल | पति का नाम: आसीन | फोटो उपलब्थ है | मकान संख्या : 122 | लिंग : महिला | आयु: 51
2026-EROLLGEN-S24-86-SIR-FinalRoll-Revision1-HIN-17-WI.pdf,86,17,18,4,454,,454,454,CTV2658649,ताहिर,,,122,46,Male,False,0.0211,False,True,नाम: ताहिर | अन्य: आसीन | फोटो उपलब्ध है[ | मकान संख्या : 122 | आयु 46 लिंग : पुरुष
2026-EROLLGEN-S24-86-SIR-FinalRoll-Revision1-HIN-17-WI.pdf,86,17,18,5,455,,455,455,ZSY0641068,नदीम,FATHER,,122,40,Male,False,0.0258,False,True,नाम : नदीम | पिता का नाम: | मुल्ला | फोटो उपलब्ध है | मकान संख्या: 122 | आयु : 40 लिंग : पुरुष
2026-EROLLGEN-S24-86-SIR-FinalRoll-Revision1-HIN-17-WI.pdf,86,17,18,6,456,,456,456,ZSY1568252,सलीम,FATHER,शरीफ,00,38,Male,False,0.0215,False,False,नाम : सलीम | पिता का नाम: शरीफ | फोटो उपलब्ध है[ | मकान संख्या :00 | आयु : 38 लिंग : पुरुष
2026-EROLLGEN-S24-86-SIR-FinalRoll-Revision1-HIN-17-WI.pdf,86,17,18,7,457,,457,457,ZSY2612950,आरिफ,FATHER,आसीन,122,28,Male,False,0.0178,False,False,नाम : आरिफ | पिता का नाम: आसीन | फोटो उपलब्थध है | मकान संख्या : 122 | आयु 28 लिंग : पुरुष
2026-EROLLGEN-S24-86-SIR-FinalRoll-Revision1-HIN-17-WI.pdf,86,17,18,8,458,,458,458,ZSY2860179,सईम,FATHER,: भुल्ला खान,१२२,28,Male,False,0.0218,False,False,नाम : सईम | पिता का नाम: : भुल्ला खान | फोटो उपलब्ध है | मकान संख्या : १२२ | आयु : 28 लिंग : पुरुष
2026-EROLLGEN-S24-86-SIR-FinalRoll-Revision1-HIN-17-WI.pdf,86,17,18,9,459,,459,459,ZSY1264043,इन्तजार,FATHER,मुन्ना,00,36,Male,False,0.0159,False,False,नाम: इन्तजार | पिता का नाम: मुन्ना | फोटो उपलब्ध है | मकान संख्या : oo | आयु : 36 लिंग : पुरुष
2026-EROLLGEN-S24-86-SIR-FinalRoll-Revision1-HIN-17-WI.pdf,86,17,18,10,460,,460,460,CTV3319118,नजरूद्वीन,FATHER,पिता इब्राहिम,123,45,Male,False,0.0232,False,False,नाम : नजरूद्वीन | पिता इब्राहिम | का नाम: | फोटो उपलब्ध है | मकान संख्या : 123 | आयु 45 लिंग : पुरुष
2026-EROLLGEN-S24-86-SIR-FinalRoll-Revision1-HIN-17-WI.pdf,86,17,18,11,# 461,,461,461,ZSY1946110,शब्बीर,FATHER,बदो,१२४,5२,Male,False,0.0237,False,False,नाम : शब्बीर | पिता का  नाम: बदो | फोटो उपलब्ध है | मकान संख्या: १२४ | आयु : 5२ २ लिंग : पुरुष
2026-EROLLGEN-S24-86-SIR-FinalRoll-Revision1-HIN-17-WI.pdf,86,17,18,12,462,,462,462,ZSY2192656,अकीला,HUSBAND,: साबिर,124,50,Female,False,0.0207,False,False,नाम : अकीला | पति का नाम: : साबिर | फोटो उपलब्ध है | मकान संख्या : 124 | आयु: 50 लिंग : महिला
2026-EROLLGEN-S24-86-SIR-FinalRoll-Revision1-HIN-17-WI.pdf,86,17,18,13,463,,463,463,ZSY0230458,बन्टू,FATHER,श्री बददो,124,40,Male,False,0.018,False,False,नाम : बन्टू | पिता का नाम: श्री बददो | फोटो उपलब्ध है | मकान संख्या : 124 | आयु: 40 लिंग : पुरुष
2026-EROLLGEN-S24-86-SIR-FinalRoll-Revision1-HIN-17-WI.pdf,86,17,18,14,464,,464,464,ZSY1947407,नासिर,FATHER,बद्ो,१२४,37,Male,False,0.0199,False,False,नाम : नासिर | पिता का नाम: बद्ो | फोटो उपलब्ध है | मकान संख्या : १२४ | आयु : 37 लिंग : पुरुष
2026-EROLLGEN-S24-86-SIR-FinalRoll-Revision1-HIN-17-WI.pdf,86,17,18,15,465,,465,465,ZSY2393734,शाहीन,FATHER,साबिर,१२४,30,Female,False,0.0179,False,False,नाम : शाहीन | पिता का नाम: साबिर | फोटो उपलब्ध है | मकान संख्या : १२४ | आयु : 30 लिंग : महिला
2026-EROLLGEN-S24-86-SIR-FinalRoll-Revision1-HIN-17-WI.pdf,86,17,18,16,466,,466,466,ZSY1945815,इसरार,FATHER,बबुआ,125,35,Male,False,0.0234,False,False,नाम : इसरार | पिता का नाम: बबुआ | फोटो उपलब्ध है | मकान संख्या: 125 | आयु 35 लिंग : पुरुष
2026-EROLLGEN-S24-86-SIR-FinalRoll-Revision1-HIN-17-WI.pdf,86,17,18,17,467,,467,467,CTV2658391,सरीफ,FATHER,अजमेरी,126,72,Male,False,0.0264,False,False,नाम : सरीफ | पिता का नाम: अजमेरी | फोटो उपलब्ध है[ | मकान संख्या: 126 | आयु 72 लिंग : पुरुष
2026-EROLLGEN-S24-86-SIR-FinalRoll-Revision1-HIN-17-WI.pdf,86,17,18,18,468,,468,468,ZSY0976688,लुकमान,FATHER,सत्तार,126,60,Male,False,0.0238,False,False,नाम : लुकमान | पिता का नाम: सत्तार | फोटो उपलब्ध है | मकान संख्या : 126 | आयु 60 लिंग : पुरुष
2026-EROLLGEN-S24-86-SIR-FinalRoll-Revision1-HIN-17-WI.pdf,86,17,18,19,469,,469,469,ZSY3723749,गफ्फार,FATHER,सत्तार,126,58,Male,False,0.0202,False,False,नाम : गफ्फार | पिता का नाम: सत्तार | फोटो उपलब्ध है | मकान संख्या : 126 | आयु : 58 लिंग : पुरुष
2026-EROLLGEN-S24-86-SIR-FinalRoll-Revision1-HIN-17-WI.pdf,86,17,18,20,470,,470,470,CTV3319183,समीना,HUSBAND,गप्फार,126,53,Female,False,0.0246,False,False,नाम : समीना | पति का नाम: गप्फार | फोटो उपलब्ध है | मकान संख्या: 126 | आयु : : 53 लिंग: महिला
2026-EROLLGEN-S24-86-SIR-FinalRoll-Revision1-HIN-17-WI.pdf,86,17,18,21,471,,471,471,CTV3318664,असगर,FATHER,पिता का,126,53,Male,False,0.0209,False,False,नाम : असगर | पिता का | नाम: इकबाल | फोटो उपलब्ध है | मकान संख्या : 126 | आयु : 53 लिंग : पुरुष
2026-EROLLGEN-S24-86-SIR-FinalRoll-Revision1-HIN-17-WI.pdf,86,17,18,22,472,,472,472,CTV3319175,रुकसाना,HUSBAND,लुकमान,126,49,Female,False,0.0227,False,False,नाम : रुकसाना | पति का नाम: लुकमान | फोटो उपलब्थ है | मकान संख्या : 126 | आयु 49 लिंग : महिला
2026-EROLLGEN-S24-86-SIR-FinalRoll-Revision1-HIN-17-WI.pdf,86,17,18,23,473,,473,473,CTV3256765,रोशनी,HUSBAND,कल्लू,126,४8,Female,False,0.0256,False,False,नाम : रोशनी | पति का नाम: कल्लू | फोटो उपलब्थ है | मकान संख्या : 126 | आयु : ४8 लिंग महिला
2026-EROLLGEN-S24-86-SIR-FinalRoll-Revision1-HIN-17-WI.pdf,86,17,18,24,474,,474,474,ZSY1599893,जहागीर,FATHER,: कल्लू,126,48,Male,False,0.0215,False,False,नाम : जहागीर | पिता का नाम: : कल्लू | फोटो उपलब्थ है | मकान संख्या : 126 | आयु: 48 8 लिंग : पुरुष
2026-EROLLGEN-S24-86-SIR-FinalRoll-Revision1-HIN-17-WI.pdf,86,17,18,25,475,,475,475,ZSY1947837,प्पू,FATHER,,१२६,48,Male,False,0.0226,False,True,नाम : प्पू | पिता का नाम: | कल्लू | फोटो उपलब्ध है[ | मकान संख्या : १२६ | आयु : 48 लिंग : पुरुष
2026-EROLLGEN-S24-86-SIR-FinalRoll-Revision1-HIN-17-WI.pdf,86,17,18,26,476,,476,476,ZSY1599885,नाजिरा,HUSBAND,जहागीर,126,46,Female,False,0.0276,False,False,नाम : नाजिरा | पति का नाम: जहागीर | फोटो उपलब्ध है | मकान संख्या 126 | आयु 46 लिंग : महिला
2026-EROLLGEN-S24-86-SIR-FinalRoll-Revision1-HIN-17-WI.pdf,86,17,18,27,477,,477,477,CTV3309028,रहीश,HUSBAND,इकबाल,126,42,Female,False,0.0243,False,False,नाम :  रहीश | पति का नाम: इकबाल | फोटो उपलब्ध है | मकान संख्या : 126 | आयु : 42 लिंग : महिला
2026-EROLLGEN-S24-86-SIR-FinalRoll-Revision1-HIN-17-WI.pdf,86,17,18,28,478,,478,478,ZSY2512291,नजमा बानो,HUSBAND,: गुड्र कुरेशी,126,39,Female,False,0.0193,False,False,नाम : नजमा बानो | पति का नाम: : गुड्र कुरेशी | फोटो उपलब्थ है | मकान संख्या 1: 126 | आयु 39 लिंग: म महिला
2026-EROLLGEN-S24-86-SIR-FinalRoll-Revision1-HIN-17-WI.pdf,86,17,18,29,479,,479,479,ZSY0976357,साकिर,FATHER,शरीफ,126,38,Male,False,0.0222,False,False,नाम : साकिर | पिता का नाम: शरीफ | फोटो उपलब्थ है | मकान संख्या : 126 | आयु : 38 लिंग : पुरुष
2026-EROLLGEN-S24-86-SIR-FinalRoll-Revision1-HIN-17-WI.pdf,86,17,18,30,480,,480,480,ZSY0723072,जाकिर,FATHER,शरीफ,126,37,Male,False,0.0178,False,False,नाम : जाकिर | पिता का नाम: शरीफ | फोटो उपलब्ध है | मकान संख्या : 126 | आयु : 37 लिंग : पुरुष
2026-EROLLGEN-S24-86-SIR-FinalRoll-Revision1-HIN-17-WI.pdf,86,17,19,1,481,,481,481,ZSY1947787,अशरफ,FATHER,असलम,१२६,36,Male,False,0.0222,False,False,नाम : अशरफ | पिता का नाम: असलम | फोटो उपलब्थ है | मकान संख्या:१२६ | आयु: 36 6 लिंग : पुरुष
2026-EROLLGEN-S24-86-SIR-FinalRoll-Revision1-HIN-17-WI.pdf,86,17,19,2,482,,482,482,ZSY0976696,इरफान,FATHER,लुकमान,126,33,Male,False,0.0266,False,False,नाम : इरफान | पिता का नाम: लुकमान | फोटो उपलब्थ है | मकान संख्या : 126 | आयु : 33 लिंग : पुरुष
2026-EROLLGEN-S24-86-SIR-FinalRoll-Revision1-HIN-17-WI.pdf,86,17,19,3,483,,483,483,ZSY2335735,नरगिस,FATHER,,१२६,31,,False,0.0226,False,True,नाम : नरगिस | पिता का नाम: | लुकमान | फोटो उपलब्थ है | मकान संख्या :१२६ | लिंग : महिला | आयु: 31
2026-EROLLGEN-S24-86-SIR-FinalRoll-Revision1-HIN-17-WI.pdf,86,17,19,4,484,,484,484,ZSY2612968,"नाम "" हिना",FATHER,,126,28,Female,False,0.023,False,True,"नाम "" हिना | पिता का नाम: | लुकमान | फोटो उपलब्ध है[ | मकान संख्या : 126 | आयु : 28 लिंग : महिला"
2026-EROLLGEN-S24-86-SIR-FinalRoll-Revision1-HIN-17-WI.pdf,86,17,19,5,485,,485,485,ZSY2865673,नाम आकाश,FATHER,जञान सिंह,126,27,Male,False,0.0269,False,False,नाम आकाश | पिता का नाम:  जञान सिंह | फोटो उपलब्ध है | मकान संख्या: 126 | आयु  : 27 लिंग : पुरुष
2026-EROLLGEN-S24-86-SIR-FinalRoll-Revision1-HIN-17-WI.pdf,86,17,19,6,486,,486,486,ZSY3091295,नाम कुरेशी,FATHER,पिता का नामः क्रेशी,126,25,Male,False,0.0257,False,False,"नाम कुरेशी | वबलू | पिता का नामः क्रेशी | लुकमान | फोटो उपलब्ध है[ | मकान संख्या : 126 | आयु ं, 25 लिंग : पुरुष"
2026-EROLLGEN-S24-86-SIR-FinalRoll-Revision1-HIN-17-WI.pdf,86,17,19,7,487,,487,487,ZSY1568179,सिन्दन,HUSBAND,: सलीम,00,४2,Female,False,0.0174,False,False,नाम: सिन्दन | पति का नाम: : सलीम | फोटो उपलब्थध है | मकान संख्या T:oo | आयु: : ४2 लिंग : महिला
2026-EROLLGEN-S24-86-SIR-FinalRoll-Revision1-HIN-17-WI.pdf,86,17,19,8,488,,488,488,ZSY1568187,सिमरन,HUSBAND,कदीर,००,37,Female,False,0.0208,False,False,नाम : सिमरन | पति का नाम: कदीर | फोटो उपलब्ध है | मकान संख्या : ०० | आयु : 37 लिंग : महिला
2026-EROLLGEN-S24-86-SIR-FinalRoll-Revision1-HIN-17-WI.pdf,86,17,19,9,489,,489,489,CTV3256831,आस,FATHER,फरीद,128,75,Male,False,0.0178,False,False,नाम: आस | मुहम्मद | पिता का नाम: फरीद | फोटो उपलब्ध है | मकान संख्या : 128 | आयु: : 75 लिंग : पुरुष
2026-EROLLGEN-S24-86-SIR-FinalRoll-Revision1-HIN-17-WI.pdf,86,17,19,10,# 490,,490,490,ZSY2335644,तारीक,FATHER,फरीद,१२८,34,Male,False,0.0215,False,False,नाम : तारीक | पिता का नाम:  फरीद | फोटो उपलब्ध है | मकान संख्या: १२८ | आयु : 34 लिंग : पुरुष
2026-EROLLGEN-S24-86-SIR-FinalRoll-Revision1-HIN-17-WI.pdf,86,17,19,11,491,,491,491,ZSY3105822,रुवी,HUSBAND,आसमोहम्मद,128,33,Female,False,0.0252,False,False,नाम : रुवी | पति का नाम: आसमोहम्मद | फोटो उपलब्ध है | मकान संख्या: 128 | आयु : 33 लिंग : महिला
2026-EROLLGEN-S24-86-SIR-FinalRoll-Revision1-HIN-17-WI.pdf,86,17,19,12,492,,492,492,ZSY1945955,आरिफ,FATHER,फरीद,१२८,31,Male,False,0.0199,False,False,नाम : आरिफ | पिता का नाम: फरीद | फोटो उपलब्ध है | मकान संख्या :१२८ | आयु: 31 लिंग : पुरुष
2026-EROLLGEN-S24-86-SIR-FinalRoll-Revision1-HIN-17-WI.pdf,86,17,19,13,493,,493,493,UP/70/355/0030073,सबबीर,FATHER,सिकंदर,129,74,Male,False,0.0194,False,False,नाम : सबबीर | पिता का नाम: सिकंदर | फोटो उपलब्ध य है | मकान संख्या : 129 | आयु 74 लिंग : पुरुष
2026-EROLLGEN-S24-86-SIR-FinalRoll-Revision1-HIN-17-WI.pdf,86,17,19,14,494,,494,494,UP/70/355/0030074,नाम,HUSBAND,शबूबीर,129,74,Female,False,0.0226,False,False,नाम | 6 शाहबरा | पति का नाम: शबूबीर | फोटो उपलब्ध tc | मकान संख्या : 129 | आयु: 74 लिंग : महिला
2026-EROLLGEN-S24-86-SIR-FinalRoll-Revision1-HIN-17-WI.pdf,86,17,19,15,S 495,S,495,495,UP/70/355/0030072,नाम आलम गिरि,FATHER,शमसू,मकान संख्या,57,,True,0.032,False,True,नाम आलम गिरि | पिता का नाम: शमसू | फोटो उपलब्ध tc | मकान संख्या | आयु 57 हिंग
2026-EROLLGEN-S24-86-SIR-FinalRoll-Revision1-HIN-17-WI.pdf,86,17,19,16,496,,496,496,CTV3166121,,FATHER,,129,40,Male,False,0.0235,False,True,नाम : | चान्दबाबू | पिता का नाम: | मुत्ञा | फोटो उपलब्ध है | मकान संख्या: 129 | आयु 40 लिंग : पुरुष
2026-EROLLGEN-S24-86-SIR-FinalRoll-Revision1-HIN-17-WI.pdf,86,17,19,17,497,,497,497,CTV3134228,नाम . आश मोहम्मद,FATHER,,129,38,Male,False,0.0274,False,True,नाम . आश मोहम्मद | पिता का नाम: | मुत्रा | फोटो उपलब्ध है | मकान संख्या 129 | आयु : 38 लिंग : पुरुष
2026-EROLLGEN-S24-86-SIR-FinalRoll-Revision1-HIN-17-WI.pdf,86,17,19,18,498,,498,498,ZSY0976415,राजा,FATHER,शब्बीर,129,37,Male,False,0.0229,False,False,नाम : राजा | पिता का नाम: शब्बीर | फोटो उपलब्ध है | मकान संख्या : 129 | आयु : 37 लिंग : पुरुष
2026-EROLLGEN-S24-86-SIR-FinalRoll-Revision1-HIN-17-WI.pdf,86,17,19,19,499,,499,499,ZSY0976407,मुमताज,HUSBAND,पति का,129,37,Female,False,0.021,False,False,नाम : मुमताज | पति का | नाम: बादशाह | फोटो उपलब्ध है | मकान संख्या : 129 | आयु: 37 लिंग : महिला
2026-EROLLGEN-S24-86-SIR-FinalRoll-Revision1-HIN-17-WI.pdf,86,17,19,20,500,,500,500,ZSY1947373,शाहिद,FATHER,साबिर,१२९,37,Male,False,0.0249,False,False,नाम : शाहिद | पिता का नाम: साबिर | फोटो उपलब्ध है | मकान संख्या : १२९ | आयु : 37 लिंग : पुरुष
2026-EROLLGEN-S24-86-SIR-FinalRoll-Revision1-HIN-17-WI.pdf,86,17,19,21,501,,501,501,ZSY0562918,नबाब,FATHER,शब्बीर,129,36,Male,False,0.0208,False,False,नाम : नबाब | पिता का नाम: शब्बीर | फोटो उपलब्ध है | मकान संख्या : 129 | आयु : 36 लिंग : पुरुष
2026-EROLLGEN-S24-86-SIR-FinalRoll-Revision1-HIN-17-WI.pdf,86,17,19,22,502,,502,502,ZSY1945336,तसलीम,HUSBAND,शाहिद,१२९,3४,Female,False,0.0226,False,False,नाम : तसलीम | पति से का नाम: शाहिद | फोटो उपलब्थ है | मकान संख्या : १२९ | आयु: 3४ लिंग : महिला
2026-EROLLGEN-S24-86-SIR-FinalRoll-Revision1-HIN-17-WI.pdf,86,17,19,23,503,,503,503,ZSY2512069,अनिशा,HUSBAND,नबाब,१२९,33,Female,False,0.0261,False,False,नाम : अनिशा | पति का  नाम: नबाब | फोटो उपलब्थ है | मकान संख्या : १२९ | आयु : 33 लिंग : महिला
2026-EROLLGEN-S24-86-SIR-FinalRoll-Revision1-HIN-17-WI.pdf,86,17,19,24,504,,504,504,ZSY2512150,फरमान,FATHER,इस्लाम,१२९,28,Male,False,0.0208,False,False,नाम : फरमान | पिता का नाम: इस्लाम | फोटो उपलब्थ है | मकान संख्या : १२९ | आयु : 28 लिंग : पुरुष
2026-EROLLGEN-S24-86-SIR-FinalRoll-Revision1-HIN-17-WI.pdf,86,17,19,25,s 505,S,505,505,ZSY2860328,नाम - आरिफ,FATHER,साबिर,,27,,True,0.0356,True,True,नाम - आरिफ | पिता का नाम: साबिर | PELETED | फोटो उपलब्ध है[ | मकान संख्या : | आयु : 27 परुष
2026-EROLLGEN-S24-86-SIR-FinalRoll-Revision1-HIN-17-WI.pdf,86,17,19,26,506,,506,506,ZSY1945872,चांदनी,FATHER,,130,28,Female,False,0.0278,False,True,नाम : चांदनी | पिता का नाम: | बबुआ | फोटो उपलब्ध है | मकान संख्या: 130 | आयु 28 लिंग : महिला
2026-EROLLGEN-S24-86-SIR-FinalRoll-Revision1-HIN-17-WI.pdf,86,17,19,27,507,,507,507,CTV3318797,अशोक,,,131,50,Male,False,0.0219,False,True,नाम: अशोक | कुमार | अन्य: वैनी राम | फोटो उपलब्ध है | मकान संख्या : 131 | आयु 50 लिंग : पुरुष
2026-EROLLGEN-S24-86-SIR-FinalRoll-Revision1-HIN-17-WI.pdf,86,17,19,28,508,,508,508,ZSY1945583,लक्ष्मी देवी,HUSBAND,भगवान दास,१३१,४8,Female,False,0.0185,False,False,नाम : लक्ष्मी देवी | पति का नाम: भगवान दास | फोटो उपलब्थ है | मकान संख्या : १३१ | आयु: ४8 लिंग : महिला
2026-EROLLGEN-S24-86-SIR-FinalRoll-Revision1-HIN-17-WI.pdf,86,17,19,29,509,,509,509,ZSY1945328,चन्द्रकला,HUSBAND,अशोक,१३१,45,Female,False,0.0237,False,False,नाम : चन्द्रकला | पति का नाम: अशोक | कुमार | फोटो उपलब्थ है | मकान संख्या : १३१ | आयु 45 लिंग : महिला
2026-EROLLGEN-S24-86-SIR-FinalRoll-Revision1-HIN-17-WI.pdf,86,17,19,30,510,,510,510,ZSY2192714,शाकिर कुरेशी,FATHER,सिराजुददीन न कुरेशी,131,35,Male,False,0.0214,False,False,नाम : शाकिर कुरेशी | पिता का नाम: सिराजुददीन न कुरेशी | फोटो उपलब्ध है | मकान संख्या : 131 | आयु 35 लिंग पुरुष
2026-EROLLGEN-S24-86-SIR-FinalRoll-Revision1-HIN-17-WI.pdf,86,17,20,1,511,,511,511,ZSY1946920,कन्हैया,FATHER,छोटे लाल,१३२,55,Male,False,0.023,False,False,नाम: कन्हैया | पिता का नाम: छोटे लाल | फोटो उपलब्थ है | मकान संख्या:१३२ | आयु 55 लिंग : पुरुष
2026-EROLLGEN-S24-86-SIR-FinalRoll-Revision1-HIN-17-WI.pdf,86,17,20,2,512,,512,512,ZSY1946912,रेशम,HUSBAND,कन्हेया,१३२,54,Female,False,0.0254,False,False,नाम : रेशम | पति का नाम: कन्हेया | फोटो उपलब्थ है | मकान संख्या: १३२ | आयु 54 लिंग : महिला
2026-EROLLGEN-S24-86-SIR-FinalRoll-Revision1-HIN-17-WI.pdf,86,17,20,3,513,,513,513,CTV3318912,राकेश,FATHER,प्रानसुख,132,53,Male,False,0.0211,False,False,नाम : राकेश | पिता का नाम: प्रानसुख | फोटो उपलब्थ है | मकान संख्या : 132 | आयु: 53 लिंग : पुरुष
2026-EROLLGEN-S24-86-SIR-FinalRoll-Revision1-HIN-17-WI.pdf,86,17,20,4,514,,514,514,ZSY2612992,,FATHER,राकेश,132,28,Male,False,0.024,False,True,नाम : | आनन्द कुमार | पिता का नाम: राकेश | कुमार | फोटो उपलब्ध है[ | मकान संख्या : 132 | आयु : 28 लिंग : पुरुष
2026-EROLLGEN-S24-86-SIR-FinalRoll-Revision1-HIN-17-WI.pdf,86,17,20,5,515,,515,515,ZSY3723822,सनी,FATHER,कन्हैयालाल,132,22,Male,False,0.0272,False,False,नाम : सनी | पिता का नाम: कन्हैयालाल | फोटो उपलब्ध है | मकान संख्या: 132 | आयु : 22 लिंग : पुरुष
2026-EROLLGEN-S24-86-SIR-FinalRoll-Revision1-HIN-17-WI.pdf,86,17,20,6,516,,516,516,ZSY3723814,संदीप,FATHER,हरिओम सिंह,132,21,Male,False,0.0251,False,False,नाम : संदीप | कुमार | पिता का नाम: हरिओम सिंह | फोटो उपलब्ध है | मकान संख्या : 132 | आयु : 21 लिंग : पुरुष
2026-EROLLGEN-S24-86-SIR-FinalRoll-Revision1-HIN-17-WI.pdf,86,17,20,7,517,,517,517,ZSY3735784,मोहन सिंह,FATHER,लक्ष्मण,132,21,Male,False,0.0188,False,False,नाम : मोहन सिंह | पिता का नाम: लक्ष्मण | फोटो उपलब्ध है | मकान संख्या : 132 | आयु : 21 लिंग : पुरुष
2026-EROLLGEN-S24-86-SIR-FinalRoll-Revision1-HIN-17-WI.pdf,86,17,20,8,518,,518,518,ZSY0723122,अफसरा,HUSBAND,शहीद,135,59,Female,False,0.022,False,False,नाम : अफसरा | पति का नाम: शहीद | फोटो उपलब्ध है | मकान संख्या : 135 | आयु : 59 लिंग : महिला
2026-EROLLGEN-S24-86-SIR-FinalRoll-Revision1-HIN-17-WI.pdf,86,17,20,9,519,,519,519,UP/70/355/0030079,महाराजउद्ीन,FATHER,अजीज,136,57,Male,False,0.0215,False,False,नाम : महाराजउद्ीन | पिता का नाम: अजीज | फोटो उपलब्थ है | मकान संख्या : 136 | आयु 57 लिंग : पुरुष
2026-EROLLGEN-S24-86-SIR-FinalRoll-Revision1-HIN-17-WI.pdf,86,17,20,10,520,,520,520,CTV2044923,मखमल,HUSBAND,पति सकीउददीन,136,56,Female,False,0.0235,False,False,"नाम : मखमल | पति सकीउददीन | का नाम: | फोटो उपलब्ध है | मकान संख्या : 136 | आयु ं,56 लिंग : महिला"
2026-EROLLGEN-S24-86-SIR-FinalRoll-Revision1-HIN-17-WI.pdf,86,17,20,11,521,,521,521,CTV3134178,मुत्रा,FATHER,अज़ीज़,136,56,Male,False,0.0243,False,False,नाम : मुत्रा | पिता नाम: अज़ीज़ | का | फोटो उपलब्ध है | मकान संख्या: 136 | आयु : 56 लिंग : पुरुष
2026-EROLLGEN-S24-86-SIR-FinalRoll-Revision1-HIN-17-WI.pdf,86,17,20,12,522,,522,522,CTV2658540,रहाना,HUSBAND,पति महराजदीन,136,,,False,0.0216,False,True,नाम : रहाना | पति महराजदीन | का नाम: | फोटो उपलब्ध है | मकान संख्या : 136 | 55 लिंग महिला | आयु
2026-EROLLGEN-S24-86-SIR-FinalRoll-Revision1-HIN-17-WI.pdf,86,17,20,13,523,,523,523,UP/70/355/0030080,वकील,FATHER,अजीज,136,53,Male,False,0.0191,False,False,नाम: वकील | पिता का नाम: अजीज | फोटो उपलब्ध व है | मकान संख्या : 136 | आयु ं53 लिंग : पुरुष
2026-EROLLGEN-S24-86-SIR-FinalRoll-Revision1-HIN-17-WI.pdf,86,17,20,14,524,,524,524,UP/70/355/0030081,सकील,FATHER,अजीज,136,51,Male,False,0.0229,False,False,नाम : सकील | पिता का नाम: अजीज | फोटो उपलब्ध tc | मकान संख्या : 136 | आयु : : 51 लिंग : पुरुष
2026-EROLLGEN-S24-86-SIR-FinalRoll-Revision1-HIN-17-WI.pdf,86,17,20,15,525,,525,525,CTV3318631,केशर,HUSBAND,मकसुअल,136,50,Female,False,0.0171,False,False,नाम : केशर | पति का नाम: मकसुअल | फोटो उपलब्ध है | मकान संख्या : 136 | आयु: 50 लिंग : महिला
2026-EROLLGEN-S24-86-SIR-FinalRoll-Revision1-HIN-17-WI.pdf,86,17,20,16,526,,526,526,CTV3134152,प्पू,FATHER,चिरागुद्वीन,136,44,Male,False,0.0239,False,False,नाम : प्पू | पिता का नाम: चिरागुद्वीन | फोटो उपलब्ध है | मकान संख्या 136 | आयु 44 लिंग  : पुरुष
2026-EROLLGEN-S24-86-SIR-FinalRoll-Revision1-HIN-17-WI.pdf,86,17,20,17,527,,527,527,CTV3134111,सीमा,HUSBAND,वकील,136,43,Female,False,0.0261,False,False,नाम : सीमा | पति का नाम: वकील | फोटो उपलब्ध है | मकान संख्या: 136 | आयु 43 लिंग : महिला
2026-EROLLGEN-S24-86-SIR-FinalRoll-Revision1-HIN-17-WI.pdf,86,17,20,18,528,,528,528,CTV3309010,रेश्मा,HUSBAND,पप्पू,136,42,Female,False,0.0227,False,False,नाम : रेश्मा | पति का नाम:  पप्पू | फोटो उपलब्ध है[ | मकान संख्या :136 | आयु 42 लिंग : महिला
2026-EROLLGEN-S24-86-SIR-FinalRoll-Revision1-HIN-17-WI.pdf,86,17,20,19,529,,529,529,CTV3166113,भोलू,FATHER,चिरागुद्वीन,136,38,Male,False,0.022,False,False,नाम: भोलू | पिता नाम: चिरागुद्वीन | का | फोटो उपलब्ध है | मकान संख्या : 136 | आयु : 38 लिंग  : पुरुष
2026-EROLLGEN-S24-86-SIR-FinalRoll-Revision1-HIN-17-WI.pdf,86,17,20,20,530,,530,530,ZSY0230441,नकिम,FATHER,शकील,136,37,Male,False,0.0249,False,False,नाम : नकिम | पिता का  नाम: शकील | फोटो उपलब्ध है | मकान संख्या: 136 | आयु : 37 लिंग : पुरुष
2026-EROLLGEN-S24-86-SIR-FinalRoll-Revision1-HIN-17-WI.pdf,86,17,20,21,531,,531,531,ZSY0237206,असलम,FATHER,श्री चिरागुद्वीन,136,37,Male,False,0.023,False,False,नाम : असलम | पिता का नाम: श्री चिरागुद्वीन | फोटो उपलब्ध है | मकान संख्या : 136 | आयु : 37 लिंग : पुरुष
2026-EROLLGEN-S24-86-SIR-FinalRoll-Revision1-HIN-17-WI.pdf,86,17,20,22,532,,532,532,ZSY2512317,कदीर कुरैेशी,FATHER,शकील कुरेशी,136,37,Male,False,0.0257,False,False,नाम: कदीर कुरैेशी | पिता का नाम: शकील कुरेशी | फोटो उपलब्थ है | मकान संख्या : 136 | आयु 37 लिंग : पुरुष
2026-EROLLGEN-S24-86-SIR-FinalRoll-Revision1-HIN-17-WI.pdf,86,17,20,23,# 533,,533,533,ZSY0976548,अकरम,FATHER,मेहराजउदह्वीन,136,33,Male,False,0.0273,False,False,नाम : अकरम | पिता का  नाम: मेहराजउदह्वीन | फोटो उपलब्थ है | मकान संख्या : 136 | आयु : 33 लिंग : पुरुष
2026-EROLLGEN-S24-86-SIR-FinalRoll-Revision1-HIN-17-WI.pdf,86,17,20,24,534,,534,534,ZSY3427531,चांदनी,HUSBAND,क्रादिर कुरेशी,136,29,Female,False,0.0234,False,False,नाम : चांदनी | पति का नाम: क्रादिर कुरेशी | फोटो उपलब्थ है | मकान संख्या : 136 | आयु: : 29 लिंग : महिला
2026-EROLLGEN-S24-86-SIR-FinalRoll-Revision1-HIN-17-WI.pdf,86,17,20,25,535,,535,535,ZSY3465374,साहिल,FATHER,,136,22,Male,False,0.023,False,True,नाम : साहिल | पिता का नाम: | मुन्ञा | फोटो उपलब्ध है[ | मकान संख्या : 136 | आयु : 22 लिंग : पुरुष
2026-EROLLGEN-S24-86-SIR-FinalRoll-Revision1-HIN-17-WI.pdf,86,17,20,26,536,,536,536,ZSY1568161,गुडिया,FATHER,शकील,००,32,Female,False,0.0272,False,False,"नाम : गुडिया | पिता का नाम: शकील | फोटो उपलब्ध है | मकान संख्या: ०० | आयु ं, 32 लिंग : महिला"
2026-EROLLGEN-S24-86-SIR-FinalRoll-Revision1-HIN-17-WI.pdf,86,17,20,27,537,,537,537,CTV2044931,,HUSBAND,,138,67,Female,False,0.0228,False,True,नाम : | मखमल | पति का नाम: | मुत्रा | फोटो उपलब्ध है | मकान संख्या : 138 | आयु 67 लिंग : महिला
2026-EROLLGEN-S24-86-SIR-FinalRoll-Revision1-HIN-17-WI.pdf,86,17,20,28,538],,538,538,ZSY1946318,नकीम,FATHER,मुन्ना,१३८,45,Male,False,0.0173,False,False,नाम : नकीम | पिता का नाम: मुन्ना | फोटो उपलब्थ है | मकान संख्या : १३८ | आयु: : 45 लिंग : पुरुष
2026-EROLLGEN-S24-86-SIR-FinalRoll-Revision1-HIN-17-WI.pdf,86,17,20,29,539,,539,539,ZSY1946359,मुनब्बर,HUSBAND,नकीम,१३८,४२,Female,False,0.022,False,False,नाम : मुनब्बर | पति से का नाम: नकीम | फोटो उपलब्थ है | मकान संख्या : १३८ | आयु : ४२ लिंग : महिला
2026-EROLLGEN-S24-86-SIR-FinalRoll-Revision1-HIN-17-WI.pdf,86,17,20,30,540,,540,540,ZSY1946326,सायरा,HUSBAND,मुकीम,१३८,40,Female,False,0.0171,False,False,नाम : सायरा | पति का नाम: मुकीम | फोटो उपलब्ध है | मकान संख्या : १३८ | आयु: 40 लिंग : महिला
2026-EROLLGEN-S24-86-SIR-FinalRoll-Revision1-HIN-17-WI.pdf,86,17,21,1,541,,541,541,ZSY0230516,बन्ट्ू,FATHER,मुत्रा,138,38,Male,False,0.021,False,False,नाम : बन्ट्ू | पिता का नाम: मुत्रा | फोटो उपलब्थ है | मकान संख्या : 138 | आयु: 38 8 लिंग : पुरुष
2026-EROLLGEN-S24-86-SIR-FinalRoll-Revision1-HIN-17-WI.pdf,86,17,21,2,542,,542,542,ZSY1567239,गुडडा,FATHER,मुस्ताक,0०,36,Male,False,0.0255,False,False,नाम : गुडडा | पिता का नाम:  मुस्ताक | फोटो उपलब्थ है | मकान संख्या: 0० | आयु : 36 लिंग : पुरुष
2026-EROLLGEN-S24-86-SIR-FinalRoll-Revision1-HIN-17-WI.pdf,86,17,21,3,543,,543,543,ZSY0976563,साकिर,FATHER,: स्व.मुत्रा,138,35,Male,False,0.0221,False,False,नाम : साकिर | पिता का नाम: : स्व.मुत्रा | फोटो उपलब्थ है | मकान संख्या : 138 | आयु: 35 लिंग : पुरुष
2026-EROLLGEN-S24-86-SIR-FinalRoll-Revision1-HIN-17-WI.pdf,86,17,21,4,544,,544,544,ZSY3427721,साविर,,,138,31,Female,False,0.0229,False,True,नाम : साविर | माता का नाम: मखवल | फोटो उपलब्ध है[ | मकान संख्या: 138 | आयु : 31 लिंग : महिला
2026-EROLLGEN-S24-86-SIR-FinalRoll-Revision1-HIN-17-WI.pdf,86,17,21,5,545,,545,545,ZSY3427788,सोनम,FATHER,मंसूर,139,२7,Female,False,0.0264,False,False,नाम : सोनम | पिता का नाम: मंसूर | फोटो उपलब्ध है | मकान संख्या: 139 | आयु :  : २7 लिंग : महिला
2026-EROLLGEN-S24-86-SIR-FinalRoll-Revision1-HIN-17-WI.pdf,86,17,21,6,546,,546,546,ZSY2335628,मिस्टर,FATHER,मंसूर,139,25,Female,False,0.0223,False,False,नाम :  मिस्टर | पिता का नाम: मंसूर | फोटो उपलब्ध है[ | मकान संख्या : 139 | आयु : 25 लिंग : महिला
2026-EROLLGEN-S24-86-SIR-FinalRoll-Revision1-HIN-17-WI.pdf,86,17,21,7,547,,547,547,ZSY1264209,ईंशुब,FATHER,मिन्नी,140,35,Male,False,0.0174,False,False,नाम : ईंशुब | पिता का नाम: मिन्नी | फोटो उपलब्थ है | मकान संख्या : 140 | आयु: 35 लिंग : पुरुष
2026-EROLLGEN-S24-86-SIR-FinalRoll-Revision1-HIN-17-WI.pdf,86,17,21,8,548,,548,548,ZSY1264365,सलमान,FATHER,मिन्नी,140,33,Male,False,0.0219,False,False,नाम : सलमान | पिता का नाम: मिन्नी | फोटो उपलब्ध है | मकान संख्या : 140 | आयु : 33 लिंग : पुरुष
2026-EROLLGEN-S24-86-SIR-FinalRoll-Revision1-HIN-17-WI.pdf,86,17,21,9,549,,549,549,ZSY2853521,फरईम,FATHER,खान,140,30,Male,False,0.0177,False,False,नाम : फरईम | पिता का नाम: खान | मुत्ञा | फोटो उपलब्ध है | मकान संख्या : 140 | आयु 30 लिंग : पुरुष
2026-EROLLGEN-S24-86-SIR-FinalRoll-Revision1-HIN-17-WI.pdf,86,17,21,10,550,,550,550,ZSY1600204,सत्तार,FATHER,पिता का इलाहीबक्स,140/472,,,False,0.0237,False,True,नाम : सत्तार | पिता का इलाहीबक्स | नाम: | फोटो उपलब्ध है | मकान संख्या 140/472 | : 55 लिंग : पुरुष | आयु
2026-EROLLGEN-S24-86-SIR-FinalRoll-Revision1-HIN-17-WI.pdf,86,17,21,11,551,,551,551,ZSY1600212,अमीना,HUSBAND,पति का,140/472,52,Female,False,0.0245,False,False,नाम : अमीना | पति का | नाम: सत्तार | फोटो उपलब्ध है | मकान संख्या: 140/472 | आयु : : 52 २ लिंग : महिला
2026-EROLLGEN-S24-86-SIR-FinalRoll-Revision1-HIN-17-WI.pdf,86,17,21,12,# 552,,552,552,ZSY2613008,ुन्री,HUSBAND,जाकिर,140/472,,,False,0.0227,False,True,नाम : ुन्री | पति : जाकिर | का नाम: | फोटो उपलब्ध है | मकान संख्या :140/472 | : 33 लिंग : महिला | आयु
2026-EROLLGEN-S24-86-SIR-FinalRoll-Revision1-HIN-17-WI.pdf,86,17,21,13,553,,553,553,CTV2884716,सरवरी,HUSBAND,भूरा,142,73,Female,False,0.0167,False,False,नाम : सरवरी | पति ते का नाम: भूरा | फोटो उपलब्ध है | मकान संख्या : 142 | आयु: : 73 लिंग : महिला
2026-EROLLGEN-S24-86-SIR-FinalRoll-Revision1-HIN-17-WI.pdf,86,17,21,14,R 554,R,554,554,ZSY3704061,नाम रोनक,HUSBAND,मुशीर र,,23,,True,0.0339,False,True,"नाम रोनक | पति का नाम: मुशीर र | फोटो उपलब्ध है | मकान संख्या: | आयु ं, 23"
2026-EROLLGEN-S24-86-SIR-FinalRoll-Revision1-HIN-17-WI.pdf,86,17,21,15,555,,555,555,ZSY3704236,सोहिल,FATHER,भूरा,142,२0,Male,False,0.0169,False,False,नाम : सोहिल | पिता का नाम: भूरा | फोटो उपलब्ध है | मकान संख्या : 142 | आयु:  : २0 लिंग : पुरुष
2026-EROLLGEN-S24-86-SIR-FinalRoll-Revision1-HIN-17-WI.pdf,86,17,21,16,556,,556,556,ZSY0230524,गुलजार,FATHER,: श्री न्हे खां,143,51,Male,False,0.025,False,False,नाम : गुलजार | पिता का नाम: : श्री न्हे खां | फोटो उपलब्ध है | मकान संख्या : 143 | आयु : 51 लिंग : पुरुष
2026-EROLLGEN-S24-86-SIR-FinalRoll-Revision1-HIN-17-WI.pdf,86,17,21,17,557,,557,557,ZSY0237255,रेहना,HUSBAND,गुलजार र खोँ,143,45,Female,False,0.0276,False,False,नाम  : रेहना | पति का नाम: गुलजार र खोँ | फोटो उपलब्ध है | मकान संख्या 143 | आयु 45 लिंग : महिला
2026-EROLLGEN-S24-86-SIR-FinalRoll-Revision1-HIN-17-WI.pdf,86,17,21,18,558,,558,558,ZSY3862745,कु नाज़,FATHER,सलीम खान,143,25,Female,False,0.0244,False,False,नाम : कु नाज़ | पिता का नाम: सलीम खान | फोटो उपलब्ध है | मकान संख्या : 143 | आयु 25 लिंग : महिला
2026-EROLLGEN-S24-86-SIR-FinalRoll-Revision1-HIN-17-WI.pdf,86,17,21,19,559,,559,559,ZSY3856234,मुस्कान,FATHER,पिता,143,22,Female,False,0.0225,False,False,नाम: मुस्कान | पिता | का नाम: : गुलजार | फोटो उपलब्ध है | मकान संख्या : 143 | आयु : 22 लिंग : महिला
2026-EROLLGEN-S24-86-SIR-FinalRoll-Revision1-HIN-17-WI.pdf,86,17,21,20,560,,560,560,ZSY3862836,अरवाज़ खान,FATHER,सलीम खान,143,22,Male,False,0.0276,False,False,नाम : अरवाज़ खान | पिता का नाम: सलीम खान | फोटो उपलब्ध है | मकान संख्या: 143 | आयु : 22 लिंग : पुरुष
2026-EROLLGEN-S24-86-SIR-FinalRoll-Revision1-HIN-17-WI.pdf,86,17,21,21,561,,561,561,ZSY3844925,गुलजार,FATHER,पिता,143,20,Female,False,0.0217,False,False,सोनम | नाम: | पिता | का नाम: गुलजार | फोटो उपलब्ध है | मकान संख्या : 143 | आयु : 20 लिंग : महिला
2026-EROLLGEN-S24-86-SIR-FinalRoll-Revision1-HIN-17-WI.pdf,86,17,21,22,562,,562,562,CTV2890200,सूरज सिंह,,,1४४,91,Male,False,0.023,False,True,नाम : सूरज सिंह | अन्य: | नन्ू मल | फोटो उपलब्थ है | मकान संख्या: 1४४ | आयु : 91 लिंग : पुरुष
2026-EROLLGEN-S24-86-SIR-FinalRoll-Revision1-HIN-17-WI.pdf,86,17,21,23,563,,563,563,CTV2888501,बन्रो,FATHER,हकीम,1४4,76,Male,False,0.0249,False,False,नाम : बन्रो | पिता का नाम: हकीम | फोटो उपलब्थ है | मकान संख्या: 1४4 | आयु : 76 लिंग : पुरुष
2026-EROLLGEN-S24-86-SIR-FinalRoll-Revision1-HIN-17-WI.pdf,86,17,21,24,564,,564,564,ZSY1687615,शाबरा,HUSBAND,मुन्ना,144,7४,Female,False,0.0216,False,False,नाम: शाबरा | पति का नाम: मुन्ना | फोटो उपलब्थ है | मकान संख्या : 144 | आयु: 7४ लिंग : महिला
2026-EROLLGEN-S24-86-SIR-FinalRoll-Revision1-HIN-17-WI.pdf,86,17,21,25,565,,565,565,CTV2885549,लच्छो,HUSBAND,बन्नो,144,73,Female,False,0.0232,False,False,नाम  : लच्छो | पति का नाम: बन्नो | फोटो उपलब्ध है[ | मकान संख्या: 144 | आयु 73 लिंग : महिला
2026-EROLLGEN-S24-86-SIR-FinalRoll-Revision1-HIN-17-WI.pdf,86,17,21,26,566,,566,566,ZSY0245910,नाम राजेन्द्र सिंह,FATHER,बादाम सिंह,144,68,Male,False,0.0287,False,False,नाम राजेन्द्र सिंह | पिता का नाम: बादाम सिंह | फोटो उपलब्ध है | मकान संख्या: 144 | आयु 68 लिंग : पुरुष
2026-EROLLGEN-S24-86-SIR-FinalRoll-Revision1-HIN-17-WI.pdf,86,17,21,27,567,,567,567,ZSY0245951,नाम चन्द्रवती,HUSBAND,राजेन्द्र सिंह,144,56,Female,False,0.0252,False,False,नाम चन्द्रवती | पति का नाम: राजेन्द्र सिंह | फोटो उपलब्ध है | मकान संख्या : 144 | आयु 56 लिंग : महिला
2026-EROLLGEN-S24-86-SIR-FinalRoll-Revision1-HIN-17-WI.pdf,86,17,21,28,568,,568,568,CTV2886455,विद्या,HUSBAND,जगदीश,144,56,Female,False,0.0184,False,False,नाम: विद्या | पति का नाम: जगदीश | फोटो उपलब्थ है | मकान संख्या : 144 | आयु 56 लिंग : महिला
2026-EROLLGEN-S24-86-SIR-FinalRoll-Revision1-HIN-17-WI.pdf,86,17,21,29,569,,569,569,ZSY1947670,पुष्पा देवी,HUSBAND,चन्द्रवीर सिंह,१४४,54,Female,False,0.0237,False,False,नाम : पुष्पा देवी | पति का नाम: चन्द्रवीर सिंह | फोटो उपलब्थ है | मकान संख्या : १४४ | आयु : 54 लिंग : महिला
2026-EROLLGEN-S24-86-SIR-FinalRoll-Revision1-HIN-17-WI.pdf,86,17,21,30,570,,570,570,CTV2687556,खूवीराम,,,144,51,Male,False,0.0174,False,True,नाम : खूवीराम | अन्य:  डमू वर सिंह | फोटो उपलब्ध है | मकान संख्या : 144 | आयु : 51 लिंग : पुरुष
2026-EROLLGEN-S24-86-SIR-FinalRoll-Revision1-HIN-17-WI.pdf,86,17,22,1,571,,571,571,ZSY2512333,रहाना,HUSBAND,आमीन,144,51,Female,False,0.0216,False,False,नाम: रहाना | पति का नाम: आमीन | फोटो उपलब्थ है | मकान संख्या:144 | आयु : 51 लिंग : महिला
2026-EROLLGEN-S24-86-SIR-FinalRoll-Revision1-HIN-17-WI.pdf,86,17,22,2,572,,572,572,ZSY2613081,राजेश देवी,HUSBAND,जाफुर,144,51,Female,False,0.0258,False,False,नाम : राजेश देवी | पति का नाम: जाफुर | फोटो उपलब्थ है | मकान संख्या : 144 | आयु 51 लिंग : महिला
2026-EROLLGEN-S24-86-SIR-FinalRoll-Revision1-HIN-17-WI.pdf,86,17,22,3,573,,573,573,ZSY0245894,सन्तोष,HUSBAND,वीरेन्द्र सिंह,144,,,False,0.0224,False,True,नाम : सन्तोष | पति का नाम: वीरेन्द्र सिंह | फोटो उपलब्थ है | मकान संख्या : 144 | ४8 लिंग : महिला | आयु:
2026-EROLLGEN-S24-86-SIR-FinalRoll-Revision1-HIN-17-WI.pdf,86,17,22,4,574,,574,574,ZSY0245928,नाम धमैन्द्र सिंह,FATHER,राजेन्द्र सिंह,144,41,Male,False,0.0243,False,False,नाम धमैन्द्र सिंह | पिता का नाम: राजेन्द्र सिंह | फोटो उपलब्ध है[ | मकान संख्या : 144 | आयु 41 लिंग : पुरुष
2026-EROLLGEN-S24-86-SIR-FinalRoll-Revision1-HIN-17-WI.pdf,86,17,22,5,575,,575,575,ZSY0245936,श्रीमती धीरज सिंह,HUSBAND,पति का नामः धम्मन्द्र सिंह,1४4,40,Female,False,0.0295,False,False,नाम : श्रीमती धीरज सिंह | पति का नामः धम्मन्द्र सिंह | फोटो उपलब्ध है | मकान संख्या: 1४4 | आयु 40 लिंग : महिला
2026-EROLLGEN-S24-86-SIR-FinalRoll-Revision1-HIN-17-WI.pdf,86,17,22,6,576,,576,576,ZSY0976365,नाम आमीन खान,FATHER,पिता का नामः स्व. मोहम्मद,144,39,Male,False,0.0254,False,False,नाम आमीन खान | पिता का नामः स्व. मोहम्मद | नूर | फोटो उपलब्ध है | मकान संख्या : 144 | आयु : 39 लिंग : पुरुष
2026-EROLLGEN-S24-86-SIR-FinalRoll-Revision1-HIN-17-WI.pdf,86,17,22,7,577,,577,577,ZSY0245944,कर्मवीर सिंह,FATHER,राजेन्द्र सिंह,144,38,Male,False,0.0192,False,False,नाम : कर्मवीर सिंह | पिता का नाम: राजेन्द्र सिंह | फोटो उपलब्ध है | मकान संख्या : 144 | आयु 38 लिंग : पुरुष
2026-EROLLGEN-S24-86-SIR-FinalRoll-Revision1-HIN-17-WI.pdf,86,17,22,8,578,,578,578,ZSY0562868,जाकिर,FATHER,: चुत्ना खों,144,38,Male,False,0.0216,False,False,नाम : जाकिर | पिता का नाम: : चुत्ना खों | फोटो उपलब्ध है | मकान संख्या : 144 | आयु : :38 लिंग : पुरुष
2026-EROLLGEN-S24-86-SIR-FinalRoll-Revision1-HIN-17-WI.pdf,86,17,22,9,579,,579,579,CTV4608295,जाविद,FATHER,: चुन्ञा,144,37,Male,False,0.0164,False,False,नाम : जाविद | पिता का नाम: : चुन्ञा | फोटो उपलब्ध है | मकान संख्या : 144 | आयु: : 37 7 लिंग : पुरुष
2026-EROLLGEN-S24-86-SIR-FinalRoll-Revision1-HIN-17-WI.pdf,86,17,22,10,580,,580,580,ZSY0562934,नाम आजाद,FATHER,पिता मोहम्मद,144,,,False,0.0229,False,True,नाम आजाद | पिता मोहम्मद | का नाम: नूर | फोटो उपलब्ध है | मकान संख्या : 144 | : 35 लिंग : पुरुष | आयु
2026-EROLLGEN-S24-86-SIR-FinalRoll-Revision1-HIN-17-WI.pdf,86,17,22,11,581,,581,581,ZSY2613057,प्रीति जुरल,HUSBAND,कर्मवीर सिंह,1४४,35,Female,False,0.027,False,False,नाम : प्रीति जुरल | पति का नाम: कर्मवीर सिंह | फोटो उपलब्ध है | मकान संख्या: 1४४ | आयु : 35 लिंग : महिला
2026-EROLLGEN-S24-86-SIR-FinalRoll-Revision1-HIN-17-WI.pdf,86,17,22,12,582,,582,582,ZSY0976456,अहमद,FATHER,पिता,144,34,Male,False,0.0216,False,False,साकिर | नाम : अहमद | पिता | का नामः चुत्रा | फोटो उपलब्ध है | मकान संख्या : 144 | आयु : 34 लिंग : पुरुष
2026-EROLLGEN-S24-86-SIR-FinalRoll-Revision1-HIN-17-WI.pdf,86,17,22,13,583,,583,583,ZSY2613024,गुडिया,HUSBAND,: बल्लू खां,144,33,Female,False,0.0176,False,False,नाम : गुडिया | पति का नाम: : बल्लू खां | फोटो उपलब्ध है | मकान संख्या : 144 | आयु : 33 लिंग : महिला
2026-EROLLGEN-S24-86-SIR-FinalRoll-Revision1-HIN-17-WI.pdf,86,17,22,14,584,,584,584,ZSY3092251,सुल्ताना,FATHER,चुज्ञा,144,30,Female,False,0.021,False,False,नाम : सुल्ताना | पिता का नाम: चुज्ञा | फोटो उपलब्ध है | मकान संख्या : 144 | आयु : 30 लिंग : महिला
2026-EROLLGEN-S24-86-SIR-FinalRoll-Revision1-HIN-17-WI.pdf,86,17,22,15,585,,585,585,ZSY2613032,अफसाना,HUSBAND,म खांन,144,29,Female,False,0.0185,False,False,नाम: अफसाना | पति का नाम: म खांन | यूनूस | फोटो उपलब्ध है | मकान संख्या : 144 | आयु  29 लिंग : महिला
2026-EROLLGEN-S24-86-SIR-FinalRoll-Revision1-HIN-17-WI.pdf,86,17,22,16,586,,586,586,ZSY2614840,नाम गौरव सिंह,FATHER,चन्द्रवीर सिंह,144,28,Male,False,0.0258,False,False,नाम गौरव सिंह | पिता का नाम: चन्द्रवीर सिंह | फोटो उपलब्ध है | मकान संख्या : 144 | आयु 28 लिंग : पुरुष
2026-EROLLGEN-S24-86-SIR-FinalRoll-Revision1-HIN-17-WI.pdf,86,17,22,17,587,,587,587,ZSY3092285,नाम आसिफ,FATHER,बन्नेखान,144,25,Male,False,0.0267,False,False,नाम आसिफ | पिता का नाम: बन्नेखान | फोटो उपलब्ध है | मकान संख्या: 144 | आयु : 25 लिंग : पुरुष
2026-EROLLGEN-S24-86-SIR-FinalRoll-Revision1-HIN-17-WI.pdf,86,17,22,18,588,,588,588,ZSY3232287,नसरीन,FATHER,बन्ने खान,144,24,Female,False,0.0239,False,False,नाम : नसरीन | पिता का नाम: बन्ने खान | फोटो उपलब्ध है | मकान संख्या 1:144 | आयु 24 लिंग : महिला
2026-EROLLGEN-S24-86-SIR-FinalRoll-Revision1-HIN-17-WI.pdf,86,17,22,19,589,,589,589,ZSY1600006,रूबी,HUSBAND,: कासिम,144/80,42,Female,False,0.0223,False,False,नाम: रूबी | पति का नाम: : कासिम | फोटो उपलब्ध है | मकान संख्या : 144/80 | आयु े42 लिंग : महिला
2026-EROLLGEN-S24-86-SIR-FinalRoll-Revision1-HIN-17-WI.pdf,86,17,22,20,590,,590,590,ZSY2613040,सिधन बेगम,HUSBAND,नाजिम कुरेशी,144/80,39,Female,False,0.0286,False,False,नाम :सिधन बेगम | पति का नाम: नाजिम कुरेशी | फोटो उपलब्ध है | मकान संख्या : 144/80 | आयु : 39 लिंग • महिला
2026-EROLLGEN-S24-86-SIR-FinalRoll-Revision1-HIN-17-WI.pdf,86,17,22,21,591,,591,591,ZSY1600014,खालिद,FATHER,जहीर,144/80,34,Male,False,0.021,False,False,नाम : खालिद | पिता का नाम: जहीर | फोटो उपलब्ध है | मकान संख्या : 144/80 | आयु: : 34 लिंग : पुरुष
2026-EROLLGEN-S24-86-SIR-FinalRoll-Revision1-HIN-17-WI.pdf,86,17,22,22,592,,592,592,ZSY0976449,आविद अहमद,FATHER,,144/685,33,Male,False,0.0258,False,True,नाम: आविद अहमद | पिता का नाम: | चुन्रञा | फोटो उपलब्थ है | मकान संख्या: 144/685 | आयु 33 लिंग : पुरुष
2026-EROLLGEN-S24-86-SIR-FinalRoll-Revision1-HIN-17-WI.pdf,86,17,22,23,593,,593,593,ZSY0742676,मजीद,FATHER,: नुरमुहम्मद,145,31,Male,False,0.0253,False,False,नाम : मजीद | पिता का नाम: : नुरमुहम्मद | फोटो उपलब्थ है | मकान संख्या: 145 | आयु : 31 लिंग : पुरुष
2026-EROLLGEN-S24-86-SIR-FinalRoll-Revision1-HIN-17-WI.pdf,86,17,22,24,594,,594,594,ZSY1945880,रिजवान,FATHER,बबुआ,145,29,Male,False,0.0215,False,False,नाम : रिजवान | पिता का नाम: बबुआ | फोटो उपलब्थ है | मकान संख्या : 145 | आयु : 29 लिंग : पुरुष
2026-EROLLGEN-S24-86-SIR-FinalRoll-Revision1-HIN-17-WI.pdf,86,17,22,25,595,,595,595,ZSY0497404,जैतून,HUSBAND,शहीद,147,58,Female,False,0.0234,False,False,नाम : जैतून | पति का नाम: शहीद | फोटो उपलब्ध है[ | मकान संख्या : 147 | आयु : 58 लिंग : महिला
2026-EROLLGEN-S24-86-SIR-FinalRoll-Revision1-HIN-17-WI.pdf,86,17,22,26,596,,596,596,UP/70/355/0030084,नाम नूतन,HUSBAND,लाल,149,71,Female,False,0.0296,False,False,नाम नूतन | पति का नाम: लाल | मुहम्मद | फोटो उपलब्ध है[ | मकान संख्या 149 | आयु 71 लिंग : महिला
2026-EROLLGEN-S24-86-SIR-FinalRoll-Revision1-HIN-17-WI.pdf,86,17,22,27,# 597,,597,597,ZSY4352969,मटरू खा,FATHER,मुंशी,149,69,Male,False,0.0238,False,False,नाम : मटरू खा | पिता का नाम: मुंशी | फोटो उपलब्ध है | मकान संख्या : 149 | आयु 69 लिंग : पुरुष
2026-EROLLGEN-S24-86-SIR-FinalRoll-Revision1-HIN-17-WI.pdf,86,17,22,28,598,,598,598,CTV3165859,मुबीना,HUSBAND,शाहिद,149,63,Female,False,0.0185,False,False,नाम : मुबीना | पति का  नाम: शाहिद | फोटो उपलब्थ है | मकान संख्या : 149 | आयु: 63 लिंग : महिला
2026-EROLLGEN-S24-86-SIR-FinalRoll-Revision1-HIN-17-WI.pdf,86,17,22,29,599,,599,599,CTV2045508,सितारा,HUSBAND,शरीफ,149,61,Female,False,0.0225,False,False,नाम : सितारा | पति का नाम: शरीफ | फोटो उपलब्थ है | मकान संख्या : 149 | आयु : 61 लिंग : महिला
2026-EROLLGEN-S24-86-SIR-FinalRoll-Revision1-HIN-17-WI.pdf,86,17,22,30,600,,600,600,CTV1607928,सरीफ,,,149,49,Male,False,0.0156,False,True,नाम : सरीफ | अन्य: वसीरा | फोटो उपलब्ध है | मकान संख्या : 149 | आयु : 49 लिंग : पुरुष
2026-EROLLGEN-S24-86-SIR-FinalRoll-Revision1-HIN-17-WI.pdf,86,17,23,1,601,,601,601,CTV4608279,नाम आविद खा,FATHER,वसरुदह्टीन,149,49,Male,False,0.0233,False,False,नाम आविद खा | पिता का नाम: वसरुदह्टीन | फोटो उपलब्थ है | मकान संख्या : 149 | आयु 49 लिंग : पुरुष
2026-EROLLGEN-S24-86-SIR-FinalRoll-Revision1-HIN-17-WI.pdf,86,17,23,2,602,,602,602,ZSY0230490,नाम कदीर,FATHER,लाल मुहम्मद,149,48,Male,False,0.0259,False,False,नाम कदीर | पिता का नाम: लाल मुहम्मद | फोटो उपलब्थ है[ | मकान संख्या : 149 | आयु : 48 लिंग : पुरुष
2026-EROLLGEN-S24-86-SIR-FinalRoll-Revision1-HIN-17-WI.pdf,86,17,23,3,603,,603,603,ZSY0207605,बुलबुल,HUSBAND,आबिद,149,47,,False,0.0225,False,True,नाम : बुलबुल | पति का नाम:  आबिद | फोटो उपलब्थ है | मकान संख्या : 149 | लिंग : महिला | आयु: 47
2026-EROLLGEN-S24-86-SIR-FinalRoll-Revision1-HIN-17-WI.pdf,86,17,23,4,604,,604,604,CTV2045482,शाहिद,FATHER,वसीरा,149,45,Male,False,0.0223,False,False,नाम: शाहिद | पिता का नाम: वसीरा | फोटो उपलब्ध है[ | मकान संख्या : 149 | आयु 45 लिंग : पुरुष
2026-EROLLGEN-S24-86-SIR-FinalRoll-Revision1-HIN-17-WI.pdf,86,17,23,5,605,,605,605,CTV4608311,शकील,FATHER,वसीर खा,149,45,Male,False,0.026,False,False,नाम : शकील | पिता का नाम: वसीर खा | फोटो उपलब्ध है | मकान संख्या: 149 | आयु ं 45 लिंग : पुरुष
2026-EROLLGEN-S24-86-SIR-FinalRoll-Revision1-HIN-17-WI.pdf,86,17,23,6,606,,606,606,CTV4608352,पप्पू,FATHER,वसरुद्वीन,149,45,Male,False,0.0222,False,False,नाम : पप्पू | पिता का नाम: वसरुद्वीन | फोटो उपलब्ध है[ | मकान संख्या : 149 | आयु: 45 लिंग : पुरुष
2026-EROLLGEN-S24-86-SIR-FinalRoll-Revision1-HIN-17-WI.pdf,86,17,23,7,607,,607,607,CTV4608253,फ्रैजू़,FATHER,छोटे खा,149,४4,Male,False,0.0182,False,False,नाम : फ्रैजू़ | पिता ाका नाम: छोटे खा | फोटो उपलब्थध है | मकान संख्या : 149 | आयु: ४4 लिंग : पुरुष
2026-EROLLGEN-S24-86-SIR-FinalRoll-Revision1-HIN-17-WI.pdf,86,17,23,8,608,,608,608,CTV4608246,तरन्ठुम बेगम,HUSBAND,: फ्रैजू,149,४२,Female,False,0.0222,False,False,नाम : तरन्ठुम बेगम | पति का नाम: : फ्रैजू | फोटो उपलब्ध है | मकान संख्या : 149 | आयु : ४२ लिंग : महिला
2026-EROLLGEN-S24-86-SIR-FinalRoll-Revision1-HIN-17-WI.pdf,86,17,23,9,609,,609,609,ZSY0230474,तस्लीम बेगम,HUSBAND,जहीर,149,41,Female,False,0.0184,False,False,नाम : तस्लीम बेगम | पति का नाम: जहीर | फोटो उपलब्ध है | मकान संख्या : 149 | आयु: : 41 लिंग : महिला
2026-EROLLGEN-S24-86-SIR-FinalRoll-Revision1-HIN-17-WI.pdf,86,17,23,10,610,,610,610,CTV4608261,कलुआ,FATHER,छोटे खां,149,40,Male,False,0.0222,False,False,नाम : कलुआ | पिता का नाम: छोटे खां | फोटो उपलब्ध है | मकान संख्या : 149 | आयु: : 40 लिंग : पुरुष
2026-EROLLGEN-S24-86-SIR-FinalRoll-Revision1-HIN-17-WI.pdf,86,17,23,11,611,,611,611,CTV4608287,अफसाना,HUSBAND,साहिद,149,3९,Female,False,0.0249,False,False,नाम : अफसाना | पति का नाम: साहिद | फोटो उपलब्ध है | मकान संख्या: 149 | आयु : : 3९ लिंग : महिला
2026-EROLLGEN-S24-86-SIR-FinalRoll-Revision1-HIN-17-WI.pdf,86,17,23,12,612,,612,612,ZSY2614808,जरीना,HUSBAND,पति का जावेद,149,,,False,0.0209,False,True,जरीना | नाम : | पति का जावेद | नाम: | फोटो उपलब्ध है | मकान संख्या : 149 | 38 लिंग : महिला | आयु
2026-EROLLGEN-S24-86-SIR-FinalRoll-Revision1-HIN-17-WI.pdf,86,17,23,13,613,,613,613,ZSY0230508,जहीर,FATHER,लाल,149,37,Male,False,0.0187,False,False,नाम: जहीर | पिता का नाम: लाल | मुहम्मद | फोटो उपलब्ध है | मकान संख्या : 149 | आयु : 37 लिंग : पुरुष
2026-EROLLGEN-S24-86-SIR-FinalRoll-Revision1-HIN-17-WI.pdf,86,17,23,14,614,,614,614,ZSY0230482,नाम  अजीम,FATHER,लाल,149,36,Male,False,0.0223,False,False,नाम  अजीम | पिता का नाम: लाल | मुहम्मद | फोटो उपलब्ध है | मकान संख्या : 149 | आयु : 36 लिंग : पुरुष
2026-EROLLGEN-S24-86-SIR-FinalRoll-Revision1-HIN-17-WI.pdf,86,17,23,15,# 615,,615,615,CTV4608329,बसीम,FATHER,रशीद खान,149,35,Male,False,0.0168,False,False,नाम : बसीम | पिता का नाम: रशीद खान | फोटो उपलब्ध है | मकान संख्या : 149 | आयु : 35 लिंग : पुरुष
2026-EROLLGEN-S24-86-SIR-FinalRoll-Revision1-HIN-17-WI.pdf,86,17,23,16,616,,616,616,ZSY3091568,नाम 6 सीमा,HUSBAND,दानिश,149,35,Female,False,0.0231,False,False,नाम 6 सीमा | पति का नाम: दानिश | फोटो उपलब्ध है | मकान संख्या : 149 | आयु 35 लिंग : महिला
2026-EROLLGEN-S24-86-SIR-FinalRoll-Revision1-HIN-17-WI.pdf,86,17,23,17,617,,617,617,ZSY1947217,नाम रिहाना,FATHER,अजीम,१४९,34,Female,False,0.0264,False,False,नाम रिहाना | पिता का नाम: अजीम | फोटो उपलब्ध है | मकान संख्या: १४९ | आयु 34 लिंग : महिला
2026-EROLLGEN-S24-86-SIR-FinalRoll-Revision1-HIN-17-WI.pdf,86,17,23,18,618,,618,618,ZSY2614790,,HUSBAND,पप्पू,149,34,Female,False,0.0225,False,True,नाम : | लुवना | पति का नाम: पप्पू | फोटो उपलब्ध है | मकान संख्या : 149 | आयु 34 लिंग : महिला
2026-EROLLGEN-S24-86-SIR-FinalRoll-Revision1-HIN-17-WI.pdf,86,17,23,19,619,,619,619,ZSY2614758,शमा,HUSBAND,बसीम,149,32,Female,False,0.0207,False,False,नाम : शमा | पति का नाम: बसीम | फोटो उपलब्ध है | मकान संख्या : 149 | आयु: 32 लिंग : महिला
2026-EROLLGEN-S24-86-SIR-FinalRoll-Revision1-HIN-17-WI.pdf,86,17,23,20,620,,620,620,ZSY2865582,दानिश,FATHER,: जमील,१४९,31,Male,False,0.0255,False,False,दानिश | नाम : | पिता का नाम: : जमील | फोटो उपलब्ध है | मकान संख्या: १४९ | आयु : 31 लिंग : पुरुष
2026-EROLLGEN-S24-86-SIR-FinalRoll-Revision1-HIN-17-WI.pdf,86,17,23,21,621,,621,621,ZSY2860286,नाजिम,FATHER,जमील,१४९,28,Male,False,0.0209,False,False,नाम: नाजिम | पिता का नाम: जमील | फोटो उपलब्ध है | मकान संख्या :१४९ | आयु : 28 लिंग : पुरुष
2026-EROLLGEN-S24-86-SIR-FinalRoll-Revision1-HIN-17-WI.pdf,86,17,23,22,622,,622,622,ZSY2865574,सादान,FATHER,जमील,१४९,25,Male,False,0.0225,False,False,नाम : सादान | पिता का नाम: जमील | फोटो उपलब्थ है | मकान संख्या : १४९ | आयु : 25 लिंग : पुरुष
2026-EROLLGEN-S24-86-SIR-FinalRoll-Revision1-HIN-17-WI.pdf,86,17,23,23,623,,623,623,ZSY1566751,अखतरी,HUSBAND,रहीस,00,47,Female,False,0.026,False,False,नाम : अखतरी | पति का  नाम: रहीस | फोटो उपलब्थ है | मकान संख्या : 00 | आयु : 47 लिंग : महिला
2026-EROLLGEN-S24-86-SIR-FinalRoll-Revision1-HIN-17-WI.pdf,86,17,23,24,624,,624,624,UP/70/355/0030090,मुल्ला,FATHER,भोला,150,64,Male,False,0.0236,False,False,नाम : मुल्ला | पिता का नाम: भोला | फोटो उपलब्थ है | मकान संख्या : 150 | आयु : 64 लिं : पुरुष
2026-EROLLGEN-S24-86-SIR-FinalRoll-Revision1-HIN-17-WI.pdf,86,17,23,25,625,,625,625,ZSY2192706,मुवारीक,FATHER,साबिर,150,44,Male,False,0.0241,False,False,मुवारीक | नाम :  | पिता का नाम: साबिर | फोटो उपलब्ध है[ | मकान संख्या : 150 | आयु 44 लिंग : पुरुष
2026-EROLLGEN-S24-86-SIR-FinalRoll-Revision1-HIN-17-WI.pdf,86,17,23,26,626,,626,626,ZSY2613099,नाम,HUSBAND,मुबारिक,150,35,Female,False,0.0278,False,False,गुडिया | नाम | पति का नाम: मुबारिक | फोटो उपलब्ध है | मकान संख्या: 150 | आयु : 35 लिंग: महिला
2026-EROLLGEN-S24-86-SIR-FinalRoll-Revision1-HIN-17-WI.pdf,86,17,23,27,627,,627,627,ZSY3091543,समीना,FATHER,,150,26,Female,False,0.0233,False,True,नाम : समीना | पिता का नाम: | मुत्रा | फोटो उपलब्ध है | मकान संख्या : 150 | आयु 26 लिंग : महिला
2026-EROLLGEN-S24-86-SIR-FinalRoll-Revision1-HIN-17-WI.pdf,86,17,23,28,628,,628,628,ZSY3232279,सोनिया,FATHER,मुत्ञा,150,२४,Female,False,0.0175,False,False,नाम : सोनिया | पिता का नाम: मुत्ञा | फोटो उपलब्थ है | मकान संख्या : 150 | आयु: : २४ लिंग : महिला
2026-EROLLGEN-S24-86-SIR-FinalRoll-Revision1-HIN-17-WI.pdf,86,17,23,29,629,,629,629,ZSY3961976,रिहान,FATHER,मुत्रा,150,20,Male,False,0.0213,False,False,नाम : रिहान | पिता का नाम: मुत्रा | फोटो उपलब्थ है | मकान संख्या : 150 | आयु 20 लिंग : पुरुष
2026-EROLLGEN-S24-86-SIR-FinalRoll-Revision1-HIN-17-WI.pdf,86,17,23,30,# 630,,630,630,ZSY0009316,इब्राहीम,FATHER,नत्था,151,45,Male,False,0.0174,False,False,नाम : इब्राहीम | पिता का नाम: नत्था | फोटो उपलब्ध है | मकान संख्या : 151 | आयु : 45 लिंग : पुरुष
2026-EROLLGEN-S24-86-SIR-FinalRoll-Revision1-HIN-17-WI.pdf,86,17,24,1,631,,631,631,ZSY0009324,सितारा,HUSBAND,इब्रहीम,151,42,,False,0.0224,False,True,नाम : सितारा | पति का नाम: इब्रहीम | फोटो उपलब्थ है | मकान संख्या: 151 | लिंग : महिला | आयु: 42
2026-EROLLGEN-S24-86-SIR-FinalRoll-Revision1-HIN-17-WI.pdf,86,17,24,2,632,,632,632,ZSY0009274,नाम . आजाद,FATHER,:नत्था,151,39,Male,False,0.0254,False,False,नाम . आजाद | पिता का नाम: :नत्था | फोटो उपलब्थ है[ | मकान संख्या: 151 | आयु : : 39 लिंग : पुरुष
2026-EROLLGEN-S24-86-SIR-FinalRoll-Revision1-HIN-17-WI.pdf,86,17,24,3,633,,633,633,ZSY0009290,नाम फैसल अहमद,FATHER,पिता का नामः इस्माइल,151,39,Male,False,0.023,False,False,नाम फैसल अहमद | पिता का नामः इस्माइल | फोटो उपलब्थ है | मकान संख्या : 151 | आयु 39 लिंग : पुरुष
2026-EROLLGEN-S24-86-SIR-FinalRoll-Revision1-HIN-17-WI.pdf,86,17,24,4,634,,634,634,ZSY0009282,आमिर,FATHER,नत्था,151,37,Male,False,0.0217,False,False,नाम : आमिर | पिता का नाम: नत्था | फोटो उपलब्ध है[ | मकान संख्या: 151 | आयु : 37 लिंग : पुरुष
2026-EROLLGEN-S24-86-SIR-FinalRoll-Revision1-HIN-17-WI.pdf,86,17,24,5,635,,635,635,ZSY3090487,जाविद,FATHER,इस्माइल,151,35,Male,False,0.0258,False,False,नाम : जाविद | पिता का नाम: इस्माइल | फोटो उपलब्ध है | मकान संख्या: 151 | आयु : 35 लिंग : पुरुष
2026-EROLLGEN-S24-86-SIR-FinalRoll-Revision1-HIN-17-WI.pdf,86,17,24,6,636,,636,636,ZSY2613123,नाम आसमीन,FATHER,फहीम,151,32,Female,False,0.0222,False,False,नाम आसमीन | पिता का नाम: फहीम | फोटो उपलब्ध है | मकान संख्या : 151 | आयु 32 लिंग :  महिला
2026-EROLLGEN-S24-86-SIR-FinalRoll-Revision1-HIN-17-WI.pdf,86,17,24,7,637,,637,637,ZSY3736063,नाज़मीन,FATHER,जुबेर,151,28,Female,False,0.0183,False,False,नाम : नाज़मीन | पिता का नाम: जुबेर | फोटो उपलब्थ है | मकान संख्या T: 151 | आयु 28 लिंग : महिला
2026-EROLLGEN-S24-86-SIR-FinalRoll-Revision1-HIN-17-WI.pdf,86,17,24,8,638,,638,638,ZSY3736543,शुमाईला,FATHER,इस्माइल,151,28,Female,False,0.0226,False,False,नाम : शुमाईला | पिता का नाम: इस्माइल | फोटो उपलब्ध है | मकान संख्या : 151 | आयु 28 लिंग : महिला
2026-EROLLGEN-S24-86-SIR-FinalRoll-Revision1-HIN-17-WI.pdf,86,17,24,9,639,,639,639,ZSY3723913,अरसला,FATHER,इब्राहिम,151,24,Female,False,0.0177,False,False,नाम: अरसला | पिता का नाम: इब्राहिम | फोटो उपलब्ध है | मकान संख्या : 151 | आयु: 24 लिंग : महिला
2026-EROLLGEN-S24-86-SIR-FinalRoll-Revision1-HIN-17-WI.pdf,86,17,24,10,640,,640,640,ZSY2613131,नसीम,HUSBAND,पति का,154,37,Female,False,0.0206,False,False,नाम : नसीम | पति का | नाम: इरसाद | फोटो उपलब्ध है | मकान संख्या : 154 | आयु : 37 लिंग : महिला
2026-EROLLGEN-S24-86-SIR-FinalRoll-Revision1-HIN-17-WI.pdf,86,17,24,11,641,,641,641,CTV3317427,कृष्णा देवी,HUSBAND,रविन्द सिंह,160,६5,Female,False,0.0269,False,False,नाम : कृष्णा देवी | पति तेका नाम: रविन्द सिंह | फोटो उपलब्ध है | मकान संख्या: 160 | आयु : ६5 लिंग : महिला
2026-EROLLGEN-S24-86-SIR-FinalRoll-Revision1-HIN-17-WI.pdf,86,17,24,12,642,,642,642,ZSY0237313,सहारा,HUSBAND,पति का साकिर,160,,,False,0.0214,False,True,बानो | नाम : सहारा | पति का साकिर | नाम: | फोटो उपलब्ध है | मकान संख्या : 160 | 49 लिंग : महिला | आयु:
2026-EROLLGEN-S24-86-SIR-FinalRoll-Revision1-HIN-17-WI.pdf,86,17,24,13,643,,643,643,CTV3317716,विजेन्द्र सिंह,FATHER,रवि्द्र सिंह,160,42,Male,False,0.0182,False,False,नाम : विजेन्द्र सिंह | पिता का नाम: रवि्द्र सिंह | फोटो उपलब्ध है | मकान संख्या : 160 | आयु 42 लिंग : पुरुष
2026-EROLLGEN-S24-86-SIR-FinalRoll-Revision1-HIN-17-WI.pdf,86,17,24,14,644,,644,644,ZSY0009258,मीना,HUSBAND,सकील खान,170,53,Female,False,0.0224,False,False,नाम : मीना | पति का नाम: सकील खान | फोटो उपलब्ध है | मकान संख्या : 170 | आयु: 53 लिंग: महिला
2026-EROLLGEN-S24-86-SIR-FinalRoll-Revision1-HIN-17-WI.pdf,86,17,24,15,645,,645,645,ZSY0742635,सन्तोष सिंह,FATHER,रमेश चन्द्र,174,42,Male,False,0.018,False,False,नाम : सन्तोष सिंह | पिता का नाम: रमेश चन्द्र | फोटो उपलब्ध है | मकान संख्या : 174 | आयु 42 लिंग : पुरुष
2026-EROLLGEN-S24-86-SIR-FinalRoll-Revision1-HIN-17-WI.pdf,86,17,24,16,646,,646,646,ZSY4030904,सनी कुरेशी,FATHER,मुज्ञा कुरेशी,179,28,Male,False,0.0256,False,False,नाम : सनी कुरेशी | पिता का नाम: मुज्ञा कुरेशी | फोटो उपलब्ध है | मकान संख्या : 179 | आयु 28 लिंग : पुरुष
2026-EROLLGEN-S24-86-SIR-FinalRoll-Revision1-HIN-17-WI.pdf,86,17,24,17,647,,647,647,ZSY3639549,अरशी,FATHER,पिता का,185,२३,Female,False,0.0272,False,False,नाम : अरशी | पिता का | नाम: गु्र | फोटो उपलब्ध है | मकान संख्या: 185 | आयु : २३ लिंग : महिला
2026-EROLLGEN-S24-86-SIR-FinalRoll-Revision1-HIN-17-WI.pdf,86,17,24,18,648,,648,648,ZSY3639606,समीर,FATHER,,185,21,Male,False,0.0225,False,True,नाम : समीर | पिता का नाम: |  गुषहू्र | फोटो उपलब्ध है | मकान संख्या : 185 | आयु: 21 लिंग : पुरुष
2026-EROLLGEN-S24-86-SIR-FinalRoll-Revision1-HIN-17-WI.pdf,86,17,24,19,649,,649,649,ZSY0237412,गब्बर,FATHER,सिरोजू,230,38,Male,False,0.0221,False,False,नाम : गब्बर | पिता का नाम: सिरोजू | फोटो उपलब्ध है | मकान संख्या : 230(2) | आयु : 38 लिंग : पुरुष
2026-EROLLGEN-S24-86-SIR-FinalRoll-Revision1-HIN-17-WI.pdf,86,17,24,20,650,,650,650,ZSY2512283,नदीम,FATHER,पिता का,233,37,Male,False,0.0254,False,False,नाम : नदीम | पिता का | नाम: शहजाद | फोटो उपलब्ध है | मकान संख्या : 233 | आयु: 37 लिंग : पुरुष
2026-EROLLGEN-S24-86-SIR-FinalRoll-Revision1-HIN-17-WI.pdf,86,17,24,21,651,,651,651,ZSY2512192,इमरान,FATHER,पिता का,२३३,33,Male,False,0.0218,False,False,नाम : इमरान | पिता का | नाम: शहजाद | फोटो उपलब्ध है | मकान संख्या : २३३ | आयु : 33 लिंग : पुरुष
2026-EROLLGEN-S24-86-SIR-FinalRoll-Revision1-HIN-17-WI.pdf,86,17,24,22,652,,652,652,ZSY2512267,मेहजबी,HUSBAND,नदीम,233,30,Female,False,0.0233,False,False,नाम : मेहजबी | पति का नाम: नदीम | फोटो उपलब्थ है | मकान संख्या : 233 | आयु : 30 लिंग : महिला
2026-EROLLGEN-S24-86-SIR-FinalRoll-Revision1-HIN-17-WI.pdf,86,17,24,23,653,,653,653,CTV2687994,निजमुददीन,FATHER,मोहम्मद,240,66,Male,False,0.0272,False,False,नाम : निजमुददीन | पिता का नाम: मोहम्मद | फोटो उपलब्थ है | मकान संख्या : 240 | आयु ं: 66 लिंग : पुरुष
2026-EROLLGEN-S24-86-SIR-FinalRoll-Revision1-HIN-17-WI.pdf,86,17,24,24,654,,654,654,ZSY1947209,भूरा,FATHER,जेनू,२४०,64,Male,False,0.0207,False,False,नाम : भूरा | पिता का नाम: जेनू | फोटो उपलब्थ है | मकान संख्या : २४० | आयु : 64 लिंग : पुरुष
2026-EROLLGEN-S24-86-SIR-FinalRoll-Revision1-HIN-17-WI.pdf,86,17,24,25,655,,655,655,ZSY2512176,नाम E अकील,FATHER,सत्तार,२४०,57,Male,False,0.0232,False,False,नाम E अकील | पिता का नाम: सत्तार | फोटो उपलब्ध है[ | मकान संख्या : २४० | आयु : 57 लिंग : पुरुष
2026-EROLLGEN-S24-86-SIR-FinalRoll-Revision1-HIN-17-WI.pdf,86,17,24,26,656,,656,656,ZSY3759461,नाम सलीम,FATHER,नथी खान,240,57,Male,False,0.0275,False,False,नाम सलीम | पिता का नाम: नथी खान | फोटो उपलब्ध है | मकान संख्या: 240 | आयु 57 लिंग : पुरुष
2026-EROLLGEN-S24-86-SIR-FinalRoll-Revision1-HIN-17-WI.pdf,86,17,24,27,657,,657,657,ZSY1945492,नाम गबरूटद्ीन,FATHER,मौहम्मद,२४०,54,Male,False,0.0242,False,False,नाम गबरूटद्ीन | पिता का नाम: मौहम्मद | फोटो उपलब्ध है | मकान संख्या : २४० | आयु : 54 लिंग : पुरुष
2026-EROLLGEN-S24-86-SIR-FinalRoll-Revision1-HIN-17-WI.pdf,86,17,24,28,658,,658,658,ZSY0373548,आसीन,FATHER,जम्मा,240,48,Male,False,0.0182,False,False,नाम: आसीन | पिता का नाम: जम्मा | फोटो उपलब्थ है | मकान संख्या : 240 | आयु: े 48 लिंग : पुरुष
2026-EROLLGEN-S24-86-SIR-FinalRoll-Revision1-HIN-17-WI.pdf,86,17,24,29,# 659,,659,659,ZSY3759479,गुड़ो बोगम,,,240,47,Female,False,0.0226,False,True,नाम : गुड़ो बोगम | अन्य: सलीम | फोटो उपलब्थ है | मकान संख्या : 240 | आयु : 47 लिंग : महिला
2026-EROLLGEN-S24-86-SIR-FinalRoll-Revision1-HIN-17-WI.pdf,86,17,24,30,660,,660,660,CTV3100740,रइस्स,FATHER,इदू,240,4६,Male,False,0.0164,False,False,नाम : रइस्स | पिता का नाम: इदू | फोटो उपलब्ध है | मकान संख्या : 240 | आयु : 4६ लिंग : पुरुष
2026-EROLLGEN-S24-86-SIR-FinalRoll-Revision1-HIN-17-WI.pdf,86,17,25,1,661,,661,661,CTV2686699,गुडड्,FATHER,मोहम्मद,240,46,Male,False,0.0225,False,False,नाम : गुडड् | पिता का नाम: मोहम्मद | फोटो उपलब्थ है | मकान संख्या :240 | आयु: 46 लिंग : पुरुष
2026-EROLLGEN-S24-86-SIR-FinalRoll-Revision1-HIN-17-WI.pdf,86,17,25,2,662,,662,662,ZSY0976605,शाहरुख,FATHER,भूरा,240,34,Male,False,0.0261,False,False,नाम : शाहरुख | पिता का नाम: भूरा | फोटो उपलब्थ है | मकान संख्या : 240 | आयु : 34 लिंग : पुरुष
2026-EROLLGEN-S24-86-SIR-FinalRoll-Revision1-HIN-17-WI.pdf,86,17,25,3,663,,663,663,ZSY1946011,समीर,FATHER,भूरा,२४०,3२,Male,False,0.02,False,False,नाम : समीर | पिता का नाम: भूरा | फोटो उपलब्थ है | मकान संख्या : २४० | आयु: 3२ लिंग : पुरुष
2026-EROLLGEN-S24-86-SIR-FinalRoll-Revision1-HIN-17-WI.pdf,86,17,25,4,664,,664,664,ZSY3091337,सोनम,HUSBAND,शाहरुख,240,31,Female,False,0.0226,False,False,नाम : सोनम | पति का नाम: शाहरुख | फोटो उपलब्ध है[ | मकान संख्या : 240 | आयु : 31 लिंग : महिला
2026-EROLLGEN-S24-86-SIR-FinalRoll-Revision1-HIN-17-WI.pdf,86,17,25,5,665,,665,665,ZSY3105897,असलम,FATHER,रईस,240,30,Male,False,0.0257,False,False,नाम : असलम | पिता का नाम: रईस | फोटो उपलब्ध है | मकान संख्या: 240 | आयु : 30 लिंग : पुरुष
2026-EROLLGEN-S24-86-SIR-FinalRoll-Revision1-HIN-17-WI.pdf,86,17,25,6,666,,666,666,ZSY3733466,नाम - रेखा खान,HUSBAND,पति का नामः आशिफ खान,240,30,Female,False,0.0243,False,False,नाम - रेखा खान | पति का नामः आशिफ खान | फोटो उपलब्ध है[ | मकान संख्या : 240 | आयु 30 लिंग : महिला
2026-EROLLGEN-S24-86-SIR-FinalRoll-Revision1-HIN-17-WI.pdf,86,17,25,7,667,,667,667,ZSY3091329,आमरीन,HUSBAND,: समीर,240,29,Female,False,0.0178,False,False,नाम : आमरीन | पति का नाम: : समीर | फोटो उपलब्थध है | मकान संख्या : 240 | आयु 29 लिंग : महिला
2026-EROLLGEN-S24-86-SIR-FinalRoll-Revision1-HIN-17-WI.pdf,86,17,25,8,668,,668,668,ZSY3732757,मौहम्मद हनीफ़ करेशी,FATHER,यासीन कुरेशी,240,29,Male,False,0.0251,False,False,नाम : मौहम्मद हनीफ़ करेशी | पिता का नाम: यासीन कुरेशी | फोटो उपलब्ध है | मकान संख्या : 240 | आयु ं 29 लिंग : पुरुष
2026-EROLLGEN-S24-86-SIR-FinalRoll-Revision1-HIN-17-WI.pdf,86,17,25,9,669,,669,669,ZSY3232212,मुसेक,FATHER,ं: भूरा,240,26,Male,False,0.0165,False,False,नाम : मुसेक | पिता का नाम: ं: भूरा | फोटो उपलब्ध है | मकान संख्या : 240 | आयु : 26 लिं : पुरुष
2026-EROLLGEN-S24-86-SIR-FinalRoll-Revision1-HIN-17-WI.pdf,86,17,25,10,670,,670,670,ZSY3427754,रिहान,FATHER,अकील,240,,,False,0.0205,False,True,रिहान | नाम: | पिता : अकील | का नाम: | फोटो उपलब्ध है | मकान संख्या : 240 | : 26 लिंग : पुरुष | आयु
2026-EROLLGEN-S24-86-SIR-FinalRoll-Revision1-HIN-17-WI.pdf,86,17,25,11,671,,671,671,ZSY3427747,सोफिया,FATHER,अकील करेशी,240,24,Female,False,0.0268,False,False,नाम : सोफिया | पिता का नाम: अकील करेशी | फोटो उपलब्ध है | मकान संख्या: 240 | आयु : 24 लिंग : महिला
2026-EROLLGEN-S24-86-SIR-FinalRoll-Revision1-HIN-17-WI.pdf,86,17,25,12,672,,672,672,ZSY3736790,आशिफ,FATHER,सलीम,240,24,Male,False,0.0202,False,False,नाम : आशिफ | पिता का नाम: सलीम | फोटो उपलब्ध है | मकान संख्या : 240 | आयु : 24 लिंग : पुरुष
2026-EROLLGEN-S24-86-SIR-FinalRoll-Revision1-HIN-17-WI.pdf,86,17,25,13,673,,673,673,ZSY3732518,मो अरशद,FATHER,सलीम,240,23,Male,False,0.0183,False,False,नाम: मो अरशद | पिता का नाम: सलीम | फोटो उपलब्ध है | मकान संख्या : 240 | आयु ं: 23 लिंग : पुरुष
2026-EROLLGEN-S24-86-SIR-FinalRoll-Revision1-HIN-17-WI.pdf,86,17,25,14,674,,674,674,ZSY3723855,साजिया,FATHER,पप्पन,240,22,Female,False,0.0213,False,False,नाम : साजिया | पिता का नाम: पप्पन | फोटो उपलब्ध है | मकान संख्या : 240 | आयु : : 22 लिंग : महिला
2026-EROLLGEN-S24-86-SIR-FinalRoll-Revision1-HIN-17-WI.pdf,86,17,25,15,675,,675,675,ZSY3714805,सिमरन,FATHER,,240,२०,Female,False,0.0166,False,True,नाम : सिमरन | पिता का नाम: | गुड् | फोटो उपलब्ध है | मकान संख्या : 240 | आयु : २० लिंग : महिला
2026-EROLLGEN-S24-86-SIR-FinalRoll-Revision1-HIN-17-WI.pdf,86,17,25,16,676,,676,676,ZSY0976464,रेशमा,HUSBAND,,240/166,45,Female,False,0.0247,False,True,नाम :रेशमा | पति का नाम: | गुडडू | फोटो उपलब्ध है | मकान संख्या : 240/166 | आयु 45 लिंग:  महिला
2026-EROLLGEN-S24-86-SIR-FinalRoll-Revision1-HIN-17-WI.pdf,86,17,25,17,677,,677,677,ZSY1944511,इरफान,FATHER,मेहराजउद्ीन,241,30,Male,False,0.0266,False,False,नाम : इरफान | पिता का नाम: मेहराजउद्ीन | फोटो उपलब्ध है | मकान संख्या: 241 | आयु : 30 लिंग : पुरुष
2026-EROLLGEN-S24-86-SIR-FinalRoll-Revision1-HIN-17-WI.pdf,86,17,25,18,678,,678,678,ZSY1947464,नाम रिजवाना,FATHER,पिता का नामः पप्पू कुरेशी,0,30,Female,False,0.0239,False,False,नाम रिजवाना | पिता का नामः पप्पू कुरेशी | फोटो उपलब्ध है[ | मकान संख्या :o | आयु 30 लिंग महिला
2026-EROLLGEN-S24-86-SIR-FinalRoll-Revision1-HIN-17-WI.pdf,86,17,25,19,679,,679,679,CTV2658839,शकील,FATHER,शरीफ कुरेसी,325,45,Male,False,0.0236,False,False,नाम : शकील | कुरेसी | पिता का नाम: शरीफ कुरेसी | फोटो उपलब्ध है | मकान संख्या : 325 | आयु 45 लिंग : पुरुष
2026-EROLLGEN-S24-86-SIR-FinalRoll-Revision1-HIN-17-WI.pdf,86,17,25,20,680,,680,680,ZSY1946714,समीना,HUSBAND,वकील,३२५,39,Female,False,0.0247,False,False,नाम : समीना | पति का नाम: वकील | फोटो उपलब्ध है | मकान संख्या : ३२५ | आयु : 39 लिंग : महिला
2026-EROLLGEN-S24-86-SIR-FinalRoll-Revision1-HIN-17-WI.pdf,86,17,25,21,681,,681,681,ZSY2335636,इस्लाम कुरेशी,FATHER,पिता कुरेशी,३२५,38,Male,False,0.0235,False,False,नाम : इस्लाम कुरेशी | पिता कुरेशी | का नाम मुन्ना | फोटो उपलब्ध है | मकान संख्या : ३२५ | आयु : 38 लिंग : पुरुष
2026-EROLLGEN-S24-86-SIR-FinalRoll-Revision1-HIN-17-WI.pdf,86,17,25,22,682,,682,682,ZSY1946680,समरीन,HUSBAND,बल्लू कुरेशी,३२५,37,Female,False,0.0242,False,False,नाम : समरीन | पति का नाम: बल्लू कुरेशी | फोटो उपलब्थ है | मकान संख्या : ३२५ | आयु : 37 लिंग : महिला
2026-EROLLGEN-S24-86-SIR-FinalRoll-Revision1-HIN-17-WI.pdf,86,17,25,23,683,,683,683,ZSY1946797,बन्टी कुरैशी,FATHER,शरीफ कुरेशी,३२५,37,Male,False,0.0284,False,False,नाम : बन्टी कुरैशी | पिता का नाम: शरीफ कुरेशी | फोटो उपलब्थ है | मकान संख्या : ३२५ | आयु : 37 लिंग : पुरुष
2026-EROLLGEN-S24-86-SIR-FinalRoll-Revision1-HIN-17-WI.pdf,86,17,25,24,684,,684,684,ZSY2335610,शमीम बानो,HUSBAND,इस्लाम कुरेशी,३२५,35,Female,False,0.0243,False,False,नाम : शमीम बानो | पति का नाम: इस्लाम कुरेशी | फोटो उपलब्थ है | मकान संख्या : ३२५ | आयु 35 लिंग : महिला
2026-EROLLGEN-S24-86-SIR-FinalRoll-Revision1-HIN-17-WI.pdf,86,17,25,25,685,,685,685,ZSY1946870,नाम  भोलू कुरेशी,FATHER,श्रीफ कुरेशी,३२५,34,Male,False,0.0262,False,False,नाम  भोलू कुरेशी | पिता का नाम: श्रीफ कुरेशी | फोटो उपलब्ध है[ | मकान संख्या : ३२५ | आयु : 34 लिंग : पुरुष
2026-EROLLGEN-S24-86-SIR-FinalRoll-Revision1-HIN-17-WI.pdf,86,17,25,26,686,,686,686,ZSY1946904,नाम . आसिफ,FATHER,श्रीफ कुरेशी,३२५,32,Male,False,0.0292,False,False,नाम . आसिफ | पिता का नाम: श्रीफ कुरेशी | फोटो उपलब्ध है | मकान संख्या : ३२५ | आयु : 32 लिंग : पुरुष
2026-EROLLGEN-S24-86-SIR-FinalRoll-Revision1-HIN-17-WI.pdf,86,17,25,27,687,,687,687,ZSY1946698,सोहिल कुरेरशी,FATHER,श्रीफ कुरैेशी,३२५,31,Male,False,0.0265,False,False,नाम : सोहिल कुरेरशी | पिता का नाम: श्रीफ कुरैेशी | फोटो उपलब्ध है | मकान संख्या : ३२५ | आयु : 31 लिंग : पुरुष
2026-EROLLGEN-S24-86-SIR-FinalRoll-Revision1-HIN-17-WI.pdf,86,17,25,28,688,,688,688,ZSY3732740,नाम यासमीन,HUSBAND,मोहम्मद द हनीफ्र करेशी,325,31,Female,False,0.0197,False,False,नाम यासमीन | पति का नाम: मोहम्मद द हनीफ्र करेशी | फोटो उपलब्थ है | मकान संख्या : 325 | आयु 31 लिंग : महिला
2026-EROLLGEN-S24-86-SIR-FinalRoll-Revision1-HIN-17-WI.pdf,86,17,25,29,689,,689,689,ZSY1946896,सोनू कुरेशी,FATHER,सलीम कुरेशी,३२५,31,Male,False,0.0241,False,False,नाम : सोनू कुरेशी | पिता का नाम: सलीम कुरेशी | फोटो उपलब्थ है | मकान संख्या : ३२५ | आयु : 31 लिंग पुरुष
2026-EROLLGEN-S24-86-SIR-FinalRoll-Revision1-HIN-17-WI.pdf,86,17,25,30,690,,690,690,ZSY3091519,र सगीर,FATHER,शकील,325,२७,Male,False,0.0173,False,False,नाम : र सगीर | पिता का नाम: शकील | फोटो उपलब्ध है | मकान संख्या : 325 | आयु: २७ लिंग : पुरुष
2026-EROLLGEN-S24-86-SIR-FinalRoll-Revision1-HIN-17-WI.pdf,86,17,26,1,691,,691,691,ZSY3091527,नाम रहीस,FATHER,शकील,325,26,Male,False,0.0222,False,False,नाम रहीस | पिता का नाम: शकील | फोटो उपलब्थ है | मकान संख्या : 325 | आयु 26 लिंग : पुरुष
2026-EROLLGEN-S24-86-SIR-FinalRoll-Revision1-HIN-17-WI.pdf,86,17,26,2,692,,692,692,ZSY1946730,शबनम,HUSBAND,राजा,३३९,४०,Female,False,0.026,False,False,नाम : शबनम | पति का नाम: राजा | फोटो उपलब्थ है | मकान संख्या: ३३९ | आयु : ४० लिंग : महिला
2026-EROLLGEN-S24-86-SIR-FinalRoll-Revision1-HIN-17-WI.pdf,86,17,26,3,693,,693,693,ZSY3975208,आसमा,FATHER,मजीद,354,23,Female,False,0.0219,False,False,नाम : आसमा | पिता का नाम: मजीद | फोटो उपलब्थ है | मकान संख्या r : 354 | आयु : 23 लिंग : महिला
2026-EROLLGEN-S24-86-SIR-FinalRoll-Revision1-HIN-17-WI.pdf,86,17,26,4,694,,694,694,ZSY1947753,,FATHER,हब्बो,0,39,Male,False,0.0207,False,True,नाम : | चन्दा | पिता का नाम: हब्बो | फोटो उपलब्ध है[ | मकान संख्या: o | आयु : 39 लिंग : पुरुष
2026-EROLLGEN-S24-86-SIR-FinalRoll-Revision1-HIN-17-WI.pdf,86,17,26,5,695,,695,695,ZSY2613156,नाम,HUSBAND,जाकिर,357,33,Female,False,0.0265,False,False,नाम |  : तबस्सुम | पति का नाम: जाकिर | फोटो उपलब्ध है | मकान संख्या : 357 | आयु : 33 लिंग : म महिला
2026-EROLLGEN-S24-86-SIR-FinalRoll-Revision1-HIN-17-WI.pdf,86,17,26,6,696,,696,696,ZSY0742668,ताजूददीन,FATHER,वन्ने खाँ,361,31,Male,False,0.0225,False,False,नाम  : ताजूददीन | पिता का नाम: वन्ने खाँ | फोटो उपलब्ध है | मकान संख्या : 361 | आयु : 31 लिंग : पुरुष
2026-EROLLGEN-S24-86-SIR-FinalRoll-Revision1-HIN-17-WI.pdf,86,17,26,7,697,,697,697,ZSY2613164,नज्जो,HUSBAND,नाजिम,362,30,Female,False,0.0179,False,False,नाम: नज्जो | पति का नाम: नाजिम | फोटो उपलब्थ है | मकान संख्या :362 | आयु 30 लिंग : महिला
2026-EROLLGEN-S24-86-SIR-FinalRoll-Revision1-HIN-17-WI.pdf,86,17,26,8,698,,698,698,ZSY0009530,नाम दीन,FATHER,अव्दुल अजीज,365,50,Male,False,0.0236,False,False,नाम दीन | : बाबूे | पिता का नाम: अव्दुल अजीज | फोटो उपलब्ध है | मकान संख्या 365 | आयु 50 लिंग : पुरुष
2026-EROLLGEN-S24-86-SIR-FinalRoll-Revision1-HIN-17-WI.pdf,86,17,26,9,699,,699,699,ZSY0009555,सददनाम,FATHER,दुल्ला,365,37,Male,False,0.0178,False,False,नाम : सददनाम | पिता का नाम: दुल्ला | फोटो उपलब्ध है | मकान संख्या :365 | आयु : 37 लिंग : पुरुष
2026-EROLLGEN-S24-86-SIR-FinalRoll-Revision1-HIN-17-WI.pdf,86,17,26,10,700,,700,700,CTV4608485,अफ़रसार कुरेशी,FATHER,पिता,371,,,False,0.0234,False,True,नाम: अफ़रसार कुरेशी | पिता | का नाम: इशहाक्र | फोटो उपलब्ध है | मकान संख्या: 371 | : 36 लिंग : पुरुष | आयु
2026-EROLLGEN-S24-86-SIR-FinalRoll-Revision1-HIN-17-WI.pdf,86,17,26,11,701,,701,701,ZSY2853448,साहरूख,FATHER,साकिर,373,२8,Male,False,0.0244,False,False,नाम : साहरूख | पिता का नाम: साकिर | फोटो उपलब्ध है | मकान संख्या: 373 | आयु : २8 8 लिंग : पुरुष
2026-EROLLGEN-S24-86-SIR-FinalRoll-Revision1-HIN-17-WI.pdf,86,17,26,12,702,,702,702,ZSY2860278,सायरा,FATHER,साकिर,३७३,28,Female,False,0.021,False,False,नाम : सायरा | पिता का नाम: साकिर | फोटो उपलब्ध है | मकान संख्या : ३७३ | आयु: : 28 लिंग : महिला
2026-EROLLGEN-S24-86-SIR-FinalRoll-Revision1-HIN-17-WI.pdf,86,17,26,13,703,,703,703,ZSY2860294,नाम रिजवाना,FATHER,साकिर,३७३,25,Female,False,0.0181,False,False,नाम रिजवाना | पिता का नाम: साकिर | फोटो उपलब्ध है | मकान संख्या : ३७३ | आयु 25 लिंग : महिला
2026-EROLLGEN-S24-86-SIR-FinalRoll-Revision1-HIN-17-WI.pdf,86,17,26,14,704,,704,704,ZSY2853471,साथधिया,FATHER,फैमुद्ीन,374,30,Female,False,0.0218,False,False,नाम : साथधिया | पिता का नाम: फैमुद्ीन | फोटो उपलब्ध है | मकान संख्या : 374 | आयु 30 लिंग: महिला
2026-EROLLGEN-S24-86-SIR-FinalRoll-Revision1-HIN-17-WI.pdf,86,17,26,15,705,,705,705,ZSY1947720,परवीन,HUSBAND,: साबिर,३७५,57,Female,False,0.0162,False,False,नाम : परवीन | पति का नाम: : साबिर | फोटो उपलब्ध है | मकान संख्या : ३७५ | आयु: : 57 लिंग : महिला
2026-EROLLGEN-S24-86-SIR-FinalRoll-Revision1-HIN-17-WI.pdf,86,17,26,16,706,,706,706,CTV3166139,सानू,FATHER,मुनत्ञा,377,36,Male,False,0.0219,False,False,नाम : सानू | पिता का नाम: मुनत्ञा | फोटो उपलब्ध है | मकान संख्या : 377 | आयु 36 लिंग : पुरुष
2026-EROLLGEN-S24-86-SIR-FinalRoll-Revision1-HIN-17-WI.pdf,86,17,26,17,707,,707,707,ZSY2511996,नसरीन,HUSBAND,मुमताज,३८०,38,Female,False,0.0271,False,False,नाम : नसरीन | पति का नाम: मुमताज | फोटो उपलब्ध है | मकान संख्या ३८० | आयु 38 लिंग : महिला
2026-EROLLGEN-S24-86-SIR-FinalRoll-Revision1-HIN-17-WI.pdf,86,17,26,18,708,,708,708,ZSY0237339,संजीरा बेगम,HUSBAND,पप्पू,383,41,Female,False,0.0249,False,False,नाम : संजीरा बेगम | पति का नाम: पप्पू | फोटो उपलब्ध है | मकान संख्या : 383(2) | आयु: 41 लिंग : महिला
2026-EROLLGEN-S24-86-SIR-FinalRoll-Revision1-HIN-17-WI.pdf,86,17,26,19,709,,709,709,ZSY0237396,सोनू कुरेशी,FATHER,पिता कुरेशी,391,37,Male,False,0.0236,False,False,नाम : सोनू कुरेशी | पिता कुरेशी | का नाम: मातवर | फोटो उपलब्ध है | मकान संख्या  : 391(2) | आयु : 37 लिंग : पुरुष
2026-EROLLGEN-S24-86-SIR-FinalRoll-Revision1-HIN-17-WI.pdf,86,17,26,20,710,,710,710,ZSY1600279,मुन्नी,HUSBAND,पति का,402/121,52,Female,False,0.0256,False,False,नाम : मुन्नी | पति का | नाम: अन्सार | फोटो उपलब्ध है | मकान संख्या : 402/121 | आयु : 52 लिंग : महिला
2026-EROLLGEN-S24-86-SIR-FinalRoll-Revision1-HIN-17-WI.pdf,86,17,26,21,# 711,,711,711,ZSY2335669,इरफ़्रान कुरेशी,FATHER,पिता कुरेशी,0,28,Male,False,0.023,False,False,नाम : इरफ़्रान कुरेशी | पिता कुरेशी | का नाम: इकराम | फोटो उपलब्ध है | मकान संख्या :o | आयु : 28 लिंग : पुरुष
2026-EROLLGEN-S24-86-SIR-FinalRoll-Revision1-HIN-17-WI.pdf,86,17,26,22,712,,712,712,ZSY2192680,अवजाल,FATHER,अफसर,41४,37,Male,False,0.0234,False,False,नाम : अवजाल | पिता का नाम: अफसर | फोटो उपलब्थ है | मकान संख्या : 41४ | आयु : 37 लिंग : पुरुष
2026-EROLLGEN-S24-86-SIR-FinalRoll-Revision1-HIN-17-WI.pdf,86,17,26,23,713,,713,713,ZSY2335529,सोना,HUSBAND,बल्लू,४१४,35,Female,False,0.0262,False,False,नाम : सोना | पति का नाम: बल्लू | फोटो उपलब्थ है | मकान संख्या: ४१४ | आयु : 35 5 लिंग : महिला
2026-EROLLGEN-S24-86-SIR-FinalRoll-Revision1-HIN-17-WI.pdf,86,17,26,24,714,,714,714,ZSY2393783,सम्मी,FATHER,अफसर,४१४,34,Male,False,0.021,False,False,नाम : सम्मी | पिता का नाम: अफसर | फोटो उपलब्थ है | मकान संख्या : ४१४ | आयु: 34 लिंग : पुरुष
2026-EROLLGEN-S24-86-SIR-FinalRoll-Revision1-HIN-17-WI.pdf,86,17,26,25,715,,715,715,ZSY2335511,मीना,HUSBAND,अवजाल,४१४,33,Female,False,0.0243,False,False,नाम: मीना | पति का नाम: अवजाल | फोटो उपलब्ध है[ | मकान संख्या:४१४ | आयु : 33 लिंग : महिला
2026-EROLLGEN-S24-86-SIR-FinalRoll-Revision1-HIN-17-WI.pdf,86,17,26,26,716,,716,716,ZSY2192672,इमरान,FATHER,अफसर,41४,31,Male,False,0.0265,False,False,नाम : इमरान | पिता का नाम: अफसर | फोटो उपलब्ध है | मकान संख्या: 41४ | आयु : 31 लिंग : पुरुष
2026-EROLLGEN-S24-86-SIR-FinalRoll-Revision1-HIN-17-WI.pdf,86,17,26,27,717,,717,717,ZSY2335537,नाम रिजवाना,FATHER,अफसर,४१४,31,Female,False,0.024,False,False,नाम रिजवाना | पिता का नाम: अफसर | फोटो उपलब्ध है | मकान संख्या :४१४ | आयु : 31 लिंग : महिला
2026-EROLLGEN-S24-86-SIR-FinalRoll-Revision1-HIN-17-WI.pdf,86,17,26,28,718,,718,718,ZSY0237354,अमीन,FATHER,रहीसो,418,4२,Male,False,0.0189,False,False,नाम : अमीन | पिता ाका नाम: रहीसो | फोटो उपलब्थ है | मकान संख्या : 418(2) | आयु : 4२ 2 लिंग : पुरुष
2026-EROLLGEN-S24-86-SIR-FinalRoll-Revision1-HIN-17-WI.pdf,86,17,26,29,719,,719,719,ZSY0237362,मदीना,HUSBAND,आमीन,418,38,Female,False,0.0231,False,False,नाम :  मदीना | पति का नाम: आमीन | फोटो उपलब्थ है | मकान संख्या : 418(2) | आयु : 38 लिंग : महिला
2026-EROLLGEN-S24-86-SIR-FinalRoll-Revision1-HIN-17-WI.pdf,86,17,26,30,720,,720,720,ZSY0237370,इकबाल,FATHER,सकुर,419,73,Male,False,0.0188,False,False,नाम : इकबाल | पिता का नाम: सकुर | फोटो उपलब्ध है | मकान संख्या : 419(2) | आयु : 73 लिंग : पुरुष
2026-EROLLGEN-S24-86-SIR-FinalRoll-Revision1-HIN-17-WI.pdf,86,17,27,1,721,,721,721,ZSY0237388,नाम शायदा,HUSBAND,इकबाल,419,66,,False,0.0235,False,True,नाम शायदा | पति का नाम: इकबाल | फोटो उपलब्थ है | मकान संख्या : 419(2) | लिंग : महिला | आयु 66
2026-EROLLGEN-S24-86-SIR-FinalRoll-Revision1-HIN-17-WI.pdf,86,17,27,2,722,,722,722,ZSY1264217,चांदनी,FATHER,नवाब,421,37,Female,False,0.0262,False,False,नाम : चांदनी | पिता का नाम: नवाब | फोटो उपलब्थ है | मकान संख्या: 421 | आयु : : 37 लिंग : महिला
2026-EROLLGEN-S24-86-SIR-FinalRoll-Revision1-HIN-17-WI.pdf,86,17,27,3,723,,723,723,CTV3100351,श्री मती देवी,HUSBAND,ओम प्रकाश,433,62,Female,False,0.0241,False,False,नाम : श्री मती देवी | पति का नाम: ओम प्रकाश | फोटो उपलब्थ है | मकान संख्या :433 | आयु: 62 लिंग : महिला
2026-EROLLGEN-S24-86-SIR-FinalRoll-Revision1-HIN-17-WI.pdf,86,17,27,4,724,,724,724,CTV2886125,,FATHER,ओम प्रकाश,433,39,Male,False,0.025,False,True,नाम : | मुकेश कुमार | पिता का नाम: ओम प्रकाश | फोटो उपलब्ध है[ | मकान संख्या : 433 | आयु : 39 लिंग : पुरुष
2026-EROLLGEN-S24-86-SIR-FinalRoll-Revision1-HIN-17-WI.pdf,86,17,27,5,725,,725,725,ZSY1945252,हेमलता,HUSBAND,सन्तोष सिंह,458,38,Female,False,0.028,False,False,नाम : हेमलता | पति का नाम: सन्तोष सिंह | फोटो उपलब्ध है | मकान संख्या: 458 | आयु ं: 38 लिंग :  महिला
2026-EROLLGEN-S24-86-SIR-FinalRoll-Revision1-HIN-17-WI.pdf,86,17,27,6,726,,726,726,ZSY2335768,सौरभ,FATHER,पिता का नामः मदन लाल,५१५/११७,31,Male,False,0.0232,False,False,नाम : सौरभ | पिता का नामः मदन लाल | फोटो उपलब्ध है[ | मकान संख्या ५१५/११७ | आयु : 31 लिंग : पुरुष
2026-EROLLGEN-S24-86-SIR-FinalRoll-Revision1-HIN-17-WI.pdf,86,17,27,7,727,,727,727,ZSY3104767,ज्योति,HUSBAND,सौरभ,515/117,31,Female,False,0.0185,False,False,नाम : ज्योति | पति का नाम: सौरभ | फोटो उपलब्ध है | मकान संख्या : 515/117 | आयु: 31 लिंग : महिला
2026-EROLLGEN-S24-86-SIR-FinalRoll-Revision1-HIN-17-WI.pdf,86,17,27,8,728,,728,728,ZSY0723080,मन्जुदेवी,HUSBAND,सुनहरीलाल,543,63,Female,False,0.0234,False,False,नाम : मन्जुदेवी | पति का नाम: सुनहरीलाल | फोटो उपलब्ध है | मकान संख्या : 543 | आयु 63 लिंग : महिला
2026-EROLLGEN-S24-86-SIR-FinalRoll-Revision1-HIN-17-WI.pdf,86,17,27,9,729,,729,729,ZSY3940608,ममता,HUSBAND,राजेश कुमार गुप्ता,543,49,Female,False,0.0195,False,False,नाम : ममता | गुप्ता | पति का नाम: राजेश कुमार गुप्ता | फोटो उपलब्ध है | मकान संख्या : 543 | आयु 49 लिंग महिला
2026-EROLLGEN-S24-86-SIR-FinalRoll-Revision1-HIN-17-WI.pdf,86,17,27,10,730,,730,730,CTV4331789,नाम कुमार,FATHER,पिता,543,,,False,0.0241,False,True,विशाल | नाम कुमार | पिता | का नाम: सुनहरीलाल | फोटो उपलब्ध है | मकान संख्या 543 | 43 लिंग : पुरुष | आयु
2026-EROLLGEN-S24-86-SIR-FinalRoll-Revision1-HIN-17-WI.pdf,86,17,27,11,731,,731,731,ZSY3427564,रमा,HUSBAND,विशाल अग्रवाल,543,43,Female,False,0.0272,False,False,देवी | नाम : रमा | पति का नाम: विशाल अग्रवाल | फोटो उपलब्ध है | मकान संख्या: 543 | आयु 43 लिंग : महिला
2026-EROLLGEN-S24-86-SIR-FinalRoll-Revision1-HIN-17-WI.pdf,86,17,27,12,732,,732,732,ZSY3427556,कुमार,FATHER,पिता,543,,Male,False,0.0228,False,True,प्रमोद | नाम : कुमार | पिता | का नामः सुनहरी लाल | फोटो उपलब्ध है | मकान संख्या : 543 | : 36 लिंग | आयु पुरुष
2026-EROLLGEN-S24-86-SIR-FinalRoll-Revision1-HIN-17-WI.pdf,86,17,27,13,733,,733,733,ZSY2511954,नफीसा बेगम,HUSBAND,अकबर,५५४,38,Female,False,0.0177,False,False,नाम: नफीसा बेगम | पति का नाम: अकबर | फोटो उपलब्ध है | मकान संख्या 1: ५५४ | आयु 38 लिंग : महिला
2026-EROLLGEN-S24-86-SIR-FinalRoll-Revision1-HIN-17-WI.pdf,86,17,27,14,734,,734,734,ZSY2335719,सुल्ताना,HUSBAND,,0,41,Female,False,0.0201,False,True,नाम : सुल्ताना | पति का नाम: | : पप्पू | फोटो उपलब्ध है | मकान संख्या: 0 | आयु : : 41 लिंग : महिला
2026-EROLLGEN-S24-86-SIR-FinalRoll-Revision1-HIN-17-WI.pdf,86,17,27,15,735,,735,735,ZSY0009340,राजुदीन,FATHER,अलाउदीन,561,50,Male,False,0.0175,False,False,नाम : राजुदीन | पिता का नाम: अलाउदीन | फोटो उपलब्ध है | मकान संख्या : 561 | आयु: : 50 लिंग : पुरुष
2026-EROLLGEN-S24-86-SIR-FinalRoll-Revision1-HIN-17-WI.pdf,86,17,27,16,736,,736,736,ZSY0009449,सावरा,HUSBAND,राजुदीन,५६१,47,Female,False,0.0233,False,False,नाम : सावरा | पति का नाम: राजुदीन | फोटो उपलब्ध है | मकान संख्या • ५६१ | आयु 47 लिंग महिला
2026-EROLLGEN-S24-86-SIR-FinalRoll-Revision1-HIN-17-WI.pdf,86,17,27,17,# 737,,737,737,ZSY0009423,असलम,FATHER,मूनेन खान,561,38,Male,False,0.0278,False,False,नाम : असलम | पिता का नाम: मूनेन खान | फोटो उपलब्ध है | मकान संख्या: 561 | आयु : 38 लिंग : पुरुष
2026-EROLLGEN-S24-86-SIR-FinalRoll-Revision1-HIN-17-WI.pdf,86,17,27,18,738,,738,738,ZSY0009431,रूकसार,HUSBAND,असलम,561,35,Female,False,0.0237,False,False,नाम: रूकसार | पति का नाम: असलम | फोटो उपलब्ध है | मकान संख्या : 561 | आयु 35 लिंग : महिला
2026-EROLLGEN-S24-86-SIR-FinalRoll-Revision1-HIN-17-WI.pdf,86,17,27,19,739,,739,739,ZSY2335651,इमरान कुरेशी,FATHER,पिता का कुरेशी,0,29,Male,False,0.0231,False,False,नाम : इमरान कुरेशी | पिता का कुरेशी | नाम: इकराम | फोटो उपलब्ध है | मकान संख्या :o | आयु : 29 लिंग : पुरुष
2026-EROLLGEN-S24-86-SIR-FinalRoll-Revision1-HIN-17-WI.pdf,86,17,27,20,740,,740,740,ZSY0562892,पूनम,HUSBAND,परिमल नविश्वास,584,51,Female,False,0.0286,False,False,विश्वास | नाम  : पूनम | पति का नाम: परिमल नविश्वास | फोटो उपलब्ध है | मकान संख्या : 584 | आयु : 51 लिंग: 1 महिला
2026-EROLLGEN-S24-86-SIR-FinalRoll-Revision1-HIN-17-WI.pdf,86,17,27,21,741,,741,741,ZSY1946144,बिस्मिल्ला,HUSBAND,",अबरार",,50,Female,False,0.0213,False,False,"नाम : बिस्मिल्ला | पति का नाम: ,अबरार | फोटो उपलब्ध है | मकान संख्या :  | आयु ं,50 लिंग : महिला"
2026-EROLLGEN-S24-86-SIR-FinalRoll-Revision1-HIN-17-WI.pdf,86,17,27,22,742,,742,742,ZSY0245852,सौदान सिंह,FATHER,लाल सिंह,५९३,55,Male,False,0.0243,False,False,नाम : सौदान सिंह | पिता का नाम: लाल सिंह | फोटो उपलब्थ है | मकान संख्या : ५९३ | आयु : 55 लिंग : पुरुष
2026-EROLLGEN-S24-86-SIR-FinalRoll-Revision1-HIN-17-WI.pdf,86,17,27,23,743,,743,743,ZSY0245878,सुमन,HUSBAND,सौदान सिंह,593,50,Female,False,0.0272,False,False,नाम : सुमन | पति का नाम: सौदान सिंह | फोटो उपलब्थ है | मकान संख्या : 593 | आयु : 50 लिंग : महिला
2026-EROLLGEN-S24-86-SIR-FinalRoll-Revision1-HIN-17-WI.pdf,86,17,27,24,744,,744,744,ZSY3465416,आमिर,FATHER,सकील,653,22,Male,False,0.0219,False,False,नाम : आमिर | पिता का नाम: सकील | फोटो उपलब्थ है | मकान संख्या : 653 | आयु : 22 लिंग : पुरुष
2026-EROLLGEN-S24-86-SIR-FinalRoll-Revision1-HIN-17-WI.pdf,86,17,27,25,745,,745,745,ZSY3338977,छोटू,,,662,26,Male,False,0.0233,False,True,नाम : छोटू | माता का नाम: मखमल | फोटो उपलब्ध है[ | मकान संख्या : 662 | आयु : 26 लिंग : पुरुष
2026-EROLLGEN-S24-86-SIR-FinalRoll-Revision1-HIN-17-WI.pdf,86,17,27,26,746,,746,746,ZSY2614733,नाम निशा,HUSBAND,साकिर,742,35,Female,False,0.0272,False,False,नाम निशा | पति का नाम: साकिर | फोटो उपलब्ध है | मकान संख्या: 742 | आयु : 35 लिंग : महिला
2026-EROLLGEN-S24-86-SIR-FinalRoll-Revision1-HIN-17-WI.pdf,86,17,27,27,747,,747,747,ZSY1687656,शाकिर,FATHER,पिता का नाम मटरू,742/149,37,Male,False,0.0238,False,False,नाम : शाकिर | पिता का नाम मटरू | फोटो उपलब्ध है | मकान संख्या: : 742/149 | आयु : 37 लिंग : पुरुष
2026-EROLLGEN-S24-86-SIR-FinalRoll-Revision1-HIN-17-WI.pdf,86,17,27,28,748,,748,748,ZSY0976480,रोजी,HUSBAND,मजीद,,33,Female,False,0.0163,False,False,नाम : रोजी | पति का नाम: मजीद | फोटो उपलब्थ है | मकान संख्या : | आयु: 33 लिंग : महिला
2026-EROLLGEN-S24-86-SIR-FinalRoll-Revision1-HIN-17-WI.pdf,86,17,27,29,749,,749,749,ZSY1263649,पप्पू,FATHER,बाबूददीन,००,50,Male,False,0.0204,False,False,नाम : पप्पू | पिता का नाम: बाबूददीन | फोटो उपलब्थ है | मकान संख्या : ०० | आयु : 50 लिंग : पुरुष
2026-EROLLGEN-S24-86-SIR-FinalRoll-Revision1-HIN-17-WI.pdf,86,17,27,30,750,,750,750,ZSY1263409,आविद,FATHER,मुन्नन,२१,36,Male,False,0.0167,False,False,नाम : आविद | पिता का नाम: मुन्नन | फोटो उपलब्ध है | मकान संख्या : २१ | आयु: 36 लिंग : पुरुष
2026-EROLLGEN-S24-86-SIR-FinalRoll-Revision1-HIN-17-WI.pdf,86,17,28,1,751,,751,751,ZSY1263425,सददाम कुरेशी,FATHER,मोहम्मद उमर,८१,34,Male,False,0.0238,False,False,नाम : सददाम कुरेशी | पिता का नाम: मोहम्मद उमर | फोटो उपलब्थ है | मकान संख्या :८१ | आयु 34 लिंग : पुरुष
2026-EROLLGEN-S24-86-SIR-FinalRoll-Revision1-HIN-17-WI.pdf,86,17,28,2,752,,752,752,CTV3256823,नाम - आमीन क्रेशी,FATHER,मोहम्मद बोना क्रेशी,,41,Male,False,0.0284,False,False,नाम - आमीन क्रेशी | पिता का नाम: मोहम्मद बोना क्रेशी | फोटो उपलब्थ है | मकान संख्या : | आयु : : 41 लिंग : पुरुष
2026-EROLLGEN-S24-86-SIR-FinalRoll-Revision1-HIN-17-WI.pdf,86,17,28,3,753,,753,753,ZSY1566223,नाम लहीका,HUSBAND,शरीफ,00,69,,False,0.021,False,True,नाम लहीका | पति का नाम: शरीफ | फोटो उपलब्थ है | मकान संख्या : oo | लिंग : महिला | आयु 69
2026-EROLLGEN-S24-86-SIR-FinalRoll-Revision1-HIN-17-WI.pdf,86,17,28,4,754,,754,754,ZSY1566132,रूखसाना,HUSBAND,: नहींम,00,56,Female,False,0.0222,False,False,नाम :रूखसाना | पति का नाम: : नहींम | फोटो उपलब्ध है[ | मकान संख्या : 00 | आयु : 56 लिंग : महिला
2026-EROLLGEN-S24-86-SIR-FinalRoll-Revision1-HIN-17-WI.pdf,86,17,28,5,755,,755,755,ZSY1566181,सायरा,HUSBAND,अल्लामहर,00,56,Female,False,0.027,False,False,नाम : सायरा | पति का नाम: अल्लामहर | फोटो उपलब्ध है | मकान संख्या: oo | आयु 56 लिंग : महिला
2026-EROLLGEN-S24-86-SIR-FinalRoll-Revision1-HIN-17-WI.pdf,86,17,28,6,756,,756,756,ZSY1264027,नाजरीन,HUSBAND,पति का नामः,00,55,Female,False,0.0225,False,False,नाम : नाजरीन | पति का नामः | बबुआ | फोटो उपलब्ध है[ | मकान संख्या : oo | आयु 55 लिंग : महिला
2026-EROLLGEN-S24-86-SIR-FinalRoll-Revision1-HIN-17-WI.pdf,86,17,28,7,757,,757,757,ZSY1263771,जगदीश,FATHER,पिता का नाम बादाम सिंह,४७,52,Male,False,0.018,False,False,नाम : जगदीश | पिता का नाम बादाम सिंह | फोटो उपलब्थध है | मकान संख्या ४७ | आयु 52 लिंग : पुरुष
2026-EROLLGEN-S24-86-SIR-FinalRoll-Revision1-HIN-17-WI.pdf,86,17,28,8,758,,758,758,ZSY1263789,नग्गो,HUSBAND,टुण्डा,00,51,Female,False,0.0204,False,False,नाम : नग्गो | पति का नाम: टुण्डा | फोटो उपलब्ध है | मकान संख्या T:oo | आयु : 51 लिंग: महिला
2026-EROLLGEN-S24-86-SIR-FinalRoll-Revision1-HIN-17-WI.pdf,86,17,28,9,759,,759,759,ZSY1263466,सलीम कुरेशी,FATHER,शरीफ कुरेशी,00,45,Male,False,0.0182,False,False,नाम: सलीम कुरेशी | पिता का नाम: शरीफ कुरेशी | फोटो उपलब्ध है | मकान संख्या : oo | आयु 45 लिंग : पुरुष
2026-EROLLGEN-S24-86-SIR-FinalRoll-Revision1-HIN-17-WI.pdf,86,17,28,10,760,,760,760,ZSY1263474,प्पू कुरेशी,FATHER,पिता शरीफ ऋकुरैशी,00,44,Male,False,0.0234,False,False,नाम  : प्पू कुरेशी | पिता शरीफ ऋकुरैशी | का नाम: | फोटो उपलब्ध है | मकान संख्या 00 | आयु 44 लिंग : पुरुष
2026-EROLLGEN-S24-86-SIR-FinalRoll-Revision1-HIN-17-WI.pdf,86,17,28,11,761,,761,761,ZSY1263722,शवाना,HUSBAND,पति का नजुरूदीन,00,४४,Female,False,0.0245,False,False,नाम : शवाना | पति का नजुरूदीन | नाम: | फोटो उपलब्ध है | मकान संख्या:00 | आयु : ४४ 4 लिंग : महिला
2026-EROLLGEN-S24-86-SIR-FinalRoll-Revision1-HIN-17-WI.pdf,86,17,28,12,762,,762,762,ZSY1566686,इरशाद,FATHER,पिता का,00,४४4,Male,False,0.0195,False,False,नाम : इरशाद | पिता का | नाम: चुन्ना | फोटो उपलब्ध है | मकान संख्या :00 | आयु : ४४4 लिंग : पुरुष
2026-EROLLGEN-S24-86-SIR-FinalRoll-Revision1-HIN-17-WI.pdf,86,17,28,13,763,,763,763,ZSY1567635,मुकीम,FATHER,फईम,०0,43,Male,False,0.0171,False,False,नाम : मुकीम | पिता का नाम: फईम | फोटो उपलब्ध है | मकान संख्या :०0 | आयु 43 लिंग : पुरुष
2026-EROLLGEN-S24-86-SIR-FinalRoll-Revision1-HIN-17-WI.pdf,86,17,28,14,764,,764,764,ZSY1263706,इमरान,FATHER,नत्थी,0,38,Male,False,0.0197,False,False,नाम : इमरान | पिता का नाम: नत्थी | फोटो उपलब्ध है | मकान संख्या :0o | आयु : 38 लिंग : पुरुष
2026-EROLLGEN-S24-86-SIR-FinalRoll-Revision1-HIN-17-WI.pdf,86,17,28,15,765,,765,765,ZSY1566470,बन्टू,FATHER,समसुददीन,00,38,Male,False,0.0167,False,False,नाम : बन्टू | पिता का नाम: समसुददीन | फोटो उपलब्ध है | मकान संख्या : oo | आयु: : 38 लिंग : पुरुष
2026-EROLLGEN-S24-86-SIR-FinalRoll-Revision1-HIN-17-WI.pdf,86,17,28,16,766,,766,766,ZSY1263433,ताजुददीन कुरैशी,FATHER,मौ उमर,८१,36,Male,False,0.0251,False,False,नाम : ताजुददीन कुरैशी | पिता का नाम: मौ उमर | फोटो उपलब्ध है | मकान संख्या : ८१ | आयु 36 लिंग : पुरुष
2026-EROLLGEN-S24-86-SIR-FinalRoll-Revision1-HIN-17-WI.pdf,86,17,28,17,767,,767,767,ZSY1566082,अकरम,FATHER,रहीस,00,36,Male,False,0.0261,False,False,नाम : अकरम | पिता का नाम: रहीस | फोटो उपलब्ध है | मकान संख्या:00 | आयु : 36 6 लिंग : पुरुष
2026-EROLLGEN-S24-86-SIR-FinalRoll-Revision1-HIN-17-WI.pdf,86,17,28,18,768,,768,768,ZSY1263441,इमरान कुरेशी,FATHER,मो उमर,८१,34,Male,False,0.0242,False,False,नाम : इमरान कुरेशी | पिता का नाम: मो उमर | फोटो उपलब्ध है | मकान संख्या : ८१ | आयु : 34 लिंग : पुरुष
2026-EROLLGEN-S24-86-SIR-FinalRoll-Revision1-HIN-17-WI.pdf,86,17,28,19,769,,769,769,ZSY1566447,सलमान,FATHER,निसार,००,34,Male,False,0.0209,False,False,नाम : सलमान | पिता का नाम: निसार | फोटो उपलब्ध है | मकान संख्या : ०० | आयु : 34 लिंग : पुरुष
2026-EROLLGEN-S24-86-SIR-FinalRoll-Revision1-HIN-17-WI.pdf,86,17,28,20,770,,770,770,ZSY1264068,नाम जूरेल,FATHER,जगदीश,४७,33,Male,False,0.0266,False,False,: आशीश | नाम जूरेल | पिता का नाम: जगदीश | फोटो उपलब्ध है | मकान संख्या : ४७ | आयु : 33 लिंग : पुरुष
2026-EROLLGEN-S24-86-SIR-FinalRoll-Revision1-HIN-17-WI.pdf,86,17,28,21,771,,771,771,ZSY1566413,साबिर,FATHER,नजरूददीन,00,33,Male,False,0.0211,False,False,साबिर | नाम : | पिता नाम: नजरूददीन | का | फोटो उपलब्ध है | मकान संख्या : oo | आयु : 33 लिंग : पुरुष
2026-EROLLGEN-S24-86-SIR-FinalRoll-Revision1-HIN-17-WI.pdf,86,17,28,22,772,,772,772,ZSY1264076,रामगोपाल,FATHER,जगदीश जूरेल,४७,32,Male,False,0.0232,False,False,नाम : रामगोपाल | पिता का नाम: जगदीश जूरेल | फोटो उपलब्थ है | मकान संख्या ४७ | आयु 32 लिंग : पुरुष
2026-EROLLGEN-S24-86-SIR-FinalRoll-Revision1-HIN-17-WI.pdf,86,17,28,23,773,,773,773,ZSY1263631,शेलेश,FATHER,मुखत्यार सिंह,४३३,49,Male,False,0.028,False,False,नाम : शेलेश | कुमार | पिता का नाम: मुखत्यार सिंह | फोटो उपलब्थ है | मकान संख्या ४३३ | आयु 49 लिंग : पुरुष
2026-EROLLGEN-S24-86-SIR-FinalRoll-Revision1-HIN-17-WI.pdf,86,17,28,24,774,,774,774,ZSY1263623,प्रतिभा चौधरी,HUSBAND,शेलेश  कुमार,४३३,४7,Female,False,0.0254,False,False,नाम : प्रतिभा चौधरी | पति का नाम: शेलेश  कुमार | फोटो उपलब्थ है | मकान संख्या : ४३३ | आयु: ४7 लिंग : महिला
2026-EROLLGEN-S24-86-SIR-FinalRoll-Revision1-HIN-17-WI.pdf,86,17,28,25,775,,775,775,ZSY1263524,नाम,FATHER,साबुददीन,१४४,44,Male,False,0.0247,False,False,नाम | : बल्लू खां | पिता का नाम: साबुददीन | फोटो उपलब्ध है[ | मकान संख्या: १४४ | आयु 44 लिंग : पुरुष
2026-EROLLGEN-S24-86-SIR-FinalRoll-Revision1-HIN-17-WI.pdf,86,17,28,26,776,,776,776,ZSY1263862,हनीफ,FATHER,हवीन,२४०,40,Male,False,0.0267,False,False,नाम : हनीफ | पिता का नाम: हवीन | फोटो उपलब्ध है | मकान संख्या: २४० | आयु : 40 लिंग : पुरुष
2026-EROLLGEN-S24-86-SIR-FinalRoll-Revision1-HIN-17-WI.pdf,86,17,28,27,777,,777,777,ZSY1263607,युनूस,FATHER,मोहम्मद,१४४,36,Male,False,0.0257,False,False,खां | नाम : युनूस | पिता का नाम: मोहम्मद | नूर १ | फोटो उपलब्ध है | मकान संख्या :१४४ | आयु : 36 लिंग : पुरुष
2026-EROLLGEN-S24-86-SIR-FinalRoll-Revision1-HIN-17-WI.pdf,86,17,28,28,778,,778,778,ZSY1263516,राहुल,FATHER,र खूबीराम,१४४,33,Male,False,0.018,False,False,नाम : राहुल | पिता का नाम: र खूबीराम | फोटो उपलब्थ है | मकान संख्या : १४४ | आयु: 33 लिंग : पुरुष
2026-EROLLGEN-S24-86-SIR-FinalRoll-Revision1-HIN-17-WI.pdf,86,17,28,29,779,,779,779,ZSY1263912,नाजिम,FATHER,जहीर,१४४/८०,39,Male,False,0.0216,False,False,नाम : नाजिम | पिता का नाम: जहीर | फोटो उपलब्थ है | मकान संख्या : १४४/८० | आयु : 39 लिंग : पुरुष
2026-EROLLGEN-S24-86-SIR-FinalRoll-Revision1-HIN-17-WI.pdf,86,17,28,30,780,,780,780,ZSY1263375,मधुवती,HUSBAND,: मदन लाल,५१५/११७,50,Female,False,0.0182,False,False,नाम : मधुवती | पति का नाम: : मदन लाल | फोटो उपलब्ध है | मकान संख्या : ५१५/११७ | आयु : 50 लिंग : महिला
2026-EROLLGEN-S24-86-SIR-FinalRoll-Revision1-HIN-17-WI.pdf,86,17,29,1,781,,781,781,ZSY3621901,समीना,HUSBAND,शकील,खंदौली,52,,False,0.0229,False,True,नाम : समीना | पति का नाम:  शकील | फोटो उपलब्थ है | मकान संख्या : खंदौली | लिंग : महिला | आयु 52
2026-EROLLGEN-S24-86-SIR-FinalRoll-Revision1-HIN-17-WI.pdf,86,17,29,2,782,,782,782,ZSY3922523,हाजरा,HUSBAND,गुडू्र,खंदौली,४४,Female,False,0.0266,False,False,नाम : हाजरा | पति का नाम: गुडू्र | फोटो उपलब्थ है[ | मकान संख्या : खंदौली | आयु : ४४ लिंग : महिला
2026-EROLLGEN-S24-86-SIR-FinalRoll-Revision1-HIN-17-WI.pdf,86,17,29,3,783,,783,783,ZSY3844339,नाम नाजिश,FATHER,हस्मुद्वीन,खंडौली,25,,False,0.0227,False,True,नाम नाजिश | पिता का नाम: हस्मुद्वीन | फोटो उपलब्थ है | मकान संख्या : खंडौली | लिंग : महिला | आयु 25
2026-EROLLGEN-S24-86-SIR-FinalRoll-Revision1-HIN-17-WI.pdf,86,17,29,4,784,,784,784,ZSY3636925,रोशनी,FATHER,,खंदौली,24,Female,False,0.0232,False,True,नाम : रोशनी | पिता का नाम: | : गुहू्र | फोटो उपलब्ध है[ | मकान संख्या : खंदौली | आयु : 24 लिंग : महिला
2026-EROLLGEN-S24-86-SIR-FinalRoll-Revision1-HIN-17-WI.pdf,86,17,29,5,785,,785,785,ZSY3608676,चांद मोहम्मद,FATHER,,खंडोली,22,Male,False,0.0266,False,True,नाम : चांद मोहम्मद | पिता का नाम: | पप्पू | फोटो उपलब्ध है | मकान संख्या: खंडोली | आयु : 22 लिंग : पुरुष
2026-EROLLGEN-S24-86-SIR-FinalRoll-Revision1-HIN-17-WI.pdf,86,17,29,6,786,,786,786,ZSY3639879,आकिब,FATHER,पिता का नामः गबरुद्वीन,खंदोली,22,Male,False,0.0233,False,False,नाम : आकिब | पिता का नामः गबरुद्वीन | फोटो उपलब्ध है[ | मकान संख्या  : खंदोली | आयु : 22 लिंग : पुरुष
2026-EROLLGEN-S24-86-SIR-FinalRoll-Revision1-HIN-17-WI.pdf,86,17,29,7,787,,787,787,ZSY3640802,करीना,FATHER,गवर्ह्वीन,खंदौली,22,Female,False,0.0199,False,False,नाम: करीना | पिता का नाम: गवर्ह्वीन | फोटो उपलब्थ है | मकान संख्या : खंदौली | आयु 22 लिंग : महिला
2026-EROLLGEN-S24-86-SIR-FinalRoll-Revision1-HIN-17-WI.pdf,86,17,29,8,788,,788,788,ZSY3704434,शावेस,FATHER,अय्यूब,खंडौली,21,Male,False,0.023,False,False,नाम : शावेस | पिता का नाम: अय्यूब | फोटो उपलब्ध है | मकान संख्या : खंडौली | आयु : 21 लिंग : पुरुष
2026-EROLLGEN-S24-86-SIR-FinalRoll-Revision1-HIN-17-WI.pdf,86,17,29,9,789,,789,789,ZSY2511947,रूखसार,HUSBAND,अज्जो,किला,30,Female,False,0.0181,False,False,नाम: रूखसार | पति का नाम: अज्जो | फोटो उपलब्ध है | मकान संख्या :किला | आयु 30 लिंग : महिला
2026-EROLLGEN-S24-86-SIR-FinalRoll-Revision1-HIN-17-WI.pdf,86,17,29,10,790,,790,790,ZSY4037834,नाम,HUSBAND,पति प्रतीक,मकान संख्या निअर कानरा बैंक,27,Female,False,0.0254,False,False,स्मिता पांडेय | नाम | पति प्रतीक | का नाम: कुमार | फोटो उपलब्ध है | मकान संख्या निअर कानरा बैंक | आयु 27 लिंग : महिला
2026-EROLLGEN-S24-86-SIR-FinalRoll-Revision1-HIN-17-WI.pdf,86,17,29,11,791,,791,791,ZSY3921442,रिहाना,HUSBAND,,व्यापारी मोहला खंदौली,35,Female,False,0.0267,False,True,नाम : रिहाना | पति का नाम: | भोलू | फोटो उपलब्ध है | मकान संख्या : व्यापारी मोहला खंदौली | आयु :35 लिंग : महिला
2026-EROLLGEN-S24-86-SIR-FinalRoll-Revision1-HIN-17-WI.pdf,86,17,30,1,792,,811,792,1ZSY4047338,कामिनी शर्मा,HUSBAND,मुकेश शर्मा,निअर कानरा बैंक,52,,False,0.0289,False,True,नाम : कामिनी शर्मा | पति का नाम: मुकेश शर्मा | फोटो उपलब्थ है | मकान संख्या :निअर कानरा बैंक | लिंग : महिला | आयु 52
2026-EROLLGEN-S24-86-SIR-FinalRoll-Revision1-HIN-17-WI.pdf,86,17,30,2,793,,812,793,1ZSY4051033,ुड़ी,HUSBAND,रहीस,126,48,Female,False,0.0285,False,False,नाम : ुड़ी | पति का नाम: रहीस | फोटो उपलब्थ है | मकान संख्या: 126 | आयु 48 लिंग : महिला
2026-EROLLGEN-S24-86-SIR-FinalRoll-Revision1-HIN-17-WI.pdf,86,17,30,3,794,,813,794,1ZSY4054029,मुमताज,FATHER,,380,47,Male,False,0.0239,False,True,नाम : मुमताज | पिता का नाम: | मुस्ताक | फोटो उपलब्थ है | मकान संख्या : 380 | आयु: 47 लिंग : पुरुष
2026-EROLLGEN-S24-86-SIR-FinalRoll-Revision1-HIN-17-WI.pdf,86,17,30,4,795,,814,795,1ZSY4054045,बंटू,FATHER,पिता का,82,32,Male,False,0.0212,False,False,नाम : बंटू | पिता का | नाम: टुन्डा | फोटो उपलब्ध है[ | मकान संख्या : 82 | आयु : 32 लिंग : पुरुष
2026-EROLLGEN-S24-86-SIR-FinalRoll-Revision1-HIN-17-WI.pdf,86,17,30,5,796,,815,796,1ZSY4056529,हिना,HUSBAND,अपसार,47,32,Female,False,0.028,False,False,नाम : हिना | पति का नाम: अपसार | फोटो उपलब्ध है | मकान संख्या : 47अ | आयु 32 लिंग : महिला
2026-EROLLGEN-S24-86-SIR-FinalRoll-Revision1-HIN-17-WI.pdf,86,17,30,6,797,,816,797,1ZSY4059648,रानी,HUSBAND,हनीफ,96,35,Female,False,0.0225,False,False,नाम : रानी | पति का नाम: हनीफ | फोटो उपलब्ध है[ | मकान संख्या : 96 | आयु 35 लिंग : महिला
2026-EROLLGEN-S24-86-SIR-FinalRoll-Revision1-HIN-17-WI.pdf,86,17,30,7,798,,817,798,1ZSY4059721,नसीमा,HUSBAND,ताजुद्ीन कुरेशी,81,29,Female,False,0.0204,False,False,नाम : नसीमा | पति का नाम: ताजुद्ीन कुरेशी | फोटो उपलब्थध है | मकान संख्या : 81 | आयु 29 लिंग : महिला
2026-EROLLGEN-S24-86-SIR-FinalRoll-Revision1-HIN-17-WI.pdf,86,17,30,8,799,,818,799,1ZSY4061628,नाम,FATHER,फरमान,21,31,Female,False,0.024,False,False,नाम | : अन्जुम | पिता का नाम: फरमान | फोटो उपलब्ध है | मकान संख्या : 21 | आयु 31 लिंग : महिला
2026-EROLLGEN-S24-86-SIR-FinalRoll-Revision1-HIN-17-WI.pdf,86,17,30,9,800,,819,800,1ZSY4061784,अकिल,FATHER,इस्लाम कुरेशी,109,3२,Male,False,0.0203,False,False,नाम : अकिल | पिता का नाम: इस्लाम कुरेशी | फोटो उपलब्ध है | मकान संख्या: 109 | आयु : 3२ लिंग : पुरुष
2026-EROLLGEN-S24-86-SIR-FinalRoll-Revision1-HIN-17-WI.pdf,86,17,30,10,801,,820,801,1ZSY4061966,नाम,HUSBAND,पति का,82,,,False,0.0196,False,True,: आफरीन | नाम | पति का | नाम: बंटू | फोटो उपलब्ध है | मकान संख्या : 82 | 39 लिंग : महिला | आयु
2026-EROLLGEN-S24-86-SIR-FinalRoll-Revision1-HIN-17-WI.pdf,86,17,30,11,802,,821,802,1ZSY4062030,नाम,FATHER,पिता,82,,,False,0.0241,False,True,वकील | नाम | पिता | का नाम: : टुन्डा | फोटो उपलब्ध है | मकान संख्या: 82 | 47 लिंग : पुरुष | आयु
2026-EROLLGEN-S24-86-SIR-FinalRoll-Revision1-HIN-17-WI.pdf,86,17,30,12,803,,822,803,1ZSY4074399,रिहाना,HUSBAND,पति साहिद,109,,,False,0.0229,False,True,बेगम | नाम: रिहाना | पति साहिद | का नाम: | फोटो उपलब्ध है | मकान संख्या : 109 | 38 लिंग : महिला | आयु
2026-EROLLGEN-S24-86-SIR-FinalRoll-Revision1-HIN-17-WI.pdf,86,17,30,13,804,,823,804,1ZSY4074431,नाम,,,129,34,Female,False,0.0178,False,True,नाम | : सबनम | पित्ता का नाम: : शब्बीर | फोटो उपलब्ध है | मकान संख्या : 129 | आयु : : 34 लिंग : महिला
2026-EROLLGEN-S24-86-SIR-FinalRoll-Revision1-HIN-17-WI.pdf,86,17,30,14,805,,824,805,1ZSY4074498,नाम,HUSBAND,फिरोज़ खान,12,28,Female,False,0.0245,False,False,: यासमीन | नाम | पति का नाम: फिरोज़ खान | फोटो उपलब्ध है | मकान संख्या . 12 | आयु 28 लिंग : महिला
2026-EROLLGEN-S24-86-SIR-FinalRoll-Revision1-HIN-17-WI.pdf,86,17,30,15,806,,825,806,1ZSY4074811,नाम,FATHER,पिता का नाम इरफ़ान,73,18,Female,False,0.0187,False,False,नाम | फरमान | पिता का नाम इरफ़ान | फोटो उपलब्ध है | मकान संख्या: 73 | आयु 18 लिंग : महिला
2026-EROLLGEN-S24-86-SIR-FinalRoll-Revision1-HIN-17-WI.pdf,86,17,30,16,807,,826,807,1ZSY4075859,सोहिल रजा,FATHER,जहीर,149,18,Male,False,0.0239,False,False,नाम : सोहिल रजा | पिता का नाम: जहीर | फोटो उपलब्ध है | मकान संख्या : 149 | आयु 18 लिंग : पुरुष
2026-EROLLGEN-S24-86-SIR-FinalRoll-Revision1-HIN-17-WI.pdf,86,17,30,17,808,,827,808,1ZSY4078689,रेशमा,HUSBAND,पप्पू,96,39,Female,False,0.0286,False,False,नाम  : रेशमा | पति का नाम: पप्पू | फोटो उपलब्ध है | मकान संख्या: 96 | आयु 39 लिंग : महिला
2026-EROLLGEN-S24-86-SIR-FinalRoll-Revision1-HIN-17-WI.pdf,86,17,30,18,809,,828,809,1ZSY4078762,हुमा,HUSBAND,इमरान,81,28,Female,False,0.0244,False,False,नाम : हुमा | पति का नाम: इमरान | फोटो उपलब्ध है | मकान संख्या : 81 | आयु 28 लिंग : महिला
2026-EROLLGEN-S24-86-SIR-FinalRoll-Revision1-HIN-17-WI.pdf,86,17,30,19,810,,829,810,1ZSY4079596,मेहंदी,FATHER,साविर,12,22,Female,False,0.0225,False,False,नाम : मेहंदी | पिता नाम: साविर | का | फोटो उपलब्ध है | मकान संख्या : 12 | आयु : 22 लिंग : महिला
2026-EROLLGEN-S24-86-SIR-FinalRoll-Revision1-HIN-17-WI.pdf,86,17,30,20,811,,830,811,1ZSY4079778,नाम मोहम्मद इरफ़ान न करेशी,FATHER,पिता का अंसार,121,,,False,0.0292,False,True,नाम मोहम्मद इरफ़ान न करेशी | पिता का अंसार | नाम: | फोटो उपलब्ध है | मकान संख्या: 121 | 30 लिंग : पुरुष | आयु
2026-EROLLGEN-S24-86-SIR-FinalRoll-Revision1-HIN-17-WI.pdf,86,17,30,21,812,,831,812,1ZSY4088472,: तहसीम,HUSBAND,जाविद,108,31,Female,False,0.0248,False,False,नाम : : तहसीम | पति का नाम: जाविद | फोटो उपलब्ध है | मकान संख्या: 108 | आयु 31 लिंग : महिला
2026-EROLLGEN-S24-86-SIR-FinalRoll-Revision1-HIN-17-WI.pdf,86,17,30,22,813,,832,813,1ZSY4088597,नाम नासिर कुरेशी,FATHER,मो इस्लाम,109,23,Male,False,0.0245,False,False,नाम नासिर कुरेशी | पिता का नाम: मो इस्लाम | फोटो उपलब्थ है | मकान संख्या : 109 | आयु : 23 लिंग : पुरुष
2026-EROLLGEN-S24-86-SIR-FinalRoll-Revision1-HIN-17-WI.pdf,86,17,30,23,814,,833,814,1ZSY4103305,फरजाना,HUSBAND,सलीम,121,40,Female,False,0.029,False,False,नाम : फरजाना | पति का नाम: सलीम | फोटो उपलब्थ है | मकान संख्या: 121 | आयु 40 लिंग : महिला
2026-EROLLGEN-S24-86-SIR-FinalRoll-Revision1-HIN-17-WI.pdf,86,17,30,24,815,,834,815,1ZSY4105060,हिना,FATHER,आसीन,122,22,Female,False,0.0233,False,False,नाम :  हिना | पिता का नाम: आसीन | फोटो उपलब्थ है | मकान संख्या: 122 | आयु 22 लिंग:  महिला
2026-EROLLGEN-S24-86-SIR-FinalRoll-Revision1-HIN-17-WI.pdf,86,17,30,25,816,,835,816,1ZSY4106019,नाम जमीला,HUSBAND,,1४4,52,Female,False,0.0218,False,True,नाम जमीला | पति का नाम: | चुन्ञा | फोटो उपलब्ध है[ | मकान संख्या : 1४4 | आयु 52 लिंग : महिला
2026-EROLLGEN-S24-86-SIR-FinalRoll-Revision1-HIN-17-WI.pdf,86,17,30,26,817,,836,817,1ZSY4106118,नाम,FATHER,मेहराजुद्वीन,25,28,Female,False,0.0279,False,False,रुवीना | नाम | पिता का नाम: मेहराजुद्वीन | फोटो उपलब्ध है | मकान संख्या: 25 | आयु 28 लिंग महिला
2026-EROLLGEN-S24-86-SIR-FinalRoll-Revision1-HIN-17-WI.pdf,86,17,30,27,818,,837,818,1ZSY4115069,रीना,FATHER,इरफ़ान,73,27,Female,False,0.0228,False,False,नाम : रीना | पिता का नाम: इरफ़ान | फोटो उपलब्ध है | मकान संख्या: 73 | आयु 27 लिंग : महिला
2026-EROLLGEN-S24-86-SIR-FinalRoll-Revision1-HIN-17-WI.pdf,86,17,30,28,819,,838,819,1ZSY4115358,नाम मंतीषा,,,73,19,Female,False,0.0194,False,True,नाम मंतीषा | पित्ता का नाम: इरफ़्ान | फोटो उपलब्थ है | मकान संख्या : 73 | आयु 19 लिंग : महिला
2026-EROLLGEN-S24-86-SIR-FinalRoll-Revision1-HIN-17-WI.pdf,86,17,30,29,820,,839,820,1ZSY4115853,नाम शान अली,FATHER,ताजुद्वीन,90/279,21,Male,False,0.0266,False,False,नाम शान अली | पिता का नाम: ताजुद्वीन | फोटो उपलब्थ है | मकान संख्या 90/279 | आयु 21 लिंग पुरुष
2026-EROLLGEN-S24-86-SIR-FinalRoll-Revision1-HIN-17-WI.pdf,86,17,30,30,821,,840,821,1ZSY4115903,सोहिल,FATHER,,109,19,Male,False,0.0204,False,True,नाम : सोहिल | पिता का नाम: | पप्पू | फोटो उपलब्ध है | मकान संख्या : 109 | आयु: 19 लिंग : पुरुष
2026-EROLLGEN-S24-86-SIR-FinalRoll-Revision1-HIN-17-WI.pdf,86,17,31,1,822,,841,822,1ZSY4121737,सुमाइला,FATHER,शाहिद,80,20,Female,False,0.0236,False,False,नाम : सुमाइला | पिता का नाम: शाहिद | फोटो उपलब्थ है | मकान संख्या : 80 | आयु : 20 लिंग : महिला
2026-EROLLGEN-S24-86-SIR-FinalRoll-Revision1-HIN-17-WI.pdf,86,17,31,2,823,,842,823,1ZSY4121778,रीहाना,HUSBAND,रशिद खान,149,52,Female,False,0.0293,False,False,नाम : रीहाना | पति का नाम: रशिद खान | फोटो उपलब्थ है | मकान संख्या : 149 | आयु 52 लिंग : महिला
2026-EROLLGEN-S24-86-SIR-FinalRoll-Revision1-HIN-17-WI.pdf,86,17,31,3,824,,843,824,1ZSY4123485,नाम निक्की,FATHER,महिराजउद्वीन,136,29,,False,0.0249,False,True,नाम निक्की | पिता का नाम: महिराजउद्वीन | फोटो उपलब्थ है | मकान संख्या : 136 | लिंग : महिला | आयु : 29
2026-EROLLGEN-S24-86-SIR-FinalRoll-Revision1-HIN-17-WI.pdf,86,17,31,4,825,,844,825,1ZSY4123493,खुसबू,FATHER,,73,20,Female,False,0.0219,False,True,नाम : खुसबू | पिता का नाम: | गुलफ़ान | फोटो उपलब्ध है[ | मकान संख्या : 73 | आयु 20 लिंग : महिला
2026-EROLLGEN-S24-86-SIR-FinalRoll-Revision1-HIN-17-WI.pdf,86,17,31,5,826,,845,826,↑ZSY4123501,खुशबू,FATHER,,73,20,Female,False,0.0277,False,True,नाम : खुशबू | पिता का नाम: | गुलफ़ान | फोटो उपलब्ध है | मकान संख्या: 73 | आयु 20 लिंग : महिला
2026-EROLLGEN-S24-86-SIR-FinalRoll-Revision1-HIN-17-WI.pdf,86,17,31,6,827,,846,827,1ZSY4123519,नाम अमीना,HUSBAND,जाविद,90,46,Female,False,0.0224,False,False,नाम अमीना | पति का नाम: जाविद | फोटो उपलब्ध है[ | मकान संख्या : 90 | आयु 46 लिंग: महिला
2026-EROLLGEN-S24-86-SIR-FinalRoll-Revision1-HIN-17-WI.pdf,86,17,31,7,828,,847,828,1ZSY4123527,सारिका,,,136,21,Female,False,0.0195,False,True,नाम : सारिका | पित्ता का नाम: महिराजउद्वीन | फोटो उपलब्ध है | मकान संख्या : 136 | आयु : : 21 लिंग : महिला
2026-EROLLGEN-S24-86-SIR-FinalRoll-Revision1-HIN-17-WI.pdf,86,17,31,8,829,,848,829,2ZSY4123535,रुम्सा,,,136,24,Female,False,0.0247,False,True,नाम : रुम्सा | पित्ता का नाम: महिराजउद्वीन | फोटो उपलब्ध है | मकान संख्या 136 | आयु 24 लिंग : महिला
2026-EROLLGEN-S24-86-SIR-FinalRoll-Revision1-HIN-17-WI.pdf,86,17,31,9,830,,849,830,1ZSY4123543,सीमा,HUSBAND,रिज़वान,80,31,Female,False,0.0189,False,False,नाम : सीमा | पति का नाम: रिज़वान | फोटो उपलब्ध है | मकान संख्या : 80 | आयु:  31 लिंग : महिला
2026-EROLLGEN-S24-86-SIR-FinalRoll-Revision1-HIN-17-WI.pdf,86,17,31,10,831,,850,831,1ZSY4123550,नाम सौम्या कुमार,FATHER,पिता हरिओम सिंह,136,,,False,0.0231,False,True,नाम सौम्या कुमार | पिता हरिओम सिंह | का नाम: | फोटो उपलब्ध है | मकान संख्या : 136 | 19 लिंग : महिला | आयु
2026-EROLLGEN-S24-86-SIR-FinalRoll-Revision1-HIN-17-WI.pdf,86,17,31,11,832,,851,832,1ZSY4123568,नाम,FATHER,पिता जाविद,90,,,False,0.0255,False,True,समरीन | नाम | पिता जाविद | का नाम: | फोटो उपलब्ध है | मकान संख्या : 90 | 28 लिंग महिला | आयु
2026-EROLLGEN-S24-86-SIR-FinalRoll-Revision1-HIN-17-WI.pdf,86,17,31,12,833,,852,833,1ZSY4123576,अन्जुम,HUSBAND,पति,80,,,False,0.0209,False,True,नाम  : अन्जुम | पति | का नाम: इमरान | फोटो उपलब्ध है | मकान संख्या : 80 | 29 लिंग : महिला | आयु
2026-EROLLGEN-S24-86-SIR-FinalRoll-Revision1-HIN-17-WI.pdf,86,17,31,13,834,,853,834,1ZSY4124582,शमा,FATHER,: पप्पू,109,46,Female,False,0.0173,False,False,नाम : शमा | पिता का नाम: : पप्पू | फोटो उपलब्ध है | मकान संख्या : 109 | आयु 46 लिंग : महिला
2026-EROLLGEN-S24-86-SIR-FinalRoll-Revision1-HIN-17-WI.pdf,86,17,31,14,835,,854,835,1ZSY4124624,नाम साजिया,HUSBAND,अदीम,149,21,Female,False,0.0232,False,False,नाम साजिया | पति का नाम: अदीम | फोटो उपलब्ध है | मकान संख्या: 149 | आयु 21 लिंग : महिला
2026-EROLLGEN-S24-86-SIR-FinalRoll-Revision1-HIN-17-WI.pdf,86,17,31,15,836,,855,836,1ZSY4124640,नाम,HUSBAND,अंसार,121,36,Female,False,0.0187,False,False,रहीसा बेगम | नाम | पति का नाम: अंसार | फोटो उपलब्ध है | मकान संख्या : 121 | आयु 36 लिंग : महिला
2026-EROLLGEN-S24-86-SIR-FinalRoll-Revision1-HIN-17-WI.pdf,86,17,31,16,837,,856,837,1ZSY4139010,नाम,FATHER,गुलफ़ान,73,23,Female,False,0.0241,False,False,नाम | : मुस्कान | पिता का नाम: गुलफ़ान | फोटो उपलब्ध है | मकान संख्या : 73 | आयु 23 लिंग : महिला
2026-EROLLGEN-S24-86-SIR-FinalRoll-Revision1-HIN-17-WI.pdf,86,17,31,17,838,,857,838,1ZSY4139028,बंटी,FATHER,मुरारी लाल,515/117,30,Male,False,0.0317,False,False,नाम : बंटी | कुमार | पिता का नाम: मुरारी लाल | फोटो उपलब्ध है | मकान संख्या : 515/117 | आयु 30 लिंग : पुरुष
2026-EROLLGEN-S24-86-SIR-FinalRoll-Revision1-HIN-17-WI.pdf,86,17,31,18,839,,858,839,1ZSY4139051,हिना,FATHER,इरफान,73,23,Female,False,0.0242,False,False,नाम : हिना | पिता का नाम: इरफान | फोटो उपलब्ध है | मकान संख्या : 73 | आयु 23 लिंग : महिला
2026-EROLLGEN-S24-86-SIR-FinalRoll-Revision1-HIN-17-WI.pdf,86,17,31,19,840,,859,840,1ZSY4139077,करिश्मा,FATHER,पिता,73,21,Female,False,0.0232,False,False,नाम : करिश्मा | पिता | का नाम: इरफान | फोटो उपलब्ध है | मकान संख्या : 73 | आयु : 21 लिंग : महिला
2026-EROLLGEN-S24-86-SIR-FinalRoll-Revision1-HIN-17-WI.pdf,86,17,31,20,841,,860,841,1ZSY4140745,नाम,HUSBAND,: बंटी कुमार,515/117,20,Female,False,0.0302,False,False,: कामिनी | नाम | पति का नाम: : बंटी कुमार | फोटो उपलब्ध है | मकान संख्या: 515/117 | आयु 20 लिंग : महिला
2026-EROLLGEN-S24-86-SIR-FinalRoll-Revision1-HIN-17-WI.pdf,86,17,31,21,842,,861,842,1ZSY4140786,दानिश,FATHER,सफीक,72,19,,False,0.0229,False,True,दानिश | नाम : | पिता नाम: सफीक | का | फोटो उपलब्ध है | मकान संख्या: 72 | आयु 19 लिंग | T : पुरुष
2026-EROLLGEN-S24-86-SIR-FinalRoll-Revision1-HIN-17-WI.pdf,86,17,31,22,843,,862,843,1ZSY4144002,रानी कुरेशी,FATHER,प्पू कुरेशी,80,22,Female,False,0.0248,False,False,नाम : रानी कुरेशी | पिता का नाम: प्पू कुरेशी | फोटो उपलब्थ है | मकान संख्या : 80 | आयु 22 लिंग : महिला
2026-EROLLGEN-S24-86-SIR-FinalRoll-Revision1-HIN-17-WI.pdf,86,17,31,23,844,,863,844,1ZSY4144028,मेकसा,FATHER,: युनिस,91,२४,Female,False,0.0281,False,False,नाम : मेकसा | पिता का नाम: : युनिस | फोटो उपलब्थ है | मकान संख्या : 91 | आयु २४ लिंग : महिला
2026-EROLLGEN-S24-86-SIR-FinalRoll-Revision1-HIN-17-WI.pdf,86,17,31,24,845,,864,845,1ZSY4144044,आशा देवी,HUSBAND,हरिओम,136,52,Female,False,0.0254,False,False,नाम : आशा देवी | पति का नाम: हरिओम | फोटो उपलब्थ है | मकान संख्या : 136 | आयु: : 52 लिंग : महिला
2026-EROLLGEN-S24-86-SIR-FinalRoll-Revision1-HIN-17-WI.pdf,86,17,31,25,846,,865,846,1ZSY4144069,नाम,FATHER,युनिस,91,26,Female,False,0.0219,False,False,नाम | : सयामा | पिता का नाम: युनिस | फोटो उपलब्ध है[ | मकान संख्या : 91 | आयु 26 लिंग : महिला
2026-EROLLGEN-S24-86-SIR-FinalRoll-Revision1-HIN-17-WI.pdf,86,17,31,26,847,,866,847,1ZSY4144093,नाम,FATHER,पप्पू कुरेशी,80,26,Female,False,0.0287,False,False,: नाज़मीन | नाम | पिता का नाम: पप्पू कुरेशी | फोटो उपलब्ध है | मकान संख्या : 80 | आयु 26 लिंग महिला
2026-EROLLGEN-S24-86-SIR-FinalRoll-Revision1-HIN-17-WI.pdf,86,17,31,27,848,,867,848,1ZSY4144127,मेह्वीस,FATHER,युनिस,91,22,Female,False,0.0223,False,False,नाम : मेह्वीस | पिता का नाम: युनिस | फोटो उपलब्ध है | मकान संख्या: 91 | आयु 22 लिंग : महिला
2026-EROLLGEN-S24-86-SIR-FinalRoll-Revision1-HIN-17-WI.pdf,86,17,31,28,849,,868,849,1ZSY4147278,नाम चांद मोहम्मद,FATHER,हनीफ,240,29,Male,False,0.0211,False,False,नाम चांद मोहम्मद | पिता का नाम: हनीफ | फोटो उपलब्थ है | मकान संख्या : 240 | आयु 29 लिंग : पुरुष
2026-EROLLGEN-S24-86-SIR-FinalRoll-Revision1-HIN-17-WI.pdf,86,17,31,29,850,,869,850,1ZSY4147286,इमरान,FATHER,इरफान,73,20,Male,False,0.0246,False,False,नाम : इमरान | पिता का नाम: इरफान | फोटो उपलब्थ है | मकान संख्या: 73 | आयु : 20 लिंग : पुरुष
2026-EROLLGEN-S24-86-SIR-FinalRoll-Revision1-HIN-17-WI.pdf,86,17,31,30,851,,870,851,1ZSY4147344,हिना,FATHER,हनीफ,240,25,Female,False,0.0202,False,False,नाम : हिना | पिता का नाम: हनीफ | फोटो उपलब्ध है | मकान संख्या : 240 | आयु: 25 लिंग : महिला
2026-EROLLGEN-S24-86-SIR-FinalRoll-Revision1-HIN-17-WI.pdf,86,17,32,1,852,,871,852,1ZSY4147385,नसीमा,FATHER,शरीफ,126,28,Female,False,0.0229,False,False,नाम : नसीमा | पिता का नाम: शरीफ | फोटो उपलब्थ है | मकान संख्या : 126 | आयु 28 लिंग : महिला
2026-EROLLGEN-S24-86-SIR-FinalRoll-Revision1-HIN-17-WI.pdf,86,17,32,2,853,,872,853,1ZSY4147302,सहनाज,HUSBAND,हनीफ,240,71,,False,0.0293,False,True,नाम : सहनाज | पति का नाम: हनीफ | फोटो उपलब्थ है | मकान संख्या : 240 | लिंग : महिला | आयु 71
2026-EROLLGEN-S24-86-SIR-FinalRoll-Revision1-HIN-17-WI.pdf,86,17,32,3,854,,873,854,1ZSY4147294,अयान,FATHER,अंसार,121,२०,Male,False,0.023,False,False,नाम : अयान | पिता का  नाम: अंसार | फोटो उपलब्थ है | मकान संख्या: 121 | आयु: २० लिंग : पुरुष
2026-EROLLGEN-S24-86-SIR-FinalRoll-Revision1-HIN-17-WI.pdf,86,17,32,4,855,,874,855,1ZSY4147245,सोहिल,FATHER,शरीफ,126,24,Male,False,0.0219,False,False,नाम : सोहिल | पिता का नाम: शरीफ | फोटो उपलब्ध है[ | मकान संख्या : 126 | आयु : 24 लिंग : पुरुष
2026-EROLLGEN-S24-86-SIR-FinalRoll-Revision1-HIN-17-WI.pdf,86,17,32,5,856,,875,856,1ZSY4147229,रिहाना,HUSBAND,गब्बर,230,34,Female,False,0.0276,False,False,नाम : रिहाना | पति का नाम: गब्बर | फोटो उपलब्ध है | मकान संख्या : 230 | आयु 34 लिंग : महिला
2026-EROLLGEN-S24-86-SIR-FinalRoll-Revision1-HIN-17-WI.pdf,86,17,32,6,857,,876,857,1ZSY4147237,नाम रेशमा,FATHER,: शरीफ,126,27,Female,False,0.0226,False,False,नाम रेशमा | पिता का नाम: : शरीफ | फोटो उपलब्ध है[ | मकान संख्या : 126 | आयु ं: 27 लिंग : महिला
2026-EROLLGEN-S24-86-SIR-FinalRoll-Revision1-HIN-17-WI.pdf,86,17,32,7,858,,877,858,1ZSY4147260,दिलशाद,,,121,27,Male,False,0.018,False,True,नाम : दिलशाद | पित्ता का नाम: अंसार | फोटो उपलब्थध है | मकान संख्या : 121 | आयु : 27 लिंग : पुरुष
2026-EROLLGEN-S24-86-SIR-FinalRoll-Revision1-HIN-17-WI.pdf,86,17,32,8,859,,878,859,1ZSY4147252,गुलफ्रसा,FATHER,: हनीफ,240,26,Female,False,0.0255,False,False,नाम : गुलफ्रसा | पिता का नाम: : हनीफ | फोटो उपलब्ध है | मकान संख्या : 240 | आयु 26 लिंग : महिला
2026-EROLLGEN-S24-86-SIR-FinalRoll-Revision1-HIN-17-WI.pdf,86,17,32,9,860,,879,860,1ZSY4150009,आरिफ,FATHER,शब्बीर,124,28,Male,False,0.0182,False,False,नाम : आरिफ | पिता का नाम: शब्बीर | फोटो उपलब्ध है | मकान संख्या: 124 | आयु: : 28 लिंग : पुरुष
2026-EROLLGEN-S24-86-SIR-FinalRoll-Revision1-HIN-17-WI.pdf,86,17,32,10,861,,880,861,1ZSY4150017,मुस्कान,FATHER,शब्बीर,124,,,False,0.0195,False,True,नाम : मुस्कान | पिता नाम: शब्बीर | का | फोटो उपलब्ध है | मकान संख्या : 124 | 20 लिंग : महिला | आयु
2026-EROLLGEN-S24-86-SIR-FinalRoll-Revision1-HIN-17-WI.pdf,86,17,32,11,862,,881,862,1ZSY4150025,रिहान,FATHER,पिता,149,,,False,0.0236,False,True,नाम  : रिहान | पिता | का नाम: फ्रौजू | फोटो उपलब्ध है | मकान संख्या : 149 | 19 लिंग : पुरुष | आयु
2026-EROLLGEN-S24-86-SIR-FinalRoll-Revision1-HIN-17-WI.pdf,86,17,32,12,863,,882,863,1ZSY4150058,फरमान कुरेशी,FATHER,पिता शब्बीर,124,,,False,0.022,False,True,नाम : फरमान कुरेशी | पिता शब्बीर | का नाम: | फोटो उपलब्ध है | मकान संख्या T : 124 | 23 लिंग : पुरुष | आयु
2026-EROLLGEN-S24-86-SIR-FinalRoll-Revision1-HIN-17-WI.pdf,86,17,32,13,864,,883,864,1ZSY4150124,नाम  गुड़िया,,,121,24,Female,False,0.0177,False,True,नाम  गुड़िया | पित्ता का नाम: अंसार | फोटो उपलब्ध है | मकान संख्या : 121 | आयु : 24 लिंग : महिला
2026-EROLLGEN-S24-86-SIR-FinalRoll-Revision1-HIN-17-WI.pdf,86,17,32,14,865,,884,865,1ZSY4150132,नाम साजिया,,,124,18,Female,False,0.0238,False,True,नाम साजिया | पित्ता का नाम: शब्बीर | फोटो उपलब्ध है | मकान संख्या: 124 | आयु 18 लिंग : महिला
2026-EROLLGEN-S24-86-SIR-FinalRoll-Revision1-HIN-17-WI.pdf,86,17,32,15,866,,885,866,1ZSY4150157,नाम रोशनी,FATHER,पिता का नामः अंसार,121,23,Female,False,0.0184,False,False,नाम रोशनी | पिता का नामः अंसार | फोटो उपलब्ध है | मकान संख्या: 121 | आयु 23 लिंग : महिला
2026-EROLLGEN-S24-86-SIR-FinalRoll-Revision1-HIN-17-WI.pdf,86,17,32,16,867,,886,867,1ZSY4150165,सकीला,HUSBAND,: शब्बीर,124,51,Female,False,0.0239,False,False,नाम : सकीला | पति का नाम: : शब्बीर | फोटो उपलब्ध है | मकान संख्या : 124 | आयु 51 लिंग : महिला
2026-EROLLGEN-S24-86-SIR-FinalRoll-Revision1-HIN-17-WI.pdf,86,17,32,17,868,,887,868,1ZSY4150173,साईबा,FATHER,अंसार,121,23,Female,False,0.0291,False,False,नाम : साईबा | पिता का नाम: अंसार | फोटो उपलब्ध है | मकान संख्या: 121 | आयु 23 लिंग : महिला
2026-EROLLGEN-S24-86-SIR-FinalRoll-Revision1-HIN-17-WI.pdf,86,17,32,18,869,,888,869,1ZSY4154050,गुड़िया,HUSBAND,,14,35,Female,False,0.024,False,True,नाम : गुड़िया | पति का नाम: | सानू | फोटो उपलब्ध है | मकान संख्या : 14 | आयु 35 लिंग : महिला
2026-EROLLGEN-S24-86-SIR-FinalRoll-Revision1-HIN-17-WI.pdf,86,17,32,19,870,,889,870,1ZSY4154100,सायमा,HUSBAND,नकीम,80,3२,Female,False,0.0234,False,False,नाम : सायमा | पति का नाम: नकीम | फोटो उपलब्ध है | मकान संख्या : 80 | आयु : 3२ 2लिंग : महिला
2026-EROLLGEN-S24-86-SIR-FinalRoll-Revision1-HIN-17-WI.pdf,86,17,32,20,871,,890,871,1ZSY4154118,मुबीना,HUSBAND,पति,25,,,False,0.0291,False,True,नाम : मुबीना | पति | का नाम: महराजुद्वीन | फोटो उपलब्ध है | मकान संख्या : 25 | 49 लिंग : महिला | आयु
2026-EROLLGEN-S24-86-SIR-FinalRoll-Revision1-HIN-17-WI.pdf,86,17,32,21,872,,891,872,1ZSY4154126,नजरुद्वीन,,,123,,,False,0.0243,False,True,सानिया | नाम : | पित्ता नाम: नजरुद्वीन | का | फोटो उपलब्ध है | मकान संख्या : 123 | 19 लिंग: महिला | आयु
2026-EROLLGEN-S24-86-SIR-FinalRoll-Revision1-HIN-17-WI.pdf,86,17,32,22,873,,892,873,1ZSY4155057,मीना,HUSBAND,ताजुद्ीन,90/279,52,Female,False,0.0232,False,False,नाम : मीना | पति का नाम: ताजुद्ीन | फोटो उपलब्थ है | मकान संख्या : 90/279 | आयु 52 लिंग . महिला
2026-EROLLGEN-S24-86-SIR-FinalRoll-Revision1-HIN-17-WI.pdf,86,17,32,23,874,,893,874,1ZSY4155065,साईन,FATHER,पप्पू कुरैशी,109,21,Female,False,0.0289,False,False,नाम : साईन | पिता का नाम: पप्पू कुरैशी | फोटो उपलब्थ है | मकान संख्या : 109 | आयु : 21 लिंग : महिला
2026-EROLLGEN-S24-86-SIR-FinalRoll-Revision1-HIN-17-WI.pdf,86,17,32,24,875,,894,875,1ZSY4155115,सीमा,HUSBAND,साबिर,109,36,Female,False,0.0228,False,False,नाम : सीमा | पति का नाम: साबिर | फोटो उपलब्थ है | मकान संख्या: 109 | आयु 36 लिंग : महिला
2026-EROLLGEN-S24-86-SIR-FinalRoll-Revision1-HIN-17-WI.pdf,86,17,32,25,876,,895,876,1ZSY4156311,नाम कुरेशी,FATHER,इस्लाम करेशी,109,28,Male,False,0.0246,False,False,नाम कुरेशी | : शारुख | पिता का नाम: इस्लाम करेशी | फोटो उपलब्ध है[ | मकान संख्या : 109 | आयु ं 28 लिंग : पुरुष
2026-EROLLGEN-S24-86-SIR-FinalRoll-Revision1-HIN-17-WI.pdf,86,17,32,26,877,,896,877,1ZSY4156337,नाम,FATHER,पिता का नामः आसीन,122,18,Female,False,0.0274,False,False,ओनिया | नाम | पिता का नामः आसीन | फोटो उपलब्ध है | मकान संख्या: 122 | आयु 18 लिंग : महिला
2026-EROLLGEN-S24-86-SIR-FinalRoll-Revision1-HIN-17-WI.pdf,86,17,32,27,878,,897,878,1ZSY4156345,मेहक,FATHER,साबिर,12,18,Female,False,0.0219,False,False,नाम : मेहक | पिता का नाम: साबिर | फोटो उपलब्ध है | मकान संख्या: 12 | आयु 18 लिंग: महिला
2026-EROLLGEN-S24-86-SIR-FinalRoll-Revision1-HIN-17-WI.pdf,86,17,32,28,879,,898,879,1ZSY4156352,नाम • रुमसा,,,25,23,Female,False,0.0203,False,True,नाम • रुमसा | पित्ता का नाम: मेहराजुद्ीन | फोटो उपलब्थ है | मकान संख्या : 25 | आयु 23 लिंग : महिला
2026-EROLLGEN-S24-86-SIR-FinalRoll-Revision1-HIN-17-WI.pdf,86,17,32,29,880,,899,880,1ZSY4156360,समीर,FATHER,: साविर,12,21,Male,False,0.024,False,False,नाम : समीर | पिता का नाम: : साविर | फोटो उपलब्थ है | मकान संख्या: 12 | आयु ं 21 लिंग : पुरुष
2026-EROLLGEN-S24-86-SIR-FinalRoll-Revision1-HIN-17-WI.pdf,86,17,32,30,881,,900,881,1ZSY4158762,नाम इस्लाम,FATHER,गुलला कुरेशी,109,60,Male,False,0.0217,False,False,नाम इस्लाम | पिता का नाम: गुलला कुरेशी | फोटो उपलब्ध है | मकान संख्या : 109 | आयु: 60 लिंग : पुरुष
2026-EROLLGEN-S24-86-SIR-FinalRoll-Revision1-HIN-17-WI.pdf,86,17,33,1,882,,901,882,1ZSY4158796,गुडड्,FATHER,कल्लू,126,37,Male,False,0.023,False,False,नाम : गुडड् | पिता का नाम: कल्लू | फोटो उपलब्थ है | मकान संख्या : 126 | आयु : 37 लिंग : पुरुष
2026-EROLLGEN-S24-86-SIR-FinalRoll-Revision1-HIN-17-WI.pdf,86,17,33,2,883,,902,883,1ZSY4158804,समा क्रेशी,FATHER,इस्लाम क्रेशी,109,30,Female,False,0.0321,False,False,नाम : समा क्रेशी | पिता का नाम: इस्लाम क्रेशी | फोटो उपलब्थ है | मकान संख्या :109 | आयु 30 लिंग : महिला
2026-EROLLGEN-S24-86-SIR-FinalRoll-Revision1-HIN-17-WI.pdf,86,17,33,3,884,,903,884,1ZSY4158812,वशीम,FATHER,गुडडू,126,२४,Male,False,0.0231,False,False,नाम : वशीम | पिता का नाम: गुडडू | फोटो उपलब्थ है | मकान संख्या : 126 | आयु: २४ लिंग : पुरुष
2026-EROLLGEN-S24-86-SIR-FinalRoll-Revision1-HIN-17-WI.pdf,86,17,33,4,885,,904,885,1ZSY4161469,नाम सारिका,FATHER,: ताहिर,47,23,Female,False,0.0222,False,False,नाम सारिका | पिता का नाम: : ताहिर | फोटो उपलब्ध है[ | मकान संख्या : 47 य | आयु 23 लिंग : महिला
2026-EROLLGEN-S24-86-SIR-FinalRoll-Revision1-HIN-17-WI.pdf,86,17,33,5,886,,905,886,1ZSY4161543,समीना,HUSBAND,नसीरा,47,40,Female,False,0.0274,False,False,नाम : समीना | पति का नाम: नसीरा | फोटो उपलब्ध है | मकान संख्या : 47 अ | आयु 40 लिंग : महिला
2026-EROLLGEN-S24-86-SIR-FinalRoll-Revision1-HIN-17-WI.pdf,86,17,33,6,887,,906,887,1ZSY4161568,समीर,FATHER,: ताहिर,47,21,Male,False,0.0221,False,False,नाम: समीर | पिता का नाम: : ताहिर | फोटो उपलब्ध है[ | मकान संख्या: 47 य | आयु  : 21 लिंग : पुरुष
2026-EROLLGEN-S24-86-SIR-FinalRoll-Revision1-HIN-17-WI.pdf,86,17,33,7,888,,907,888,1ZSY4161584,सारिक,,,47,28,Male,False,0.0199,False,True,नाम : सारिक | पित्ता का नाम: ताहिर कुरेशी | फोटो उपलब्थ है | मकान संख्या : 47य | आयु : 28 लिंग : पुरुष
2026-EROLLGEN-S24-86-SIR-FinalRoll-Revision1-HIN-17-WI.pdf,86,17,33,8,889,,908,889,1ZSY4162434,मोहम्मद सलमान,,,126,30,Male,False,0.0257,False,True,नाम : मोहम्मद सलमान | पित्ता का नाम: असलम | फोटो उपलब्ध है | मकान संख्या 126 | आयु 30 लिंग : पुरुष
2026-EROLLGEN-S24-86-SIR-FinalRoll-Revision1-HIN-17-WI.pdf,86,17,33,9,890,,909,890,1ZSY4163077,मोहद फ्रैज़ान,FATHER,असलम,126,28,Male,False,0.0203,False,False,नाम : मोहद फ्रैज़ान | पिता का नाम: असलम | फोटो उपलब्ध है | मकान संख्या : 126 | आयु : 28 लिंग : पुरुष
2026-EROLLGEN-S24-86-SIR-FinalRoll-Revision1-HIN-17-WI.pdf,86,17,33,10,891,,910,891,1ZSY4163093,सोनी,FATHER,पिता,126,31,Female,False,0.0201,False,False,नाम : सोनी | पिता | का नाम: असलम | फोटो उपलब्ध है | मकान संख्या : 126 | आयु: 31 लिंग : महिला
2026-EROLLGEN-S24-86-SIR-FinalRoll-Revision1-HIN-17-WI.pdf,86,17,33,11,892,,911,892,1ZSY4163101,नाम,FATHER,पिता इदरीश,80,,,False,0.0242,False,True,", जमलो | नाम | पिता इदरीश | का नाम: | फोटो उपलब्ध है | मकान संख्या: 80 | 34 लिंग : पुरुष | आयु"
2026-EROLLGEN-S24-86-SIR-FinalRoll-Revision1-HIN-17-WI.pdf,86,17,33,12,893,,912,893,1ZSY4163929,असलम,FATHER,पिता,126,,,False,0.0205,False,True,नाम : असलम | पिता | का नाम: कल्लू | फोटो उपलब्ध है | मकान संख्या : 126 | 59 लिंग : पुरुष | आयु
2026-EROLLGEN-S24-86-SIR-FinalRoll-Revision1-HIN-17-WI.pdf,86,17,33,13,894,,913,894,1ZSY4208732,रीहाना,HUSBAND,राशिद,149,52,Female,False,0.0185,False,False,नाम : रीहाना | पति का नाम: राशिद | फोटो उपलब्ध है | मकान संख्या : 149 | आयु : 52 लिंग : महिला
2026-EROLLGEN-S24-86-SIR-FinalRoll-Revision1-HIN-17-WI.pdf,86,17,33,14,895,,914,895,1ZSY4208963,नाम सोनम,HUSBAND,जाहिद,126,31,Female,False,0.0234,False,False,नाम सोनम | पति का नाम: जाहिद | फोटो उपलब्ध है | मकान संख्या: 126 | आयु 31 लिंग : महिला
2026-EROLLGEN-S24-86-SIR-FinalRoll-Revision1-HIN-17-WI.pdf,86,17,33,15,896,,915,896,1ZSY4208971,नाम लकी कुरैशी,FATHER,वकील कुरेशी,36,19,Male,False,0.0205,False,False,नाम लकी कुरैशी | पिता का नाम: वकील कुरेशी | फोटो उपलब्ध है | मकान संख्या : 36 | आयु 19 लिंग : पुरुष
2026-EROLLGEN-S24-86-SIR-FinalRoll-Revision1-HIN-17-WI.pdf,86,17,33,16,897,,916,897,1ZSY4208989,समीना बेगम,HUSBAND,असलम,36,36,Female,False,0.0251,False,False,नाम : समीना बेगम | पति का नाम: असलम | फोटो उपलब्ध है | मकान संख्या : 36 | आयु 36 लिंग : महिला
2026-EROLLGEN-S24-86-SIR-FinalRoll-Revision1-HIN-17-WI.pdf,86,17,33,17,898,,917,898,-ZSY4208997,नाम शिपा,FATHER,वेदरिया,118,19,Female,False,0.0294,False,False,नाम शिपा | पिता का नाम: वेदरिया | फोटो उपलब्ध है[ | मकान संख्या: 118 | आयु 19 लिंग : महिला
2026-EROLLGEN-S24-86-SIR-FinalRoll-Revision1-HIN-17-WI.pdf,86,17,33,18,899,,918,899,1ZSY4209003,नाम सौम्या,FATHER,हरिओम सिंह,136,19,Male,False,0.0276,False,False,नाम सौम्या | कुमार | पिता का नाम: हरिओम सिंह | फोटो उपलब्ध है | मकान संख्या : 136 | आयु 19 लिंग  : पुरुष
2026-EROLLGEN-S24-86-SIR-FinalRoll-Revision1-HIN-17-WI.pdf,86,17,33,19,900,,919,900,1ZSY4209011,सानू,FATHER,वेरदरिया,118,37,Male,False,0.0229,False,False,नाम : सानू | पिता नाम: वेरदरिया | का | फोटो उपलब्ध है | मकान संख्या : 118 | आयु : 37 लिंग : पुरुष
2026-EROLLGEN-S24-86-SIR-FinalRoll-Revision1-HIN-17-WI.pdf,86,17,33,20,901,,920,901,1ZSY4209037,सीमा,HUSBAND,पति,126,37,Female,False,0.0277,False,False,नाम : सीमा | पति | का नाम: प्पू | फोटो उपलब्ध है | मकान संख्या: 126 | आयु: 37 लिंग : महिला
2026-EROLLGEN-S24-86-SIR-FinalRoll-Revision1-HIN-17-WI.pdf,86,17,33,21,902,,921,902,1ZSY4209185,रोहिद,FATHER,पिता,109,21,Male,False,0.0228,False,False,नाम : रोहिद | पिता | का ं नाम: पप्पू | फोटो उपलब्ध है | मकान संख्या: 109 | आयु: 21 लिंग : पुरुष
2026-EROLLGEN-S24-86-SIR-FinalRoll-Revision1-HIN-17-WI.pdf,86,17,33,22,903,,922,903,1ZSY4209219,नाम बेगम,HUSBAND,शब्बीर,76/20,35,Female,False,0.0256,False,False,नाम बेगम | : हुसना | पति का नाम: शब्बीर | फोटो उपलब्थ है | मकान संख्या : 76/20 | आयु 35 लिंग महिला
2026-EROLLGEN-S24-86-SIR-FinalRoll-Revision1-HIN-17-WI.pdf,86,17,33,23,904,,923,904,1ZSY4209227,हसनेन,FATHER,जाविद,90,18,Male,False,0.0274,False,False,नाम : हसनेन | पिता का नाम: जाविद | फोटो उपलब्थ है | मकान संख्या : 90 | आयु 18 लिंग : पुरुष
2026-EROLLGEN-S24-86-SIR-FinalRoll-Revision1-HIN-17-WI.pdf,86,17,33,24,905,,924,905,1ZSY4209243,शानू,FATHER,: टुण्डा सिंधी कुरैशी,82,25,Male,False,0.025,False,False,नाम : शानू | पिता का नाम: : टुण्डा सिंधी कुरैशी | फोटो उपलब्थ है | मकान संख्या : 82 | आयु: : 25 लिंग : पुरुष
2026-EROLLGEN-S24-86-SIR-FinalRoll-Revision1-HIN-17-WI.pdf,86,17,33,25,906,,925,906,1ZSY4209300,मूबारक,FATHER,शाहिद,80,21,Male,False,0.0222,False,False,नाम : मूबारक | पिता का नाम: शाहिद | फोटो उपलब्ध है[ | मकान संख्या : 80 | आयु : 21 लिंग : पुरुष
2026-EROLLGEN-S24-86-SIR-FinalRoll-Revision1-HIN-17-WI.pdf,86,17,33,26,907,,926,907,1ZSY4209318,नाम,FATHER,मैहराजुददीन,136,18,Male,False,0.0306,False,False,मौहम्मद अरशद | नाम | पिता का नाम: मैहराजुददीन | फोटो उपलब्ध है | मकान संख्या: 136 | आयु 18 लिंग पुरुष
2026-EROLLGEN-S24-86-SIR-FinalRoll-Revision1-HIN-17-WI.pdf,86,17,33,27,908,,927,908,1ZSY4209326,मोनी,FATHER,: वेदरिया,118,18,Female,False,0.0236,False,False,नाम : मोनी | पिता का नाम: : वेदरिया | फोटो उपलब्ध है | मकान संख्या : 118 | आयु 18 लिंग: महिला
2026-EROLLGEN-S24-86-SIR-FinalRoll-Revision1-HIN-17-WI.pdf,86,17,33,28,909,,928,909,1ZSY4209367,रुबीना करेशी,HUSBAND,दीन मोहम्मद,563,32,Female,False,0.0235,False,False,नाम : रुबीना करेशी | पति का नाम: दीन मोहम्मद | फोटो उपलब्थ है | मकान संख्या : 563 | आयु : 32 लिंग : महिला
2026-EROLLGEN-S24-86-SIR-FinalRoll-Revision1-HIN-17-WI.pdf,86,17,33,29,910,,929,910,1ZSY4420659,नाम यामिनी,FATHER,रनवीर,मकान संख्या डॉ. बाबूलाल वाली गली,20,Female,False,0.0302,False,False,नाम यामिनी | पिता का नाम: रनवीर | फोटो उपलब्थ है[ | मकान संख्या डॉ. बाबूलाल वाली गली | आयु 20 लिंग महिला
2026-EROLLGEN-S24-86-SIR-FinalRoll-Revision1-HIN-17-WI.pdf,86,17,33,30,911,,930,911,1ZSY4425575,नाम,HUSBAND,,खैंदौली,27,Female,False,0.0223,False,True,नाम | : सुल्ताना | पति का नाम: | गुडट् | फोटो उपलब्ध है | मकान संख्या : खैंदौली | आयु: 27 लिंग : महिला
2026-EROLLGEN-S24-86-SIR-FinalRoll-Revision1-HIN-17-WI.pdf,86,17,34,1,912,,931,912,1ZSY4425732,लाल गौतम,FATHER,रमेश चन्द्र,कोई नहीं,30,Male,False,0.0281,False,False,नाम : लाल गौतम | कृष्णा | पिता का नाम: रमेश चन्द्र | फोटो उपलब्थ है | मकान संख्या : कोई नहीं | आयु : 30 लिंग : पुरुष
2026-EROLLGEN-S24-86-SIR-FinalRoll-Revision1-HIN-17-WI.pdf,86,17,34,2,913,,932,913,1ZSY4434692,नाम शकीला,HUSBAND,जाऊद्ीन,मकान संख्या . खंडौली,50,Female,False,0.0308,False,False,नाम शकीला | पति का नाम: जाऊद्ीन | फोटो उपलब्थ है | मकान संख्या . खंडौली | लिंग | आयु 50 महिला
2026-EROLLGEN-S24-86-SIR-FinalRoll-Revision1-HIN-17-WI.pdf,86,17,34,3,914,,933,914,1ZSY4434734,नाम निशा,HUSBAND,सद्धाम,000,30,Female,False,0.0238,False,False,नाम निशा | पति का नाम: सद्धाम | फोटो उपलब्थ है | मकान संख्या : 000 | आयु 30 लिंग : महिला
