serial_no,name,relation_type,relation_name,house_no,age,gender,epic_no,status_code,status_meaning,deleted,deleted_stamp,list_type,addition_section_no,file_name,pdf_page,card_on_page,confidence,needs_review,review_reason,raw_ocr_body,stamp_px
1,शीला देवी,husband,वेद प्रकाश,1,54,महिला,ZSY1836972,,,N,N,main,,2026-EROLLGEN-S24-86-SIR-FinalRoll-Revision1-HIN-11-WI.pdf,3,1,0.894,Y,low_ocr_confidence,name='शीला देवी'(0.89) | relation_name='वेद प्रकाश'(0.94) | house_no='1'(0.99) | serial='1'(1.00) | epic='ZSY1836972'(1.00) | age='54'(1.00) | house_no='1'(1.00),1
2,वेद प्रकाश,father,चोखे लाल,1,54,पुरुष,CTV1831734,,,N,N,main,,2026-EROLLGEN-S24-86-SIR-FinalRoll-Revision1-HIN-11-WI.pdf,3,2,0.969,N,,name='वेद प्रकाश'(0.98) | relation_name='चोखे लाल'(0.99) | house_no='1'(0.97) | serial='2'(1.00) | epic='CTV1831734'(1.00) | age='54'(1.00) | house_no='1'(1.00),1
3,अजीत सिंह,father,रामवीर सिंह,1,36,पुरुष,ZSY1836980,,,N,N,main,,2026-EROLLGEN-S24-86-SIR-FinalRoll-Revision1-HIN-11-WI.pdf,3,3,0.942,N,,name='अजीत सिंह'(0.94) | relation_name='रामवीर सिंह'(0.99) | house_no='1'(0.98) | serial='3'(1.00) | epic='ZSY1836980'(1.00) | age='36'(1.00) | house_no='1'(1.00),14
4,राजू सिंह जूरेल,father,रामवीर,1,34,पुरुष,ZSY0562397,,,N,N,main,,2026-EROLLGEN-S24-86-SIR-FinalRoll-Revision1-HIN-11-WI.pdf,3,4,0.951,N,,name='राजू सिंह जूरेल'(0.98) | relation_name='रामवीर'(0.95) | house_no='1'(0.99) | serial='4'(1.00) | epic='ZSY0562397'(1.00) | age='34'(1.00) | house_no='1'(1.00),1
5,जयपाल सिंह,father,रामवीर सिंह,1,32,पुरुष,ZSY2862829,,,N,N,main,,2026-EROLLGEN-S24-86-SIR-FinalRoll-Revision1-HIN-11-WI.pdf,3,5,0.95,N,,name='जयपाल सिंह'(0.95) | relation_name='रामवीर सिंह'(0.97) | house_no='1'(0.99) | serial='5'(1.00) | epic='ZSY2862829'(1.00) | age='32'(1.00) | house_no='1'(1.00),2
6,सहाब सिंह,father,लेख सिंह,2,40,पुरुष,ZSY1261916,,,N,N,main,,2026-EROLLGEN-S24-86-SIR-FinalRoll-Revision1-HIN-11-WI.pdf,3,6,0.954,N,,name='सहाब सिंह'(0.98) | relation_name='लेख सिंह'(0.95) | house_no='2'(0.99) | serial='6'(1.00) | epic='ZSY1261916'(1.00) | age='40'(1.00) | house_no='2'(1.00),17
7,कामिनी,husband,पवन कुमार,2,29,महिला,ZSY2862670,,,N,N,main,,2026-EROLLGEN-S24-86-SIR-FinalRoll-Revision1-HIN-11-WI.pdf,3,7,0.879,Y,low_ocr_confidence,name='कामिनी'(0.88) | relation_name='पवन कुमार'(0.96) | house_no='2'(0.95) | serial='7'(1.00) | epic='ZSY2862670'(1.00) | age='29'(1.00) | house_no='2'(0.81),1
8,कमल सिंह,father,राकेश सिंह,2,28,पुरुष,ZSY2862688,,,N,N,main,,2026-EROLLGEN-S24-86-SIR-FinalRoll-Revision1-HIN-11-WI.pdf,3,8,0.983,N,,name='कमल सिंह'(1.00) | relation_name='राकेश सिंह'(0.98) | house_no='2'(0.99) | serial='8'(1.00) | epic='ZSY2862688'(1.00) | age='28'(1.00) | house_no='2'(1.00),1
9,विपिन जुरेल,father,साहब सिंह,2,20,पुरुष,ZSY3936127,,,N,N,main,,2026-EROLLGEN-S24-86-SIR-FinalRoll-Revision1-HIN-11-WI.pdf,3,9,0.948,N,,name='विपिन जुरेल'(0.95) | relation_name='साहब सिंह'(0.95) | house_no='2'(0.99) | serial='9'(0.99) | epic='ZSY3936127'(0.97) | age='20'(1.00) | house_no='2'(1.00),14
10,कीरतीं देवी,husband,बसंत कुमार,o8,31,महिला,ZSY2862662,,,N,N,main,,2026-EROLLGEN-S24-86-SIR-FinalRoll-Revision1-HIN-11-WI.pdf,3,10,0.836,Y,low_ocr_confidence,name='कीरतीं देवी'(0.93) | relation_name='बसंत कुमार'(1.00) | house_no='08'(0.41) | serial='10'(1.00) | epic='ZSY2862662'(1.00) | age='31'(1.00) | house_no='o8'(0.84),1
11,किशन कुमार,father,विजय सिंह,04,28,पुरुष,ZSY2862654,,,N,N,main,,2026-EROLLGEN-S24-86-SIR-FinalRoll-Revision1-HIN-11-WI.pdf,3,11,0.74,Y,low_ocr_confidence,name='किशन कुमार'(0.97) | relation_name='विजय सिंह'(0.96) | house_no='०४'(0.74) | serial='11'(1.00) | epic='ZSY2862654'(1.00) | age='28'(1.00) | house_no='o8'(0.75),2
12,दिनेश,father,सुरेंद्र,5,51,पुरुष,ZSY0374447,,,N,N,main,,2026-EROLLGEN-S24-86-SIR-FinalRoll-Revision1-HIN-11-WI.pdf,3,12,0.852,Y,low_ocr_confidence,name='दिनेश'(1.00) | relation_name='सुरेंद्र'(0.85) | house_no='$\\$'(0.60) | serial='12'(1.00) | epic='ZSY0374447'(1.00) | age='51'(1.00) | house_no='5'(0.89),17
13,हाकिम सिंह,father,परंताप सिंह,6,42,पुरुष,ZSY1261908,,,N,N,main,,2026-EROLLGEN-S24-86-SIR-FinalRoll-Revision1-HIN-11-WI.pdf,3,13,0.949,N,,name='हाकिम सिंह'(0.97) | relation_name='परंताप सिंह'(0.95) | house_no='6'(0.97) | serial='13'(1.00) | epic='ZSY1261908'(1.00) | age='42'(1.00) | house_no='6'(1.00),2
14,भारती सिरोही,husband,दीपक कुमार,06,25,महिला,ZSY3367562,,,N,N,main,,2026-EROLLGEN-S24-86-SIR-FinalRoll-Revision1-HIN-11-WI.pdf,3,14,0.959,N,,name='भारती सिरोही'(0.97) | relation_name='दीपक कुमार'(0.96) | house_no='06'(0.98) | serial='14'(1.00) | epic='ZSY3367562'(1.00) | age='25'(1.00) | house_no='06'(1.00),2
15,इन्द्रवती,husband,ओमबीर,7,43,महिला,CTV2872364,,,N,N,main,,2026-EROLLGEN-S24-86-SIR-FinalRoll-Revision1-HIN-11-WI.pdf,3,15,0.933,N,,name='इन्द्रवती'(0.96) | relation_name='ओमबीर'(0.93) | house_no='7'(0.83) | serial='15'(1.00) | epic='CTV2872364'(1.00) | age='43'(1.00) | house_no='7'(1.00),15
16,सूरजभान,father,विजेन्द्र,7,41,पुरुष,CTV4330831,,,N,N,main,,2026-EROLLGEN-S24-86-SIR-FinalRoll-Revision1-HIN-11-WI.pdf,3,16,0.957,N,,name='सूरजभान'(0.96) | relation_name='विजेन्द्र'(0.97) | house_no='7'(0.93) | serial='16'(1.00) | epic='CTV4330831'(1.00) | age='41'(1.00) | house_no='7'(1.00),1
17,रविन्र सिंह,father,ओम प्रकाश,o10,26,पुरुष,ZSY2862860,,,N,N,main,,2026-EROLLGEN-S24-86-SIR-FinalRoll-Revision1-HIN-11-WI.pdf,3,17,0.692,Y,low_ocr_confidence,name='रविन्र सिंह'(0.94) | relation_name='ओम प्रकाश'(0.93) | house_no='0७'(0.63) | serial='17'(1.00) | epic='ZSY2862860'(0.96) | age='26'(1.00) | house_no='o10'(0.69),1
18,असरफीदेवी,husband,लाल सिंह,8,83,महिला,CTV2056471,,,N,N,main,,2026-EROLLGEN-S24-86-SIR-FinalRoll-Revision1-HIN-11-WI.pdf,3,18,0.941,N,,name='असरफीदेवी'(0.94) | relation_name='लाल सिंह'(1.00) | house_no='8'(0.97) | serial='18'(1.00) | epic='CTV2056471'(1.00) | age='83'(1.00) | house_no='8'(1.00),15
19,लाल सिंह,father,हीरा,8,72,पुरुष,CTV2056489,,,N,N,main,,2026-EROLLGEN-S24-86-SIR-FinalRoll-Revision1-HIN-11-WI.pdf,3,19,0.951,N,,name='लाल सिंह'(0.95) | relation_name='हीरा'(1.00) | house_no='8'(0.98) | serial='19'(1.00) | epic='CTV2056489'(1.00) | age='72'(1.00) | house_no='8'(1.00),1
20,उदयवीर,father,लाल सिंह,8,61,पुरुष,ZSY0493809,,,N,N,main,,2026-EROLLGEN-S24-86-SIR-FinalRoll-Revision1-HIN-11-WI.pdf,3,20,0.752,Y,low_ocr_confidence,name='उदयवीर'(0.87) | relation_name='लाल सिंह'(0.94) | house_no='8'(0.99) | serial='20'(1.00) | epic='ZSY0493809'(1.00) | age='61'(0.75) | house_no='8'(1.00),2
21,जजीरीदेवी,husband,उदयवीर सिंह,8,56,महिला,CTV2056505,,,N,N,main,,2026-EROLLGEN-S24-86-SIR-FinalRoll-Revision1-HIN-11-WI.pdf,3,21,0.959,N,,name='जजीरीदेवी'(0.99) | relation_name='उदयवीर सिंह'(0.96) | house_no='8'(0.99) | serial='21'(1.00) | epic='CTV2056505'(0.99) | age='56'(1.00) | house_no='8'(1.00),16
22,भीष्म सिंह,father,लाल सिंह,8,53,पुरुष,ZSY0374405,,,N,N,main,,2026-EROLLGEN-S24-86-SIR-FinalRoll-Revision1-HIN-11-WI.pdf,3,22,0.95,N,,name='भीष्म सिंह'(0.95) | relation_name='लाल सिंह'(0.99) | house_no='8'(0.95) | serial='22'(1.00) | epic='ZSY0374405'(0.96) | age='53'(1.00) | house_no='8'(1.00),1
23,मीनाकुमारी,husband,भीष्म सिंह,8,52,महिला,CTV2056513,,,N,N,main,,2026-EROLLGEN-S24-86-SIR-FinalRoll-Revision1-HIN-11-WI.pdf,3,23,0.912,N,,name='मीनाकुमारी'(0.98) | relation_name='भीष्म सिंह'(0.91) | house_no='8'(0.98) | serial='23'(1.00) | epic='CTV2056513'(1.00) | age='52'(1.00) | house_no='8'(1.00),1
24,श्याम सुन्दर,father,लाल सिंह,8,43,पुरुष,ZSY0397034,,,N,N,main,,2026-EROLLGEN-S24-86-SIR-FinalRoll-Revision1-HIN-11-WI.pdf,3,24,0.961,N,,name='श्याम सुन्दर'(0.96) | relation_name='लाल सिंह'(0.98) | house_no='8'(0.98) | serial='24'(1.00) | epic='ZSY0397034'(1.00) | age='43'(1.00) | house_no='8'(1.00),15
25,अनीता देवी,husband,श्याम सुन्दर,o8,30,महिला,ZSY2863017,,,N,N,main,,2026-EROLLGEN-S24-86-SIR-FinalRoll-Revision1-HIN-11-WI.pdf,3,25,0.469,Y,low_ocr_confidence,"name='अनीता देवी'(0.99) | relation_name='श्याम सुन्दर'(0.99) | house_no='o८'(0.47) | serial='25'(1.00) | epic='ZSY2863017'(0.99) | age='30'(1.00) | house_no='oc""'(0.44)",1
26,संजीत सिंह,father,भीष्म सिंह,8,29,पुरुष,ZSY2333706,,,N,N,main,,2026-EROLLGEN-S24-86-SIR-FinalRoll-Revision1-HIN-11-WI.pdf,3,26,0.785,Y,relation_type_uncertain|low_ocr_confidence,name='संजीत सिंह'(1.00) | relation_name='भीष्म सिंह'(0.95) | house_no='८'(0.79) | serial='26'(1.00) | epic='ZSY2333706'(0.99) | age='29'(1.00) | house_no='6'(0.26),2
27,शिव कुमार,father,गोपाल सिंह,10,43,पुरुष,CTV1860725,,,N,N,main,,2026-EROLLGEN-S24-86-SIR-FinalRoll-Revision1-HIN-11-WI.pdf,3,27,0.95,Y,relation_type_uncertain,name='शिव कुमार'(0.99) | relation_name='गोपाल सिंह'(0.95) | house_no='10'(1.00) | serial='27'(1.00) | epic='CTV1860725'(1.00) | age='43'(1.00) | house_no='10'(1.00),16
28,राम कुमार,father,गोपाल सिंह,10,41,पुरुष,CTV2871382,,,N,N,main,,2026-EROLLGEN-S24-86-SIR-FinalRoll-Revision1-HIN-11-WI.pdf,3,28,0.946,N,,name='राम कुमार'(1.00) | relation_name='गोपाल सिंह'(0.95) | house_no='10'(1.00) | serial='28'(1.00) | epic='CTV2871382'(1.00) | age='41'(1.00) | house_no='10'(1.00),1
29,नरेन्र कुमार,father,गोपाल सिंह,20,30,पुरुष,ZSY2262582,,,N,N,main,,2026-EROLLGEN-S24-86-SIR-FinalRoll-Revision1-HIN-11-WI.pdf,3,29,0.831,Y,low_ocr_confidence,name='नरेन्र कुमार'(0.96) | relation_name='गोपाल सिंह'(0.99) | house_no='२०'(0.83) | serial='29'(1.00) | epic='ZSY2262582'(1.00) | age='30'(1.00) | house_no='$o$'(0.49),1
30,प्रियंका ुरेल,husband,मभूपेंद्र संह,10,25,महिला,ZSY3561453,,,N,N,main,,2026-EROLLGEN-S24-86-SIR-FinalRoll-Revision1-HIN-11-WI.pdf,3,30,0.833,Y,low_ocr_confidence,name='प्रियंका ुरेल'(0.95) | relation_name='मभूपेंद्र संह'(0.83) | house_no='i0'(0.61) | serial='30'(1.00) | epic='ZSY3561453'(1.00) | age='25'(1.00) | house_no='10'(0.96),14
31,पूनम राना,husband,नरंद्रकमार,10,21,महिला,ZSY3561313,,,N,N,main,,2026-EROLLGEN-S24-86-SIR-FinalRoll-Revision1-HIN-11-WI.pdf,4,1,0.812,Y,low_ocr_confidence,name='पूनम राना'(0.97) | relation_name='नरंद्रकमार'(0.81) | house_no='10'(0.98) | serial='31'(1.00) | epic='ZSY3561313'(0.96) | age='21'(1.00) | house_no='10'(1.00),1
32,छोटी देवी,husband,बेनामी सिंह,11,62,महिला,ZSY0968537,,,N,N,main,,2026-EROLLGEN-S24-86-SIR-FinalRoll-Revision1-HIN-11-WI.pdf,4,2,0.936,N,,name='छोटी देवी'(0.99) | relation_name='बेनामी सिंह'(0.94) | house_no='11'(0.99) | serial='32'(1.00) | epic='ZSY0968537'(1.00) | age='62'(1.00) | house_no='11'(1.00),1
33,बैनामी सिंह,father,धनीराम,11,61,पुरुष,ZSY1261684,,,N,N,main,,2026-EROLLGEN-S24-86-SIR-FinalRoll-Revision1-HIN-11-WI.pdf,4,3,0.841,Y,low_ocr_confidence,name='बैनामी सिंह'(0.99) | relation_name='धनीराम'(0.84) | house_no='11'(0.99) | serial='33'(1.00) | epic='ZSY1261684'(1.00) | age='61'(1.00) | house_no='11'(1.00),14
34,निराशा देवी,husband,माधव,11,55,महिला,UP703550018014,,,N,N,main,,2026-EROLLGEN-S24-86-SIR-FinalRoll-Revision1-HIN-11-WI.pdf,4,4,0.969,Y,epic_format,name='निराशा देवी'(0.99) | relation_name='माधव'(1.00) | house_no='11'(0.98) | serial='34|'(0.97) | epic='UP/70/355/0018014'(1.00) | age='55'(1.00) | house_no='11'(1.00),1
35,कमलेश,husband,चेतन्य देव,11,49,महिला,ZSY0968644,,,N,N,main,,2026-EROLLGEN-S24-86-SIR-FinalRoll-Revision1-HIN-11-WI.pdf,4,5,0.961,N,,name='कमलेश'(1.00) | relation_name='चेतन्य देव'(0.96) | house_no='11'(0.99) | serial='35'(1.00) | epic='ZSY0968644'(1.00) | age='49'(1.00) | house_no='11'(1.00),2
36,बंदना कुमारी,father,बेनामी सिंह,11,30,महिला,ZSY3171725,,,N,N,main,,2026-EROLLGEN-S24-86-SIR-FinalRoll-Revision1-HIN-11-WI.pdf,4,6,0.969,N,,name='बंदना कुमारी'(1.00) | relation_name='बेनामी सिंह'(0.97) | house_no='11'(0.99) | serial='36'(1.00) | epic='ZSY3171725'(0.97) | age='30'(1.00) | house_no='11'(1.00),17
37,संजय सिंह,father,बेनामी सिंह,11,30,पुरुष,ZSY3171717,,,N,N,main,,2026-EROLLGEN-S24-86-SIR-FinalRoll-Revision1-HIN-11-WI.pdf,4,7,0.925,N,,name='संजय सिंह'(0.96) | relation_name='बेनामी सिंह'(0.93) | house_no='11'(0.99) | serial='37'(1.00) | epic='ZSY3171717'(1.00) | age='30'(1.00) | house_no='11'(1.00),1
38,मदन कुमार,father,चेतन देव,11,26,पुरुष,ZSY3171733,,,N,N,main,,2026-EROLLGEN-S24-86-SIR-FinalRoll-Revision1-HIN-11-WI.pdf,4,8,0.925,N,,name='मदन कुमार'(0.93) | relation_name='चेतन देव'(0.94) | house_no='11'(0.99) | serial='38'(1.00) | epic='ZSY3171733'(1.00) | age='26'(1.00) | house_no='11'(1.00),1
39,पूजा,father,चेतन देव,11,20,महिला,ZSY3704525,,,N,N,main,,2026-EROLLGEN-S24-86-SIR-FinalRoll-Revision1-HIN-11-WI.pdf,4,9,0.915,N,,name='पूजा'(0.95) | relation_name='चेतन देव'(0.92) | house_no='11'(0.99) | serial='39'(1.00) | epic='ZSY3704525'(1.00) | age='20'(1.00) | house_no='11'(1.00),14
40,सौरभ,father,चेतन देव,11,20,पुरुष,ZSY3936168,,,N,N,main,,2026-EROLLGEN-S24-86-SIR-FinalRoll-Revision1-HIN-11-WI.pdf,4,10,0.971,N,,name='सौरभ'(1.00) | relation_name='चेतन देव'(0.97) | house_no='11'(0.99) | serial='40'(1.00) | epic='ZSY3936168'(1.00) | age='20'(1.00) | house_no='11'(1.00),1
41,अमरवती,husband,रामबाबू सिंह,"12""",49,महिला,CTV2056232,,,N,N,main,,2026-EROLLGEN-S24-86-SIR-FinalRoll-Revision1-HIN-11-WI.pdf,4,11,0.931,N,,"name='अमरवती'(0.93) | relation_name='रामबाबू सिंह'(0.99) | house_no='12""'(0.97) | serial='41'(1.00) | epic='CTV2056232'(1.00) | age='49'(1.00) | house_no='12 ""'(0.94)",2
42,सोनबीर,father,देवकी नंदन,12,41,पुरुष,CTV2871978,,,N,N,main,,2026-EROLLGEN-S24-86-SIR-FinalRoll-Revision1-HIN-11-WI.pdf,4,12,0.957,N,,name='सोनबीर'(0.96) | relation_name='देवकी नंदन'(0.96) | house_no='12'(0.99) | serial='42'(1.00) | epic='CTV2871978'(1.00) | age='41'(1.00) | house_no='12'(1.00),17
43,रिंकी,husband,सोनवीर सिंह,12,35,महिला,ZSY3171758,,,N,N,main,,2026-EROLLGEN-S24-86-SIR-FinalRoll-Revision1-HIN-11-WI.pdf,4,13,0.936,N,,name='रिंकी'(0.94) | relation_name='सोनवीर सिंह'(0.99) | house_no='12'(1.00) | serial='43'(1.00) | epic='ZSY3171758'(0.99) | age='35'(1.00) | house_no='12'(1.00),2
44,गिर्राज किशोर,father,रामबाबू सिंह,"12""",34,पुरुष,ZSY0968305,,,N,N,main,,2026-EROLLGEN-S24-86-SIR-FinalRoll-Revision1-HIN-11-WI.pdf,4,14,0.849,Y,low_ocr_confidence,"name='गिर्राज किशोर'(0.95) | relation_name='रामबाबू सिंह'(0.85) | house_no='12""'(0.98) | serial='44'(1.00) | epic='ZSY0968305'(1.00) | age='34'(1.00) | house_no='12 ""'(0.92)",2
45,रजनी,husband,गिर्राज किशोर,12,33,महिला,ZSY3171741,,,N,N,main,,2026-EROLLGEN-S24-86-SIR-FinalRoll-Revision1-HIN-11-WI.pdf,4,15,0.773,Y,low_ocr_confidence,name='रजनी'(0.77) | relation_name='गिर्राज किशोर'(0.92) | house_no='12'(0.99) | serial='45'(1.00) | epic='ZSY3171741'(0.99) | age='33'(1.00) | house_no='12'(1.00),15
46,प्रियंका सिकरवार,husband,हेमंत कुमार,12,25,महिला,ZSY3631694,,,N,N,main,,2026-EROLLGEN-S24-86-SIR-FinalRoll-Revision1-HIN-11-WI.pdf,4,16,0.874,Y,low_ocr_confidence,name='प्रियंका सिकरवार'(0.99) | relation_name='हेमंत कुमार'(0.87) | house_no='12'(0.98) | serial='46'(1.00) | epic='ZSY3631694'(1.00) | age='25'(1.00) | house_no='12'(1.00),1
47,रघुवीरी,husband,राजन सिंह,13,79,महिला,CTV2056299,,,N,N,main,,2026-EROLLGEN-S24-86-SIR-FinalRoll-Revision1-HIN-11-WI.pdf,4,17,0.927,N,,name='रघुवीरी'(0.93) | relation_name='राजन सिंह'(1.00) | house_no='13'(0.99) | serial='47'(1.00) | epic='CTV2056299'(1.00) | age='79'(1.00) | house_no='13'(1.00),1
48,जसोदादेवी,husband,रनवीर सिं,13,69,महिला,CTV2056265,,,N,N,main,,2026-EROLLGEN-S24-86-SIR-FinalRoll-Revision1-HIN-11-WI.pdf,4,18,0.926,N,,name='जसोदादेवी'(0.93) | relation_name='रनवीर सिं'(0.96) | house_no='13'(0.99) | serial='48'(1.00) | epic='CTV2056265'(0.99) | age='69'(1.00) | house_no='13'(1.00),15
49,दलवीर सिंह,father,रामंचरन सिंह,13,68,पुरुष,ZSY0968677,,,N,N,main,,2026-EROLLGEN-S24-86-SIR-FinalRoll-Revision1-HIN-11-WI.pdf,4,19,0.932,N,,name='दलवीर सिंह'(0.99) | relation_name='रामंचरन सिंह'(0.93) | house_no='13'(0.99) | serial='49'(1.00) | epic='ZSY0968677'(1.00) | age='68'(1.00) | house_no='13'(1.00),1
50,महावीर सिंह,father,राजन सिंह,13,54,पुरुष,CTV2871549,,,N,N,main,,2026-EROLLGEN-S24-86-SIR-FinalRoll-Revision1-HIN-11-WI.pdf,4,20,0.929,N,,name='महावीर सिंह'(0.93) | relation_name='राजन सिंह'(0.94) | house_no='13'(0.99) | serial='50'(1.00) | epic='CTV2871549'(1.00) | age='54'(1.00) | house_no='13'(1.00),2
51,कमलेश,husband,महावीर सिंह,13,53,महिला,CTV2056307,,,N,N,main,,2026-EROLLGEN-S24-86-SIR-FinalRoll-Revision1-HIN-11-WI.pdf,4,21,0.992,N,,name='कमलेश'(1.00) | relation_name='महावीर सिंह'(1.00) | house_no='13'(0.90) | serial='51'(1.00) | epic='CTV2056307'(1.00) | age='53'(1.00) | house_no='13'(0.99),16
52,दयवीर,father,राजन सिंह,13,52,पुरुष,CTV2056281,,,N,N,main,,2026-EROLLGEN-S24-86-SIR-FinalRoll-Revision1-HIN-11-WI.pdf,4,22,0.977,N,,name='दयवीर'(1.00) | relation_name='राजन सिंह'(0.98) | house_no='13'(1.00) | serial='52'(1.00) | epic='CTV2056281'(1.00) | age='52'(1.00) | house_no='13'(1.00),1
53,धरमवीर सिंह,father,रनवीर सिंह,13,52,पुरुष,ZSY3171808,,,N,N,main,,2026-EROLLGEN-S24-86-SIR-FinalRoll-Revision1-HIN-11-WI.pdf,4,23,0.936,N,,name='धरमवीर सिंह'(0.97) | relation_name='रनवीर सिंह'(0.94) | house_no='13'(0.99) | serial='53'(1.00) | epic='ZSY3171808'(0.98) | age='52'(1.00) | house_no='13'(1.00),1
54,प्रियंका,husband,उदयबीर सिंह,13,50,महिला,ZSY0498592,,,N,N,main,,2026-EROLLGEN-S24-86-SIR-FinalRoll-Revision1-HIN-11-WI.pdf,4,24,0.958,N,,name='प्रियंका'(1.00) | relation_name='उदयबीर सिंह'(0.96) | house_no='13'(0.99) | serial='54'(1.00) | epic='ZSY0498592'(1.00) | age='50'(1.00) | house_no='13'(1.00),15
55,किरनवीर,father,दलवीर,13,49,पुरुष,ZSY0498600,,,N,N,main,,2026-EROLLGEN-S24-86-SIR-FinalRoll-Revision1-HIN-11-WI.pdf,4,25,0.918,N,,name='किरनवीर'(0.92) | relation_name='दलवीर'(0.99) | house_no='13'(0.75) | serial='55'(1.00) | epic='ZSY0498600'(1.00) | age='49'(1.00) | house_no='13'(1.00),1
56,सुनीता देवी,husband,धर्मवीर सिंह,23,43,महिला,ZSY2499515,,,N,N,main,,2026-EROLLGEN-S24-86-SIR-FinalRoll-Revision1-HIN-11-WI.pdf,4,26,0.933,N,,name='सुनीता देवी'(0.96) | relation_name='धर्मवीर सिंह'(0.93) | house_no='२३'(0.94) | serial='56'(1.00) | epic='ZSY2499515'(1.00) | age='43'(1.00) | house_no='33'(0.62),2
57,सोनबीर,father,राजन सिंह,13,41,पुरुष,CTV2871366,,,N,N,main,,2026-EROLLGEN-S24-86-SIR-FinalRoll-Revision1-HIN-11-WI.pdf,4,27,0.964,Y,relation_type_uncertain,name='सोनबीर'(0.97) | relation_name='राजन सिंह'(0.96) | house_no='13'(0.99) | serial='57'(1.00) | epic='CTV2871366'(1.00) | age='41'(1.00) | house_no='13'(1.00),16
58,हरी शंकर,father,दलवीर सिंह,13,32,पुरुष,ZSY2262574,,,N,N,main,,2026-EROLLGEN-S24-86-SIR-FinalRoll-Revision1-HIN-11-WI.pdf,4,28,0.96,N,,name='हरी शंकर'(1.00) | relation_name='दलवीर सिंह'(0.96) | house_no='13'(0.99) | serial='58'(1.00) | epic='ZSY2262574'(1.00) | age='32'(1.00) | house_no='13'(1.00),1
59,रचना देवी,husband,सोनवीर सिंह,13,31,महिला,ZSY3171790,,,N,N,main,,2026-EROLLGEN-S24-86-SIR-FinalRoll-Revision1-HIN-11-WI.pdf,4,29,0.904,N,,name='रचना देवी'(0.90) | relation_name='सोनवीर सिंह'(0.96) | house_no='13'(0.99) | serial='59'(1.00) | epic='ZSY3171790'(1.00) | age='31'(1.00) | house_no='13'(1.00),1
60,कल्पना,husband,दीपक चौधरी,13,29,महिला,ZSY3171766,,,N,N,main,,2026-EROLLGEN-S24-86-SIR-FinalRoll-Revision1-HIN-11-WI.pdf,4,30,0.953,N,,name='कल्पना'(0.95) | relation_name='दीपक चौधरी'(0.99) | house_no='13'(0.99) | serial='60'(1.00) | epic='ZSY3171766'(1.00) | age='29'(1.00) | house_no='13'(1.00),14
61,राधा,husband,हरी शंकर,13,26,महिला,ZSY3398500,,,N,N,main,,2026-EROLLGEN-S24-86-SIR-FinalRoll-Revision1-HIN-11-WI.pdf,5,1,0.908,N,,name='राधा'(0.91) | relation_name='हरी शंकर'(0.99) | house_no='13'(0.99) | serial='61'(1.00) | epic='ZSY3398500'(1.00) | age='26'(1.00) | house_no='13'(0.95),1
62,सपना,father,उदयवीर सिंह,13,25,महिला,ZSY3171782,,,N,N,main,,2026-EROLLGEN-S24-86-SIR-FinalRoll-Revision1-HIN-11-WI.pdf,5,2,0.965,N,,name='सपना'(1.00) | relation_name='उदयवीर सिंह'(0.97) | house_no='13'(0.99) | serial='62'(1.00) | epic='ZSY3171782'(0.97) | age='25'(1.00) | house_no='13'(1.00),1
63,मुदित सिंह,father,धरम वीर सिंह,13,21,पुरुष,ZSY3602869,,,N,N,main,,2026-EROLLGEN-S24-86-SIR-FinalRoll-Revision1-HIN-11-WI.pdf,5,3,0.94,N,,name='मुदित सिंह'(0.94) | relation_name='धरम वीर सिंह'(0.94) | house_no='13'(0.99) | serial='63'(1.00) | epic='ZSY3602869'(1.00) | age='21'(1.00) | house_no='13'(1.00),14
64,अच्रू,father,म: उदयवीर सिंह,13,20,महिला,ZSY3743192,,,N,N,main,,2026-EROLLGEN-S24-86-SIR-FinalRoll-Revision1-HIN-11-WI.pdf,5,4,0.692,Y,low_ocr_confidence,name='अच्रू'(0.69) | relation_name='म: उदयवीर सिंह'(0.97) | house_no='13'(0.99) | serial='64'(1.00) | epic='ZSY3743192'(1.00) | age='20'(1.00) | house_no='13'(1.00),1
65,रीतिराम,father,भगवान सिंह,14,73,पुरुष,ZSY0390534,,,N,N,main,,2026-EROLLGEN-S24-86-SIR-FinalRoll-Revision1-HIN-11-WI.pdf,5,5,0.948,N,,name='रीतिराम'(1.00) | relation_name='भगवान सिंह'(0.95) | house_no='14'(0.95) | serial='65'(1.00) | epic='ZSY0390534'(1.00) | age='73'(1.00) | house_no='14'(1.00),2
66,प्रेमवती,husband,रीतिराम,14,68,महिला,UP703550018015,,,N,N,main,,2026-EROLLGEN-S24-86-SIR-FinalRoll-Revision1-HIN-11-WI.pdf,5,6,0.938,Y,epic_format,name='प्रेमवती'(0.94) | relation_name='रीतिराम'(0.96) | house_no='14'(0.94) | serial='66'(0.99) | epic='UP/70/355/0018015'(1.00) | age='68'(1.00) | house_no='14'(1.00),17
67,सत्यवीर,father,भगवान सिंह,14,64,पुरुष,UP703550018016,,,N,N,main,,2026-EROLLGEN-S24-86-SIR-FinalRoll-Revision1-HIN-11-WI.pdf,5,7,0.94,Y,epic_format,name='सत्यवीर'(0.99) | relation_name='भगवान सिंह'(0.99) | house_no='14'(0.92) | serial='67|'(0.94) | epic='UP/70/355/0018016'(1.00) | age='64'(1.00) | house_no='14'(1.00),1
68,भूरी देवी,husband,सत्यवीर सिंह,14,51,महिला,ZSY0968388,,,N,N,main,,2026-EROLLGEN-S24-86-SIR-FinalRoll-Revision1-HIN-11-WI.pdf,5,8,0.864,Y,low_ocr_confidence,name='भूरी देवी'(0.99) | relation_name='सत्यवीर सिंह'(0.86) | house_no='14'(0.88) | serial='68'(1.00) | epic='ZSY0968388'(0.96) | age='51'(1.00) | house_no='14'(1.00),1
69,सुशील कुमार,father,रीतिराम,14,46,पुरुष,ZSY0968396,,,N,N,main,,2026-EROLLGEN-S24-86-SIR-FinalRoll-Revision1-HIN-11-WI.pdf,5,9,0.963,N,,name='सुशील कुमार'(0.96) | relation_name='रीतिराम'(0.97) | house_no='14'(0.88) | serial='69'(1.00) | epic='ZSY0968396'(1.00) | age='46'(1.00) | house_no='14'(1.00),14
70,रजनी देवी,husband,सुशील कुमार,14,44,महिला,ZSY0968669,,,N,N,main,,2026-EROLLGEN-S24-86-SIR-FinalRoll-Revision1-HIN-11-WI.pdf,5,10,0.972,N,,name='रजनी देवी'(1.00) | relation_name='सुशील कुमार'(0.98) | house_no='14'(0.97) | serial='70'(1.00) | epic='ZSY0968669'(1.00) | age='44'(1.00) | house_no='14'(0.83),1
71,यशपाल,father,रीतिराम,14,43,पुरुष,CTV4330948,,,N,N,main,,2026-EROLLGEN-S24-86-SIR-FinalRoll-Revision1-HIN-11-WI.pdf,5,11,0.995,N,,name='यशपाल'(1.00) | relation_name='रीतिराम'(1.00) | house_no='14'(0.94) | serial='71'(1.00) | epic='CTV4330948'(1.00) | age='43'(1.00) | house_no='14'(1.00),2
72,जिते्द्र कुमार जूरेल,father,सत्यवीर सिंह,14,43,पुरुष,ZSY0968693,,,N,N,main,,2026-EROLLGEN-S24-86-SIR-FinalRoll-Revision1-HIN-11-WI.pdf,5,12,0.91,N,,name='जिते्द्र कुमार जूरेल'(0.91) | relation_name='सत्यवीर सिंह'(0.93) | house_no='14'(0.91) | serial='72'(1.00) | epic='ZSY0968693'(1.00) | age='43'(1.00) | house_no='14'(1.00),17
73,गोमवती,husband,यशपाल सिंह,14,41,महिला,ZSY0562371,,,N,N,main,,2026-EROLLGEN-S24-86-SIR-FinalRoll-Revision1-HIN-11-WI.pdf,5,13,0.974,N,,name='गोमवती'(0.97) | relation_name='यशपाल सिंह'(0.98) | house_no='14'(0.93) | serial='73'(1.00) | epic='ZSY0562371'(1.00) | age='41'(1.00) | house_no='14'(1.00),2
74,नीरज,father,रीतिराम सिंह,14,40,महिला,ZSY0968347,,,N,N,main,,2026-EROLLGEN-S24-86-SIR-FinalRoll-Revision1-HIN-11-WI.pdf,5,14,0.875,Y,low_ocr_confidence,name='नीरज'(0.87) | relation_name='रीतिराम सिंह'(0.99) | house_no='14'(0.90) | serial='74'(1.00) | epic='ZSY0968347'(1.00) | age='40'(1.00) | house_no='14'(1.00),2
75,राजकुमारी,husband,जितेद्र कुमार जूरेल,"14 "" """,38,महिला,ZSY0968685,,,N,N,main,,2026-EROLLGEN-S24-86-SIR-FinalRoll-Revision1-HIN-11-WI.pdf,5,15,0.865,Y,low_ocr_confidence,"name='राजकुमारी'(0.98) | relation_name='जितेद्र कुमार जूरेल'(0.95) | house_no='14""'(0.75) | serial='75'(1.00) | epic='ZSY0968685'(1.00) | age='38'(1.00) | house_no='14 "" ""'(0.86)",15
76,आ्था जुरेल,father,सुशील कुमार,14,23,महिला,ZSY3763307,,,N,N,main,,2026-EROLLGEN-S24-86-SIR-FinalRoll-Revision1-HIN-11-WI.pdf,5,16,0.908,N,,name='आ्था जुरेल'(0.96) | relation_name='सुशील कुमार'(0.97) | house_no='14'(0.91) | serial='76'(1.00) | epic='ZSY3763307'(1.00) | age='23'(1.00) | house_no='14'(0.75),1
77,श्रद्धा जुरेल,father,सुशील कुमार,4,22,महिला,ZSY3763323,,,N,N,main,,2026-EROLLGEN-S24-86-SIR-FinalRoll-Revision1-HIN-11-WI.pdf,5,17,0.901,N,,name='श्रद्धा जुरेल'(0.90) | relation_name='सुशील कुमार'(0.97) | house_no='4'(0.99) | serial='77'(1.00) | epic='ZSY3763323'(1.00) | age='22'(1.00) | house_no='14'(0.81),1
78,ओसम,father,यशपाल सिंह,14,20,महिला,ZSY3743168,,,N,N,main,,2026-EROLLGEN-S24-86-SIR-FinalRoll-Revision1-HIN-11-WI.pdf,5,18,0.927,N,,name='ओसम'(1.00) | relation_name='यशपाल सिंह'(0.93) | house_no='14'(0.95) | serial='78'(1.00) | epic='ZSY3743168'(1.00) | age='20'(1.00) | house_no='14'(1.00),15
79,मधुसुदन सिंह,father,सुशील कुमार,4,20,पुरुष,ZSY3816139,,,N,N,main,,2026-EROLLGEN-S24-86-SIR-FinalRoll-Revision1-HIN-11-WI.pdf,5,19,0.951,N,,name='मधुसुदन सिंह'(0.95) | relation_name='सुशील कुमार'(0.96) | house_no='4'(0.99) | serial='79'(1.00) | epic='ZSY3816139'(1.00) | age='20'(1.00) | house_no='4'(0.79),1
80,ओमप्रकाश,father,चरन सिंह,15,73,पुरुष,CTV2056521,,,N,N,main,,2026-EROLLGEN-S24-86-SIR-FinalRoll-Revision1-HIN-11-WI.pdf,5,20,0.936,N,,name='ओमप्रकाश'(0.94) | relation_name='चरन सिंह'(0.97) | house_no='15'(0.98) | serial='80'(1.00) | epic='CTV2056521'(1.00) | age='73'(1.00) | house_no='15'(1.00),2
81,राजवीर,father,चरन सिंह,15,59,पुरुष,CTV2871408,,,N,N,main,,2026-EROLLGEN-S24-86-SIR-FinalRoll-Revision1-HIN-11-WI.pdf,5,21,0.911,N,,name='राजवीर'(0.91) | relation_name='चरन सिंह'(0.99) | house_no='15'(0.99) | serial='81'(1.00) | epic='CTV2871408'(1.00) | age='59'(1.00) | house_no='15'(1.00),16
82,मिला,husband,राजवीर,15,57,महिला,UP703550018017,,,N,N,main,,2026-EROLLGEN-S24-86-SIR-FinalRoll-Revision1-HIN-11-WI.pdf,5,22,0.961,Y,epic_format,name='मिला'(1.00) | relation_name='राजवीर'(0.96) | house_no='15'(0.99) | serial='82'(0.98) | epic='UP/70/355/0018017'(1.00) | age='57'(1.00) | house_no='15'(0.82),1
83,राजेन्री,husband,गोधन सिंह,15,41,महिला,ZSY2863132,,,N,N,main,,2026-EROLLGEN-S24-86-SIR-FinalRoll-Revision1-HIN-11-WI.pdf,5,23,0.973,N,,name='राजेन्री'(0.97) | relation_name='गोधन सिंह'(1.00) | house_no='15'(0.99) | serial='83'(1.00) | epic='ZSY2863132'(1.00) | age='41'(1.00) | house_no='15'(1.00),1
84,गोधन सिंह,father,ओउम प्रकाश,15,33,पुरुष,ZSY1411800,,,N,N,main,,2026-EROLLGEN-S24-86-SIR-FinalRoll-Revision1-HIN-11-WI.pdf,5,24,0.923,N,,name='गोधन सिंह'(0.96) | relation_name='ओउम प्रकाश'(0.92) | house_no='15'(1.00) | serial='84'(1.00) | epic='ZSY1411800'(0.94) | age='33'(1.00) | house_no='15'(1.00),15
85,कृष्णा कुमार,father,राजवीर सिंह,15,31,पुरुष,ZSY1908284,,,N,N,main,,2026-EROLLGEN-S24-86-SIR-FinalRoll-Revision1-HIN-11-WI.pdf,5,25,0.941,N,,name='कृष्णा कुमार'(0.98) | relation_name='राजवीर सिंह'(0.94) | house_no='15'(0.99) | serial='85'(1.00) | epic='ZSY1908284'(1.00) | age='31'(1.00) | house_no='15'(1.00),1
86,रामप्रकाश,father,राजेन्र सिंह,20,53,पुरुष,CTV2872331,,,N,N,main,,2026-EROLLGEN-S24-86-SIR-FinalRoll-Revision1-HIN-11-WI.pdf,5,26,0.967,Y,relation_type_uncertain,name='रामप्रकाश'(0.97) | relation_name='राजेन्र सिंह'(0.99) | house_no='20'(0.98) | serial='86'(1.00) | epic='CTV2872331'(0.97) | age='53'(1.00) | house_no='20'(1.00),2
87,विजेन्र सिंह,father,देवी सिंह,21,79,पुरुष,UP703550018018,,,N,N,addition,,2026-EROLLGEN-S24-86-SIR-FinalRoll-Revision1-HIN-11-WI.pdf,5,27,0.875,Y,serial_corrected|epic_format|relation_type_uncertain|low_ocr_confidence,name='विजेन्र सिंह'(0.93) | relation_name='देवी सिंह'(0.88) | house_no='21'(0.99) | serial='8'(1.00) | epic='UP/70/355/0018018'(1.00) | age='79'(1.00) | house_no='21'(1.00),16
88,विध्या देवी,husband,विजेन्र संह,21,79,महिला,ZSY1261643,,,N,N,main,,2026-EROLLGEN-S24-86-SIR-FinalRoll-Revision1-HIN-11-WI.pdf,5,28,0.92,N,,name='विध्या देवी'(0.98) | relation_name='विजेन्र संह'(0.92) | house_no='21'(0.99) | serial='88'(1.00) | epic='ZSY1261643'(1.00) | age='79'(1.00) | house_no='21'(1.00),1
89,इन्द्रवती,husband,मोतीलाल,21,54,महिला,CTV2056323,,,N,N,main,,2026-EROLLGEN-S24-86-SIR-FinalRoll-Revision1-HIN-11-WI.pdf,5,29,0.915,N,,name='इन्द्रवती'(0.91) | relation_name='मोतीलाल'(1.00) | house_no='21'(0.99) | serial='89'(1.00) | epic='CTV2056323'(1.00) | age='54'(1.00) | house_no='21'(1.00),1
90,मोतीलाल,father,देवी सिंह,21,54,पुरुष,ZSY1411875,,,N,N,main,,2026-EROLLGEN-S24-86-SIR-FinalRoll-Revision1-HIN-11-WI.pdf,5,30,0.915,N,,name='मोतीलाल'(0.93) | relation_name='देवी सिंह'(0.91) | house_no='21'(0.99) | serial='90'(1.00) | epic='ZSY1411875'(1.00) | age='54'(1.00) | house_no='21'(1.00),14
91,ओमवीर सिंह,father,विजेन्र संह,21,47,पुरुष,ZSY0968651,,,N,N,main,,2026-EROLLGEN-S24-86-SIR-FinalRoll-Revision1-HIN-11-WI.pdf,6,1,0.921,N,,name='ओमवीर सिंह'(0.92) | relation_name='विजेन्र संह'(0.94) | house_no='21'(0.98) | serial='91'(1.00) | epic='ZSY0968651'(1.00) | age='47'(1.00) | house_no='21'(1.00),1
92,श्यामबीर सिंह,father,विजेन्र सिंह,21,43,पुरुष,ZSY0390609,,,N,N,main,,2026-EROLLGEN-S24-86-SIR-FinalRoll-Revision1-HIN-11-WI.pdf,6,2,0.871,Y,low_ocr_confidence,name='श्यामबीर सिंह'(0.99) | relation_name='विजेन्र सिंह'(0.87) | house_no='21'(0.99) | serial='92'(1.00) | epic='ZSY0390609'(1.00) | age='43'(1.00) | house_no='21'(1.00),1
93,सीमा,husband,श्यामवीर सिंह,21,40,महिला,ZSY1261650,,,N,N,main,,2026-EROLLGEN-S24-86-SIR-FinalRoll-Revision1-HIN-11-WI.pdf,6,3,0.795,Y,low_ocr_confidence,name='सीमा'(0.89) | relation_name='श्यामवीर सिंह'(0.98) | house_no='21'(0.98) | serial='93'(1.00) | epic='ZSY1261650'(1.00) | age='40'(0.79) | house_no='21'(1.00),14
94,लज्जा देवी,husband,ओमवीर सिंह,21,38,महिला,ZSY0968404,,,N,N,main,,2026-EROLLGEN-S24-86-SIR-FinalRoll-Revision1-HIN-11-WI.pdf,6,4,0.967,N,,name='लज्जा देवी'(0.97) | relation_name='ओमवीर सिंह'(0.97) | house_no='21'(0.98) | serial='94'(1.00) | epic='ZSY0968404'(1.00) | age='38'(1.00) | house_no='21'(1.00),1
95,सतेन्र सिंह,father,म: विजेन्र सिंह,21,35,पुरुष,ZSY0968552,,,N,N,main,,2026-EROLLGEN-S24-86-SIR-FinalRoll-Revision1-HIN-11-WI.pdf,6,5,0.886,Y,low_ocr_confidence,name='सतेन्र सिंह'(0.96) | relation_name='म: विजेन्र सिंह'(0.89) | house_no='21'(0.98) | serial='95'(1.00) | epic='ZSY0968552'(1.00) | age='35'(1.00) | house_no='21'(1.00),2
96,हेमलता,husband,सतेन्र सिंह जूरैल,21,33,महिला,ZSY2499440,,,N,N,main,,2026-EROLLGEN-S24-86-SIR-FinalRoll-Revision1-HIN-11-WI.pdf,6,6,0.835,Y,low_ocr_confidence,name='हेमलता'(0.89) | relation_name='सतेन्र सिंह जूरैल'(0.87) | house_no='२१'(0.84) | serial='96'(1.00) | epic='ZSY2499440'(1.00) | age='33'(1.00) | house_no='22'(0.53),17
97,रवि जुरैल,father,मोती लाल,21,24,पुरुष,ZSY3171816,,,N,N,main,,2026-EROLLGEN-S24-86-SIR-FinalRoll-Revision1-HIN-11-WI.pdf,6,7,0.96,N,,name='रवि जुरैल'(0.99) | relation_name='मोती लाल'(0.99) | house_no='21'(0.99) | serial='97'(1.00) | epic='ZSY3171816'(0.96) | age='24'(1.00) | house_no='21'(1.00),1
98,करन सिंह,father,श्यामवीर सिंह,21,19,पुरुष,ZSY3964228,,,N,N,main,,2026-EROLLGEN-S24-86-SIR-FinalRoll-Revision1-HIN-11-WI.pdf,6,8,0.941,N,,name='करन सिंह'(0.94) | relation_name='श्यामवीर सिंह'(0.98) | house_no='21'(0.99) | serial='98'(1.00) | epic='ZSY3964228'(1.00) | age='19'(1.00) | house_no='21'(1.00),1
99,शान्ति देवी,husband,दामोदर,22,77,महिला,UP703550018020,,,N,N,addition,,2026-EROLLGEN-S24-86-SIR-FinalRoll-Revision1-HIN-11-WI.pdf,6,9,0.747,Y,serial_corrected|epic_format|low_ocr_confidence,"name='शान्ति देवी'(0.98) | relation_name='दामोदर'(0.93) | house_no='22'(1.00) | serial=""9'""(0.75) | epic='UP/70/355/0018020'(0.99) | age='77'(0.83) | house_no='22'(1.00)",14
100,धर्मवीर,father,दामोदर,22,60,पुरुष,ZSY0390542,,,N,N,main,,2026-EROLLGEN-S24-86-SIR-FinalRoll-Revision1-HIN-11-WI.pdf,6,10,0.97,N,,name='धर्मवीर'(1.00) | relation_name='दामोदर'(0.97) | house_no='22'(1.00) | serial='100'(1.00) | epic='ZSY0390542'(1.00) | age='60'(1.00) | house_no='22'(1.00),1
101,राजेश्वरीदेवी,husband,धर्मवीर,22,58,महिला,CTV2056562,,,N,N,main,,2026-EROLLGEN-S24-86-SIR-FinalRoll-Revision1-HIN-11-WI.pdf,6,11,0.951,N,,name='राजेश्वरीदेवी'(0.95) | relation_name='धर्मवीर'(0.96) | house_no='22'(1.00) | serial='101'(1.00) | epic='CTV2056562'(1.00) | age='58'(1.00) | house_no='22'(1.00),2
102,कमलेश देवी,husband,पदम सिंह,22,57,महिला,ZSY4044566,,,N,N,main,,2026-EROLLGEN-S24-86-SIR-FinalRoll-Revision1-HIN-11-WI.pdf,6,12,0.919,N,,name='कमलेश देवी'(0.96) | relation_name='पदम सिंह'(0.92) | house_no='22'(0.99) | serial='102'(1.00) | epic='ZSY4044566'(1.00) | age='57'(1.00) | house_no='22'(1.00),17
103,राजकुमारी,husband,कृष्ण कुमार,22,44,महिला,ZSY1411701,,,N,N,main,,2026-EROLLGEN-S24-86-SIR-FinalRoll-Revision1-HIN-11-WI.pdf,6,13,0.972,N,,name='राजकुमारी'(0.99) | relation_name='कृष्ण कुमार'(0.97) | house_no='22'(0.85) | serial='103'(1.00) | epic='ZSY1411701'(1.00) | age='44'(1.00) | house_no='22'(0.99),2
104,सरोज देवी,husband,विष्णू कुमार,22,44,महिला,ZSY1411966,,,N,N,main,,2026-EROLLGEN-S24-86-SIR-FinalRoll-Revision1-HIN-11-WI.pdf,6,14,0.88,Y,low_ocr_confidence,"name='सरोज देवी'(0.98) | relation_name='विष्णू कुमार'(0.88) | house_no='22'(0.98) | serial='104'(1.00) | epic='ZSY1411966'(1.00) | age='44'(1.00) | house_no='22""'(0.78)",2
105,चन्द्रमोह्न,father,धर्मवीर,22,42,पुरुष,CTV2872182,,,N,N,main,,2026-EROLLGEN-S24-86-SIR-FinalRoll-Revision1-HIN-11-WI.pdf,6,15,0.939,N,,name='चन्द्रमोह्न'(0.94) | relation_name='धर्मवीर'(1.00) | house_no='22'(1.00) | serial='105'(1.00) | epic='CTV2872182'(1.00) | age='42'(1.00) | house_no='22'(1.00),15
106,धीरन्र सिंह,father,दामोदर,22,41,पुरुष,CTV2871440,,,N,N,main,,2026-EROLLGEN-S24-86-SIR-FinalRoll-Revision1-HIN-11-WI.pdf,6,16,0.942,N,,name='धीरन्र सिंह'(0.94) | relation_name='दामोदर'(1.00) | house_no='22'(1.00) | serial='106'(1.00) | epic='CTV2871440'(0.97) | age='41'(1.00) | house_no='22'(1.00),1
107,महेश कुमार,father,धर्मवी सिंह,22,40,पुरुष,ZSY3171832,,,N,N,main,,2026-EROLLGEN-S24-86-SIR-FinalRoll-Revision1-HIN-11-WI.pdf,6,17,0.94,N,,name='महेश कुमार'(1.00) | relation_name='धर्मवी सिंह'(0.94) | house_no='22'(1.00) | serial='107'(1.00) | epic='ZSY3171832'(0.99) | age='40'(1.00) | house_no='22'(1.00),1
108,हरिओम जूरेल,father,धर्मवीर सिंह,22,38,पुरुष,ZSY0968446,,,N,N,main,,2026-EROLLGEN-S24-86-SIR-FinalRoll-Revision1-HIN-11-WI.pdf,6,18,0.962,N,,name='हरिओम जूरेल'(0.97) | relation_name='धर्मवीर सिंह'(0.96) | house_no='22'(1.00) | serial='108'(1.00) | epic='ZSY0968446'(1.00) | age='38'(1.00) | house_no='22'(1.00),15
109,शशी कुमार,father,बीरन्र सिंह,22,38,पुरुष,ZSY1933084,,,N,N,main,,2026-EROLLGEN-S24-86-SIR-FinalRoll-Revision1-HIN-11-WI.pdf,6,19,0.753,Y,low_ocr_confidence,name='शशी कुमार'(0.95) | relation_name='बीरन्र सिंह'(0.88) | house_no='२२'(0.75) | serial='109'(1.00) | epic='ZSY1933084'(1.00) | age='38'(1.00) | house_no='23'(0.68),1
110,रवेन्र सिंह,father,पंदम सिंह,22,37,पुरुष,ZSY0968354,,,N,N,main,,2026-EROLLGEN-S24-86-SIR-FinalRoll-Revision1-HIN-11-WI.pdf,6,20,0.862,Y,low_ocr_confidence,name='रवेन्र सिंह'(0.86) | relation_name='पंदम सिंह'(0.92) | house_no='22'(1.00) | serial='110'(0.98) | epic='ZSY0968354'(1.00) | age='37'(1.00) | house_no='22'(1.00),2
111,पुष्े्र सिंें,father,पदम सिंह,22,35,पुरुष,ZSY0968370,,,N,N,main,,2026-EROLLGEN-S24-86-SIR-FinalRoll-Revision1-HIN-11-WI.pdf,6,21,0.799,Y,low_ocr_confidence,name='पुष्े्र सिंें'(0.80) | relation_name='पदम सिंह'(0.91) | house_no='22'(1.00) | serial='111'(1.00) | epic='ZSY0968370'(1.00) | age='35'(1.00) | house_no='22'(1.00),16
112,नीलम,husband,जितेन्द्र कुमार,22,34,महिला,ZSY3398351,,,N,N,main,,2026-EROLLGEN-S24-86-SIR-FinalRoll-Revision1-HIN-11-WI.pdf,6,22,0.876,Y,low_ocr_confidence,name='नीलम'(1.00) | relation_name='जितेन्द्र कुमार'(0.90) | house_no='22'(0.95) | serial='112'(0.88) | epic='ZSY3398351'(1.00) | age='34'(1.00) | house_no='22'(1.00),1
113,हरन्र सिंह,father,पदम सिंह,22,33,पुरुष,ZSY0968362,,,N,N,main,,2026-EROLLGEN-S24-86-SIR-FinalRoll-Revision1-HIN-11-WI.pdf,6,23,0.873,Y,low_ocr_confidence,name='हरन्र सिंह'(0.87) | relation_name='पदम सिंह'(0.97) | house_no='22'(1.00) | serial='113'(1.00) | epic='ZSY0968362'(0.98) | age='33'(1.00) | house_no='22'(1.00),1
114,जितन्द् कुमार,father,धर्मवीर सिंह,22,33,पुरुष,ZSY0968412,,,N,N,main,,2026-EROLLGEN-S24-86-SIR-FinalRoll-Revision1-HIN-11-WI.pdf,6,24,0.757,Y,low_ocr_confidence,name='जितन्द् कुमार'(0.76) | relation_name='धर्मवीर सिंह'(0.92) | house_no='22'(1.00) | serial='114'(1.00) | epic='ZSY0968412'(1.00) | age='33'(1.00) | house_no='22'(1.00),15
115,पिकी,husband,धीरिं्र सिंह,22,30,महिला,ZSY3647419,,,N,N,main,,2026-EROLLGEN-S24-86-SIR-FinalRoll-Revision1-HIN-11-WI.pdf,6,25,0.889,Y,low_ocr_confidence,name='पिकी'(0.98) | relation_name='धीरिं्र सिंह'(0.89) | house_no='22'(1.00) | serial='115'(0.94) | epic='ZSY3647419'(1.00) | age='30'(1.00) | house_no='22'(1.00),1
116,नरेश कुमार,father,धर्मवीर सिंह,22,25,पुरुष,ZSY3171824,,,N,N,main,,2026-EROLLGEN-S24-86-SIR-FinalRoll-Revision1-HIN-11-WI.pdf,6,26,0.944,Y,relation_type_uncertain,name='नरेश कुमार'(0.95) | relation_name='धर्मवीर सिंह'(0.95) | house_no='22'(1.00) | serial='116'(0.94) | epic='ZSY3171824'(1.00) | age='25'(1.00) | house_no='22'(1.00),2
117,काजल,husband,महेश कुमार,22,23,महिला,ZSY3647393,,,N,N,main,,2026-EROLLGEN-S24-86-SIR-FinalRoll-Revision1-HIN-11-WI.pdf,6,27,0.998,N,,name='काजल'(1.00) | relation_name='महेश कुमार'(1.00) | house_no='22'(0.75) | serial='117'(1.00) | epic='ZSY3647393'(1.00) | age='23'(1.00) | house_no='22'(1.00),16
118,हीमानी,husband,पुप्ेन्र्,22,21,महिला,ZSY3647344,,,N,N,main,,2026-EROLLGEN-S24-86-SIR-FinalRoll-Revision1-HIN-11-WI.pdf,6,28,0.815,Y,low_ocr_confidence,name='हीमानी'(1.00) | relation_name='पुप्ेन्र्'(0.81) | house_no='22'(0.76) | serial='118'(1.00) | epic='ZSY3647344'(1.00) | age='21'(1.00) | house_no='22'(1.00),1
119,विशनू,father,वांकेलाल,23,45,पुरुष,ZSY3937604,,,N,N,main,,2026-EROLLGEN-S24-86-SIR-FinalRoll-Revision1-HIN-11-WI.pdf,6,29,0.98,N,,name='विशनू'(0.99) | relation_name='वांकेलाल'(0.99) | house_no='23'(0.98) | serial='119'(1.00) | epic='ZSY3937604'(1.00) | age='45'(1.00) | house_no='23'(1.00),1
120,विजय सिंह,father,अतर सिह,23,41,पुरुष,ZSY1836998,,,N,N,main,,2026-EROLLGEN-S24-86-SIR-FinalRoll-Revision1-HIN-11-WI.pdf,6,30,0.915,N,,name='विजय सिंह'(0.98) | relation_name='अतर सिह'(0.91) | house_no='23'(0.98) | serial='120'(1.00) | epic='ZSY1836998'(0.96) | age='41'(1.00) | house_no='23'(1.00),14
121,विमलेश देवी,husband,हरवीर सिंह,23,38,महिला,ZSY3338688,,,N,N,main,,2026-EROLLGEN-S24-86-SIR-FinalRoll-Revision1-HIN-11-WI.pdf,7,1,0.941,N,,name='विमलेश देवी'(0.98) | relation_name='हरवीर सिंह'(0.94) | house_no='23'(0.98) | serial='121'(1.00) | epic='ZSY3338688'(1.00) | age='38'(1.00) | house_no='23'(1.00),1
122,मुकेश कुमार,father,'भूदेव सिह,23,34,पुरुष,ZSY1115534,,,N,N,main,,2026-EROLLGEN-S24-86-SIR-FinalRoll-Revision1-HIN-11-WI.pdf,7,2,0.919,N,,"name='मुकेश कुमार'(0.99) | relation_name=""'भूदेव सिह""(0.92) | house_no='23$'(0.79) | serial='122'(1.00) | epic='ZSY1115534'(1.00) | age='34'(1.00) | house_no='23'(0.99)",1
123,नीतू कुमारी,husband,मुकेश कुमार,33,30,महिला,ZSY2863025,,,N,N,main,,2026-EROLLGEN-S24-86-SIR-FinalRoll-Revision1-HIN-11-WI.pdf,7,3,0.754,Y,low_ocr_confidence,name='नीतू कुमारी'(0.95) | relation_name='मुकेश कुमार'(1.00) | house_no='२३'(0.70) | serial='123'(1.00) | epic='ZSY2863025'(1.00) | age='30'(1.00) | house_no='33'(0.75),14
124,देवन्र सिंह,father,पंदम सिंह,23,26,पुरुष,ZSY2862886,,,N,N,main,,2026-EROLLGEN-S24-86-SIR-FinalRoll-Revision1-HIN-11-WI.pdf,7,4,0.939,N,,name='देवन्र सिंह'(0.94) | relation_name='पंदम सिंह'(0.94) | house_no='२३'(0.94) | serial='124'(1.00) | epic='ZSY2862886'(1.00) | age='26'(1.00) | house_no='23'(0.91),1
125,केशवदेव,father,फते सिंह,24,73,पुरुष,CTV2056331,,,N,N,main,,2026-EROLLGEN-S24-86-SIR-FinalRoll-Revision1-HIN-11-WI.pdf,7,5,0.944,N,,name='केशवदेव'(0.97) | relation_name='फते सिंह'(0.94) | house_no='24'(0.94) | serial='125'(1.00) | epic='CTV2056331'(1.00) | age='73'(1.00) | house_no='24'(1.00),2
126,रुपकला,husband,केशव सिंह,24,71,महिला,CTV2056349,,,N,N,main,,2026-EROLLGEN-S24-86-SIR-FinalRoll-Revision1-HIN-11-WI.pdf,7,6,0.888,Y,low_ocr_confidence,name='रुपकला'(0.89) | relation_name='केशव सिंह'(0.94) | house_no='24'(0.96) | serial='126'(1.00) | epic='CTV2056349'(1.00) | age='71'(1.00) | house_no='24'(1.00),17
127,गौरव कुमार,father,केशव देव,24,27,पुरुष,ZSY3340130,,,N,N,main,,2026-EROLLGEN-S24-86-SIR-FinalRoll-Revision1-HIN-11-WI.pdf,7,7,0.964,N,,name='गौरव कुमार'(0.99) | relation_name='केशव देव'(0.96) | house_no='24'(0.88) | serial='127'(1.00) | epic='ZSY3340130'(1.00) | age='27'(1.00) | house_no='24'(1.00),1
128,हरदेवी,husband,ब्रजवल्लभ सिंह,25,74,महिला,ZSY1411693,,,N,N,main,,2026-EROLLGEN-S24-86-SIR-FinalRoll-Revision1-HIN-11-WI.pdf,7,8,0.964,N,,name='हरदेवी'(0.99) | relation_name='ब्रजवल्लभ सिंह'(0.96) | house_no='25'(0.93) | serial='128'(0.99) | epic='ZSY1411693'(1.00) | age='74'(1.00) | house_no='25'(1.00),1
129,प्रकाशवीर,father,जगदीश प्रसाद,25,53,पुरुष,UP703550018026,,,N,N,main,,2026-EROLLGEN-S24-86-SIR-FinalRoll-Revision1-HIN-11-WI.pdf,7,9,0.968,Y,epic_format,name='प्रकाशवीर'(0.99) | relation_name='जगदीश प्रसाद'(0.97) | house_no='25'(0.76) | serial='129|'(0.97) | epic='UP/70/355/0018026'(1.00) | age='53'(0.99) | house_no='25'(1.00),14
130,चन्दरवीर,father,जगदीश प्रसाद,25,52,पुरुष,UP703550018027,,,N,N,main,,2026-EROLLGEN-S24-86-SIR-FinalRoll-Revision1-HIN-11-WI.pdf,7,10,0.898,Y,epic_format|low_ocr_confidence,name='चन्दरवीर'(0.95) | relation_name='जगदीश प्रसाद'(0.99) | house_no='25'(0.97) | serial='130|'(0.90) | epic='UP/70/355/0018027'(1.00) | age='52'(1.00) | house_no='25'(1.00),1
131,राजरानी,husband,प्रकाशवीर,25,50,महिला,ZSY3338431,,,N,N,main,,2026-EROLLGEN-S24-86-SIR-FinalRoll-Revision1-HIN-11-WI.pdf,7,11,0.948,N,,name='राजरानी'(0.95) | relation_name='प्रकाशवीर'(0.99) | house_no='25'(0.98) | serial='131'(1.00) | epic='ZSY3338431'(1.00) | age='50'(1.00) | house_no='25'(1.00),2
132,कन्हैया,father,ब्रजवल्लभ,25,50,पुरुष,CTV1832211,,,N,N,main,,2026-EROLLGEN-S24-86-SIR-FinalRoll-Revision1-HIN-11-WI.pdf,7,12,0.923,N,,name='कन्हैया'(0.99) | relation_name='ब्रजवल्लभ'(0.92) | house_no='25'(0.99) | serial='132'(1.00) | epic='CTV1832211'(1.00) | age='50'(1.00) | house_no='25'(1.00),17
133,मुकेश कुमारी,husband,चन्दरवीर,25,49,महिला,UP703550018028,,,N,N,main,,2026-EROLLGEN-S24-86-SIR-FinalRoll-Revision1-HIN-11-WI.pdf,7,13,0.775,Y,epic_format|low_ocr_confidence,name='मुकेश कुमारी'(0.97) | relation_name='चन्दरवीर'(0.96) | house_no='25'(0.96) | serial='133|'(0.78) | epic='UP/70/355/0018028'(1.00) | age='49'(1.00) | house_no='25'(1.00),2
134,सुनीता देवी,husband,अजयवीर,25,48,महिला,ZSY2510550,,,N,N,main,,2026-EROLLGEN-S24-86-SIR-FinalRoll-Revision1-HIN-11-WI.pdf,7,14,0.962,N,,name='सुनीता देवी'(0.96) | relation_name='अजयवीर'(1.00) | house_no='25'(0.94) | serial='134'(1.00) | epic='ZSY2510550'(1.00) | age='48'(1.00) | house_no='25'(1.00),2
135,सुखवीर,father,जगदीश प्रसाद,25,46,पुरुष,CTV2871358,,,N,N,main,,2026-EROLLGEN-S24-86-SIR-FinalRoll-Revision1-HIN-11-WI.pdf,7,15,0.865,Y,low_ocr_confidence,name='सुखवीर'(0.87) | relation_name='जगदीश प्रसाद'(0.99) | house_no='25'(0.97) | serial='135'(1.00) | epic='CTV2871358'(0.99) | age='46'(1.00) | house_no='25'(1.00),15
136,मामराज सिंह,father,बृज बल्लभ सिंह,4,45,पुरुष,ZSY2262541,,,N,N,main,,2026-EROLLGEN-S24-86-SIR-FinalRoll-Revision1-HIN-11-WI.pdf,7,16,0.951,N,,name='मामराज सिंह'(1.00) | relation_name='बृज बल्लभ सिंह'(0.95) | house_no='५'(0.53) | serial='136'(1.00) | epic='ZSY2262541'(1.00) | age='45'(1.00) | house_no='4'(0.99),1
137,अयवीर जुरेल,father,जगदीश,25,43,पुरुष,ZSY0396978,,,N,N,main,,2026-EROLLGEN-S24-86-SIR-FinalRoll-Revision1-HIN-11-WI.pdf,7,17,0.865,Y,low_ocr_confidence,name='अयवीर जुरेल'(1.00) | relation_name='जगदीश'(0.86) | house_no='25'(0.97) | serial='137'(1.00) | epic='ZSY0396978'(0.95) | age='43'(1.00) | house_no='25'(1.00),1
138,शकुन्तला देवी,husband,सुखवीर सिंह,25,41,महिला,ZSY2189843,,,N,N,main,,2026-EROLLGEN-S24-86-SIR-FinalRoll-Revision1-HIN-11-WI.pdf,7,18,0.912,N,,name='शकुन्तला देवी'(0.99) | relation_name='सुखवीर सिंह'(0.91) | house_no='25'(0.99) | serial='138'(1.00) | epic='ZSY2189843'(1.00) | age='41'(1.00) | house_no='25'(0.99),15
139,भागवती देवी,husband,कनहैयालाल,25,39,महिला,ZSY1411727,,,N,N,main,,2026-EROLLGEN-S24-86-SIR-FinalRoll-Revision1-HIN-11-WI.pdf,7,19,0.978,N,,name='भागवती देवी'(0.99) | relation_name='कनहैयालाल'(0.99) | house_no='25'(0.98) | serial='139'(1.00) | epic='ZSY1411727'(1.00) | age='39'(1.00) | house_no='25'(1.00),1
140,दिनेश देवी,husband,जयवीर सिंह,25,39,महिला,ZSY2189850,,,N,N,main,,2026-EROLLGEN-S24-86-SIR-FinalRoll-Revision1-HIN-11-WI.pdf,7,20,0.952,N,,name='दिनेश देवी'(1.00) | relation_name='जयवीर सिंह'(0.95) | house_no='25'(0.97) | serial='140'(1.00) | epic='ZSY2189850'(1.00) | age='39'(1.00) | house_no='25'(1.00),2
141,सुनीता देवी,husband,संतोष कुमार,25,35,महिला,ZSY3667706,,,N,N,main,,2026-EROLLGEN-S24-86-SIR-FinalRoll-Revision1-HIN-11-WI.pdf,7,21,0.986,N,,name='सुनीता देवी'(1.00) | relation_name='संतोष कुमार'(1.00) | house_no='25'(0.99) | serial='141'(1.00) | epic='ZSY3667706'(0.99) | age='35'(1.00) | house_no='25'(1.00),16
142,सन्तोष कुमार जूरैल,father,हरिप्रसाद,25,33,पुरुष,ZSY1261866,,,N,N,main,,2026-EROLLGEN-S24-86-SIR-FinalRoll-Revision1-HIN-11-WI.pdf,7,22,0.851,Y,low_ocr_confidence,name='सन्तोष कुमार जूरैल'(0.96) | relation_name='हरिप्रसाद'(0.96) | house_no='25'(0.95) | serial='142'(1.00) | epic='ZSY1261866'(1.00) | age='33'(0.85) | house_no='25'(1.00),1
143,आनन्द जूरैल,father,प्रकाश वीर सिंह,25,33,पुरुष,ZSY1932847,,,N,N,main,,2026-EROLLGEN-S24-86-SIR-FinalRoll-Revision1-HIN-11-WI.pdf,7,23,0.967,N,,name='आनन्द जूरैल'(0.99) | relation_name='प्रकाश वीर सिंह'(0.97) | house_no='२५'(0.99) | serial='143'(1.00) | epic='ZSY1932847'(1.00) | age='33'(1.00) | house_no='24'(0.87),1
144,पवन कुमार,father,हरिप्रसाद,25,32,पुरुष,ZSY2510816,,,N,N,main,,2026-EROLLGEN-S24-86-SIR-FinalRoll-Revision1-HIN-11-WI.pdf,7,24,0.941,N,,name='पवन कुमार'(0.94) | relation_name='हरिप्रसाद'(0.94) | house_no='२५'(1.00) | serial='144'(1.00) | epic='ZSY2510816'(1.00) | age='32'(1.00) | house_no='24'(0.78),15
145,रेनू देवी,husband,पवन कुमार,25,31,महिला,ZSY2510790,,,N,N,main,,2026-EROLLGEN-S24-86-SIR-FinalRoll-Revision1-HIN-11-WI.pdf,7,25,0.915,N,,name='रेनू देवी'(0.91) | relation_name='पवन कुमार'(1.00) | house_no='२५'(0.98) | serial='145'(1.00) | epic='ZSY2510790'(1.00) | age='31'(1.00) | house_no='24'(0.70),1
146,रेखा,husband,आनंद जुरैल,25,31,महिला,ZSY3338647,,,N,N,main,,2026-EROLLGEN-S24-86-SIR-FinalRoll-Revision1-HIN-11-WI.pdf,7,26,0.923,N,,name='रेखा'(0.92) | relation_name='आनंद जुरैल'(0.97) | house_no='25'(0.98) | serial='146'(1.00) | epic='ZSY3338647'(1.00) | age='31'(1.00) | house_no='25'(1.00),2
147,गणेश जूरेल,father,प्रकाश वीर सिंह,25,30,पुरुष,ZSY1932839,,,N,N,main,,2026-EROLLGEN-S24-86-SIR-FinalRoll-Revision1-HIN-11-WI.pdf,7,27,0.943,Y,relation_type_uncertain,name='गणेश जूरेल'(0.94) | relation_name='प्रकाश वीर सिंह'(0.96) | house_no='२५'(1.00) | serial='147'(1.00) | epic='ZSY1932839'(1.00) | age='30'(1.00) | house_no='24'(0.83),16
148,गायत्री,husband,गणेश जुरेल,25,29,महिला,ZSY3357258,,,N,N,main,,2026-EROLLGEN-S24-86-SIR-FinalRoll-Revision1-HIN-11-WI.pdf,7,28,0.911,N,,name='गायत्री'(0.91) | relation_name='गणेश जुरेल'(0.96) | house_no='25'(0.99) | serial='148'(1.00) | epic='ZSY3357258'(0.99) | age='29'(1.00) | house_no='25'(1.00),1
149,अनुज जूरैल,father,सुखवीर सिंह,25,25,पुरुष,ZSY3228046,,,N,N,main,,2026-EROLLGEN-S24-86-SIR-FinalRoll-Revision1-HIN-11-WI.pdf,7,29,0.937,N,,name='अनुज जूरैल'(0.94) | relation_name='सुखवीर सिंह'(0.94) | house_no='25$'(0.72) | serial='149'(1.00) | epic='ZSY3228046'(1.00) | age='25'(1.00) | house_no='25'(1.00),1
150,अभिषेक कुमार,father,सुखवीर सिंह,25,24,पुरुष,ZSY3338654,,,N,N,main,,2026-EROLLGEN-S24-86-SIR-FinalRoll-Revision1-HIN-11-WI.pdf,7,30,0.928,N,,name='अभिषेक कुमार'(0.98) | relation_name='सुखवीर सिंह'(0.93) | house_no='25'(0.93) | serial='150'(1.00) | epic='ZSY3338654'(1.00) | age='24'(1.00) | house_no='25'(1.00),14
151,रोहित जूरेल,father,क्हेैया जुरेल,25,23,पुरुष,ZSY3847126,#,# (not in legend),N,N,main,,2026-EROLLGEN-S24-86-SIR-FinalRoll-Revision1-HIN-11-WI.pdf,8,1,0.895,Y,low_ocr_confidence,name='रोहित जूरेल'(0.99) | relation_name='क्हेैया जुरेल'(0.90) | house_no='25'(0.98) | serial='151'(1.00) | epic='ZSY3847126'(0.99) | age='23'(1.00) | house_no='25'(1.00),1
152,सहदेव जुरैल,father,सुखवीर सिंह,25,21,पुरुष,ZSY3743143,,,N,N,main,,2026-EROLLGEN-S24-86-SIR-FinalRoll-Revision1-HIN-11-WI.pdf,8,2,0.839,Y,low_ocr_confidence,name='सहदेव जुरैल'(0.98) | relation_name='सुखवीर सिंह'(0.96) | house_no='25$'(0.72) | serial='152'(0.84) | epic='ZSY3743143'(1.00) | age='21'(1.00) | house_no='25'(1.00),1
153,अतुल,father,महावीर सिंह,27,48,पुरुष,CTV3283314,,,N,N,main,,2026-EROLLGEN-S24-86-SIR-FinalRoll-Revision1-HIN-11-WI.pdf,8,3,0.859,Y,low_ocr_confidence,name='अतुल'(0.99) | relation_name='महावीर सिंह'(0.94) | house_no='27'(1.00) | serial='153'(0.86) | epic='CTV3283314'(1.00) | age='48'(1.00) | house_no='27'(1.00),14
154,अमित,father,महावीर सिंह,27,45,पुरुष,ZSY1837004,,,N,N,main,,2026-EROLLGEN-S24-86-SIR-FinalRoll-Revision1-HIN-11-WI.pdf,8,4,0.967,N,,name='अमित'(0.97) | relation_name='महावीर सिंह'(0.99) | house_no='27'(1.00) | serial='154'(1.00) | epic='ZSY1837004'(1.00) | age='45'(1.00) | house_no='27'(1.00),1
155,अंशू देवी,husband,अतुल कुमार सिंह,27,34,महिला,ZSY1756725,,,N,N,main,,2026-EROLLGEN-S24-86-SIR-FinalRoll-Revision1-HIN-11-WI.pdf,8,5,0.953,N,,name='अंशू देवी'(0.95) | relation_name='अतुल कुमार सिंह'(0.96) | house_no='27'(0.99) | serial='155'(1.00) | epic='ZSY1756725'(1.00) | age='34'(1.00) | house_no='27'(0.99),2
156,शकुन्तला,husband,अमर सिंह,32,75,महिला,CTV2056976,,,N,N,main,,2026-EROLLGEN-S24-86-SIR-FinalRoll-Revision1-HIN-11-WI.pdf,8,6,0.935,N,,name='शकुन्तला'(0.93) | relation_name='अमर सिंह'(0.94) | house_no='32'(1.00) | serial='156'(1.00) | epic='CTV2056976'(1.00) | age='75'(1.00) | house_no='32'(1.00),17
157,तेज सिंह,father,अमर सिंह,32,43,पुरुष,ZSY0718171,,,N,N,main,,2026-EROLLGEN-S24-86-SIR-FinalRoll-Revision1-HIN-11-WI.pdf,8,7,0.946,N,,name='तेज सिंह'(0.95) | relation_name='अमर सिंह'(0.99) | house_no='32'(1.00) | serial='157'(1.00) | epic='ZSY0718171'(1.00) | age='43'(1.00) | house_no='32'(1.00),1
158,मोहन,father,अमर सिंह,32,41,पुरुष,ZSY1837012,,,N,N,main,,2026-EROLLGEN-S24-86-SIR-FinalRoll-Revision1-HIN-11-WI.pdf,8,8,0.988,N,,name='मोहन'(1.00) | relation_name='अमर सिंह'(0.99) | house_no='32'(1.00) | serial='158'(1.00) | epic='ZSY1837012'(1.00) | age='41'(1.00) | house_no='32'(1.00),1
159,गायत्री,husband,तेज सिंह,32,38,महिला,CTV4330393,,,N,N,main,,2026-EROLLGEN-S24-86-SIR-FinalRoll-Revision1-HIN-11-WI.pdf,8,9,0.971,N,,name='गायत्री'(0.97) | relation_name='तेज सिंह'(0.98) | house_no='32'(1.00) | serial='159'(1.00) | epic='CTV4330393'(1.00) | age='38'(1.00) | house_no='32'(1.00),14
160,रघुवीरीदेवी,husband,वृजमोहट,24,78,महिला,CTV2056588,E,dead (मृतक),Y,Y,main,,2026-EROLLGEN-S24-86-SIR-FinalRoll-Revision1-HIN-11-WI.pdf,8,10,0.762,Y,serial_corrected|low_ocr_confidence,name='रघुवीरीदेवी'(0.92) | relation_name='वृजमोहट'(0.90) | house_no='24'(0.62) | name~='२५ूदवीरीदवी'(0.66) | relation_name~='ृजमाहह'(0.58) | house_no~='324'(0.53) | serial='16('(0.93) | epic='CTV2056588'(1.00) | age='78'(1.00) | house_no='24'(0.66) | age~='78'(1.00) | house_no~='24'(0.76),310
161,सोमोती,husband,लाला,34,69,महिला,UP703550018035,,,N,N,main,,2026-EROLLGEN-S24-86-SIR-FinalRoll-Revision1-HIN-11-WI.pdf,8,11,0.986,Y,epic_format,name='सोमोती'(1.00) | relation_name='लाला'(1.00) | house_no='34'(0.99) | serial='161|'(0.99) | epic='UP/70/355/0018035'(1.00) | age='69'(1.00) | house_no='34'(1.00),2
162,भजनलाल,father,जवाहर सिंह,34,53,पुरुष,CTV2056794,,,N,N,main,,2026-EROLLGEN-S24-86-SIR-FinalRoll-Revision1-HIN-11-WI.pdf,8,12,0.985,N,,name='भजनलाल'(0.99) | relation_name='जवाहर सिंह'(0.98) | house_no='34'(0.99) | serial='162'(1.00) | epic='CTV2056794'(1.00) | age='53'(1.00) | house_no='34'(1.00),17
163,प्रवीन,father,वृजमोहन,34,52,पुरुष,CTV2872141,,,N,N,main,,2026-EROLLGEN-S24-86-SIR-FinalRoll-Revision1-HIN-11-WI.pdf,8,13,0.916,N,,name='प्रवीन'(0.92) | relation_name='वृजमोहन'(0.98) | house_no='$\\34$'(0.47) | serial='163'(1.00) | epic='CTV2872141'(1.00) | age='52'(1.00) | house_no='34'(1.00),2
164,ब्रहमदेव,father,जसवंत सिंह,34,51,पुरुष,ZSY1837020,,,N,N,main,,2026-EROLLGEN-S24-86-SIR-FinalRoll-Revision1-HIN-11-WI.pdf,8,14,0.924,N,,name='ब्रहमदेव'(0.92) | relation_name='जसवंत सिंह'(0.97) | house_no='34'(1.00) | serial='164'(1.00) | epic='ZSY1837020'(0.96) | age='51'(1.00) | house_no='34'(1.00),2
165,रेखा देवी,husband,प्रवीन,34,50,महिला,ZSY1597434,,,N,N,main,,2026-EROLLGEN-S24-86-SIR-FinalRoll-Revision1-HIN-11-WI.pdf,8,15,0.926,N,,name='रेखा देवी'(0.96) | relation_name='प्रवीन'(0.93) | house_no='34'(0.99) | serial='165'(1.00) | epic='ZSY1597434'(1.00) | age='50'(1.00) | house_no='34'(1.00),15
166,चन्दमोहन,father,वृजमोहन,34,49,पुरुष,CTV2872083,,,N,N,main,,2026-EROLLGEN-S24-86-SIR-FinalRoll-Revision1-HIN-11-WI.pdf,8,16,0.868,Y,low_ocr_confidence,name='चन्दमोहन'(0.95) | relation_name='वृजमोहन'(0.87) | house_no='$\\}$'(0.65) | serial='166'(1.00) | epic='CTV2872083'(1.00) | age='49'(1.00) | house_no='34'(1.00),1
167,आशा देवी,husband,बृह देव सिंह,34,48,महिला,ZSY0968560,,,N,N,main,,2026-EROLLGEN-S24-86-SIR-FinalRoll-Revision1-HIN-11-WI.pdf,8,17,0.938,N,,name='आशा देवी'(0.96) | relation_name='बृह देव सिंह'(0.94) | house_no='34'(0.97) | serial='167'(1.00) | epic='ZSY0968560'(1.00) | age='48'(1.00) | house_no='34'(1.00),1
168,सुमन,husband,शिवकुमार,34,48,महिला,CTV2057032,,,N,N,main,,2026-EROLLGEN-S24-86-SIR-FinalRoll-Revision1-HIN-11-WI.pdf,8,18,0.932,Y,layout_unusual,name='सुमन'(0.93) | relation_name='शिवकुमार'(0.95) | house_no='34'(0.99) | serial='168'(1.00) | epic='CTV2057032'(1.00) | age='48'(1.00) | house_no='34'(1.00),15
169,भूरा,father,लालाराम,34,47,पुरुष,UP703550018033,,,N,N,main,,2026-EROLLGEN-S24-86-SIR-FinalRoll-Revision1-HIN-11-WI.pdf,8,19,0.909,Y,epic_format,name='भूरा'(0.91) | relation_name='लालाराम'(0.93) | house_no='34'(0.99) | serial='169|'(0.91) | epic='UP/70/355/0018033'(0.98) | age='47'(1.00) | house_no='34'(1.00),1
170,मन्जू,husband,कालीचरन,34,47,महिला,UP703550018032,,,N,N,main,,2026-EROLLGEN-S24-86-SIR-FinalRoll-Revision1-HIN-11-WI.pdf,8,20,0.876,Y,epic_format|low_ocr_confidence,name='मन्जू'(0.98) | relation_name='कालीचरन'(0.97) | house_no='34'(1.00) | serial='170|'(0.88) | epic='UP/70/355/0018032'(1.00) | age='47'(1.00) | house_no='34'(1.00),2
171,रजनी,husband,भूरा,34,47,महिला,UP703550018034,,,N,N,main,,2026-EROLLGEN-S24-86-SIR-FinalRoll-Revision1-HIN-11-WI.pdf,8,21,0.89,Y,epic_format|low_ocr_confidence,name='रजनी'(0.92) | relation_name='भूरा'(0.89) | house_no='34'(0.87) | serial='171|'(0.99) | epic='UP/70/355/0018034'(1.00) | age='47'(1.00) | house_no='34'(1.00),16
172,दीनदयाल,father,जसवंत सिंह,34,47,पुरुष,CTV2871457,,,N,N,main,,2026-EROLLGEN-S24-86-SIR-FinalRoll-Revision1-HIN-11-WI.pdf,8,22,0.967,N,,name='दीनदयाल'(1.00) | relation_name='जसवंत सिंह'(0.97) | house_no='34'(0.99) | serial='172'(1.00) | epic='CTV2871457'(1.00) | age='47'(1.00) | house_no='34'(1.00),1
173,बलदेव सिंह,father,भगवान सिंह,60,42,पुरुष,ZSY1837038,#,# (not in legend),N,N,main,,2026-EROLLGEN-S24-86-SIR-FinalRoll-Revision1-HIN-11-WI.pdf,8,23,0.919,N,,name='बलदेव सिंह'(0.97) | relation_name='भगवान सिंह'(0.92) | house_no='60'(1.00) | serial='173'(0.99) | epic='ZSY1837038'(1.00) | age='42'(1.00) | house_no='60'(1.00),1
174,राजेश देवी,husband,चन्द्र मोहन सिंह,34,43,महिला,ZSY1832963,,,N,N,main,,2026-EROLLGEN-S24-86-SIR-FinalRoll-Revision1-HIN-11-WI.pdf,8,24,0.979,N,,name='राजेश देवी'(0.99) | relation_name='चन्द्र मोहन सिंह'(0.98) | house_no='34'(0.99) | serial='174'(1.00) | epic='ZSY1832963'(1.00) | age='43'(1.00) | house_no='34'(1.00),15
175,सुमन,husband,दीन दयाल सिंह,34,38,महिला,ZSY0717298,,,N,N,main,,2026-EROLLGEN-S24-86-SIR-FinalRoll-Revision1-HIN-11-WI.pdf,8,25,0.96,N,,name='सुमन'(0.96) | relation_name='दीन दयाल सिंह'(0.97) | house_no='34'(0.99) | serial='175'(1.00) | epic='ZSY0717298'(1.00) | age='38'(1.00) | house_no='34'(1.00),1
176,कोमल सिंह,father,भगवान सिंह,60,36,पुरुष,ZSY1837046,#,# (not in legend),N,N,main,,2026-EROLLGEN-S24-86-SIR-FinalRoll-Revision1-HIN-11-WI.pdf,8,26,0.823,Y,relation_type_uncertain|low_ocr_confidence,name='कोमल सिंह'(0.94) | relation_name='भगवान सिंह'(0.99) | house_no='60'(1.00) | serial='176'(0.82) | epic='ZSY1837046'(1.00) | age='36'(1.00) | house_no='60'(1.00),2
177,चन्द्रभान सिंह,father,भजन लाल,34,33,पुरुष,ZSY0968479,,,N,N,main,,2026-EROLLGEN-S24-86-SIR-FinalRoll-Revision1-HIN-11-WI.pdf,8,27,0.946,Y,relation_type_uncertain,name='चन्द्रभान सिंह'(0.98) | relation_name='भजन लाल'(0.95) | house_no='34'(0.99) | serial='177'(1.00) | epic='ZSY0968479'(1.00) | age='33'(1.00) | house_no='34'(1.00),16
178,सूरज सिंह,father,भजन लाल,38,30,पुरुष,ZSY1932870,,,N,N,main,,2026-EROLLGEN-S24-86-SIR-FinalRoll-Revision1-HIN-11-WI.pdf,8,28,0.911,N,,name='सूरज सिंह'(0.99) | relation_name='भजन लाल'(0.91) | house_no='३४'(0.91) | serial='178'(1.00) | epic='ZSY1932870'(0.95) | age='30'(1.00) | house_no='38'(0.99),1
179,नूतन देवी,husband,चन्द्रभान सिंह,34,30,महिला,ZSY2510691,,,N,N,main,,2026-EROLLGEN-S24-86-SIR-FinalRoll-Revision1-HIN-11-WI.pdf,8,29,0.913,N,,name='नूतन देवी'(0.91) | relation_name='चन्द्रभान सिंह'(0.93) | house_no='३४'(0.98) | serial='179'(1.00) | epic='ZSY2510691'(1.00) | age='30'(1.00) | house_no='38'(0.97),1
180,निर्मला देवी,husband,सूरज सिंह,34,29,महिला,ZSY2510626,,,N,N,main,,2026-EROLLGEN-S24-86-SIR-FinalRoll-Revision1-HIN-11-WI.pdf,8,30,0.667,Y,low_ocr_confidence,name='निर्मला देवी'(0.98) | relation_name='सूरज सिंह'(0.99) | house_no='३४'(0.67) | serial='180'(1.00) | epic='ZSY2510626'(1.00) | age='29'(1.00) | house_no='3x'(0.67),14
181,वेबी,father,काली चरन,34,29,महिला,ZSY3171857,,,N,N,main,,2026-EROLLGEN-S24-86-SIR-FinalRoll-Revision1-HIN-11-WI.pdf,9,1,0.874,Y,low_ocr_confidence,name='वेबी'(0.87) | relation_name='काली चरन'(0.96) | house_no='34'(0.99) | serial='181'(0.90) | epic='ZSY3171857'(1.00) | age='29'(1.00) | house_no='34'(1.00),1
182,दीपक जुरैल,father,प्रवीन कुमार,34,24,पुरुष,ZSY3171840,,,N,N,main,,2026-EROLLGEN-S24-86-SIR-FinalRoll-Revision1-HIN-11-WI.pdf,9,2,0.947,N,,name='दीपक जुरैल'(0.95) | relation_name='प्रवीन कुमार'(0.98) | house_no='34'(0.99) | serial='182'(1.00) | epic='ZSY3171840'(0.99) | age='24'(1.00) | house_no='34'(1.00),1
183,नरेश कुमार,father,काली चरन,34,24,पुरुष,ZSY3171865,,,N,N,main,,2026-EROLLGEN-S24-86-SIR-FinalRoll-Revision1-HIN-11-WI.pdf,9,3,0.962,N,,name='नरेश कुमार'(1.00) | relation_name='काली चरन'(0.96) | house_no='34'(0.99) | serial='183'(1.00) | epic='ZSY3171865'(0.99) | age='24'(1.00) | house_no='34'(1.00),14
184,सेंद्र ककमार,father,भजन लाल,34,24,पुरुष,ZSY3764289,,,N,N,main,,2026-EROLLGEN-S24-86-SIR-FinalRoll-Revision1-HIN-11-WI.pdf,9,4,0.756,Y,low_ocr_confidence,name='सेंद्र ककमार'(0.76) | relation_name='भजन लाल'(0.93) | house_no='34'(0.99) | serial='184'(1.00) | epic='ZSY3764289'(0.96) | age='24'(1.00) | house_no='34'(1.00),1
185,सूरज,father,भूरी सिंह,34,23,पुरुष,ZSY3711090,,,N,N,main,,2026-EROLLGEN-S24-86-SIR-FinalRoll-Revision1-HIN-11-WI.pdf,9,5,0.936,N,,name='सूरज'(0.95) | relation_name='भूरी सिंह'(0.94) | house_no='34$'(0.52) | serial='185'(1.00) | epic='ZSY3711090'(1.00) | age='23'(1.00) | house_no='34'(0.98),2
186,सोनिया,father,ब्रहदेव,34,22,महिला,ZSY3463544,,,N,N,main,,2026-EROLLGEN-S24-86-SIR-FinalRoll-Revision1-HIN-11-WI.pdf,9,6,0.834,Y,low_ocr_confidence,name='सोनिया'(0.83) | relation_name='ब्रहदेव'(0.92) | house_no='34'(0.95) | serial='186'(1.00) | epic='ZSY3463544'(1.00) | age='22'(1.00) | house_no='34'(1.00),17
187,राहुल कुमार,father,प्रवीन कुमार,34,21,पुरुष,ZSY3632023,,,N,N,main,,2026-EROLLGEN-S24-86-SIR-FinalRoll-Revision1-HIN-11-WI.pdf,9,7,0.84,Y,low_ocr_confidence,name='राहुल कुमार'(0.90) | relation_name='प्रवीन कुमार'(0.92) | house_no='34'(1.00) | serial='187'(0.84) | epic='ZSY3632023'(1.00) | age='21'(1.00) | house_no='34'(1.00),1
188,करिश्ा कुमारी,husband,सहें्र ककमार,34,21,महिला,ZSY3764602,,,N,N,main,,2026-EROLLGEN-S24-86-SIR-FinalRoll-Revision1-HIN-11-WI.pdf,9,8,0.675,Y,low_ocr_confidence,name='करिश्ा कुमारी'(0.94) | relation_name='सहें्र ककमार'(0.67) | house_no='34'(0.99) | serial='188'(0.90) | epic='ZSY3764602'(1.00) | age='21'(1.00) | house_no='34'(1.00),1
189,तेजवीर,father,भजन लाल,34,21,पुरुष,ZSY3770922,,,N,N,main,,2026-EROLLGEN-S24-86-SIR-FinalRoll-Revision1-HIN-11-WI.pdf,9,9,0.933,N,,name='तेजवीर'(0.99) | relation_name='भजन लाल'(0.93) | house_no='34'(0.99) | serial='189'(1.00) | epic='ZSY3770922'(1.00) | age='21'(1.00) | house_no='34'(1.00),14
190,राजकुमारी,husband,तेजवीर,34,20,महिला,ZSY3769767,,,N,N,main,,2026-EROLLGEN-S24-86-SIR-FinalRoll-Revision1-HIN-11-WI.pdf,9,10,0.932,N,,name='राजकुमारी'(0.97) | relation_name='तेजवीर'(0.98) | house_no='34'(0.99) | serial='190'(0.93) | epic='ZSY3769767'(1.00) | age='20'(1.00) | house_no='34'(1.00),1
191,शिवम जूरेल,father,ब्रहमदेव जूरल,34,20,पुरुष,ZSY3818044,,,N,N,main,,2026-EROLLGEN-S24-86-SIR-FinalRoll-Revision1-HIN-11-WI.pdf,9,11,0.912,N,,name='शिवम जूरेल'(0.98) | relation_name='ब्रहमदेव जूरल'(0.91) | house_no='345'(0.74) | serial='191'(1.00) | epic='ZSY3818044'(0.98) | age='20'(1.00) | house_no='34'(1.00),2
192,सौमोती,husband,रामेश्वर,25,66,महिला,ZSY1261726,E,dead (मृतक),Y,Y,main,,2026-EROLLGEN-S24-86-SIR-FinalRoll-Revision1-HIN-11-WI.pdf,9,12,0.814,Y,low_ocr_confidence,name='सौमोती'(1.00) | relation_name='रामेश्वर'(0.98) | house_no='25'(0.68) | name~='सौमानी'(0.72) | relation_name~='रामेश्वर'(0.85) | house_no~='25'(0.81) | serial='192'(1.00) | epic='ZSY1261726'(1.00) | age='66'(1.00) | house_no='25'(0.69) | age~='6.6'(0.63) | house_no~='05'(0.70),324
193,राजन देवी,husband,श्यामवीर सिंह,35,48,महिला,ZSY1261841,,,N,N,main,,2026-EROLLGEN-S24-86-SIR-FinalRoll-Revision1-HIN-11-WI.pdf,9,13,0.939,N,,name='राजन देवी'(0.94) | relation_name='श्यामवीर सिंह'(0.98) | house_no='35'(1.00) | serial='193'(1.00) | epic='ZSY1261841'(1.00) | age='48'(1.00) | house_no='35'(1.00),2
194,श्यामवीर सिंह,father,रामेश्वर,35,42,पुरुष,ZSY1261718,,,N,N,main,,2026-EROLLGEN-S24-86-SIR-FinalRoll-Revision1-HIN-11-WI.pdf,9,14,0.972,N,,name='श्यामवीर सिंह'(0.98) | relation_name='रामेश्वर'(0.97) | house_no='35'(0.99) | serial='194'(1.00) | epic='ZSY1261718'(1.00) | age='42'(1.00) | house_no='35'(1.00),2
195,महेद्र,father,रामेश्वर,35,41,पुरुष,ZSY3397064,,,N,N,main,,2026-EROLLGEN-S24-86-SIR-FinalRoll-Revision1-HIN-11-WI.pdf,9,15,0.852,Y,low_ocr_confidence,name='महेद्र'(0.85) | relation_name='रामेश्वर'(0.96) | house_no='35'(1.00) | serial='195'(1.00) | epic='ZSY3397064'(1.00) | age='41'(1.00) | house_no='35'(1.00),15
196,हेमा देवी,husband,महेन्र सिंह,35,37,महिला,ZSY2499416,,,N,N,main,,2026-EROLLGEN-S24-86-SIR-FinalRoll-Revision1-HIN-11-WI.pdf,9,16,0.934,N,,name='हेमा देवी'(0.99) | relation_name='महेन्र सिंह'(0.93) | house_no='35'(0.97) | serial='196'(1.00) | epic='ZSY2499416'(1.00) | age='37'(1.00) | house_no='35'(1.00),1
197,कृष्णा,father,श्यामवीर,35,23,पुरुष,ZSY3398427,,,N,N,main,,2026-EROLLGEN-S24-86-SIR-FinalRoll-Revision1-HIN-11-WI.pdf,9,17,0.908,N,,name='कृष्णा'(1.00) | relation_name='श्यामवीर'(0.91) | house_no='35'(1.00) | serial='197'(1.00) | epic='ZSY3398427'(1.00) | age='23'(1.00) | house_no='35'(1.00),1
198,आरती,father,महंद्र सिंह,35,19,महिला,ZSY3974938,,,N,N,main,,2026-EROLLGEN-S24-86-SIR-FinalRoll-Revision1-HIN-11-WI.pdf,9,18,0.864,Y,low_ocr_confidence,name='आरती'(0.86) | relation_name='महंद्र सिंह'(0.91) | house_no='35'(0.99) | serial='198'(1.00) | epic='ZSY3974938'(1.00) | age='19'(1.00) | house_no='35'(0.77),15
199,प्रवेन्र कमार,father,रामवीर सिंह,36,46,पुरुष,ZSY1837053,,,N,N,main,,2026-EROLLGEN-S24-86-SIR-FinalRoll-Revision1-HIN-11-WI.pdf,9,19,0.867,Y,low_ocr_confidence,name='प्रवेन्र कमार'(0.87) | relation_name='रामवीर सिंह'(0.99) | house_no='36'(0.99) | serial='199'(1.00) | epic='ZSY1837053'(1.00) | age='46'(1.00) | house_no='36'(1.00),1
200,सुधा देवी,husband,प्रवेन्रककमार,36,24,महिला,ZSY3411667,,,N,N,main,,2026-EROLLGEN-S24-86-SIR-FinalRoll-Revision1-HIN-11-WI.pdf,9,20,0.848,Y,low_ocr_confidence,"name='सुधा देवी'(0.92) | relation_name='प्रवेन्रककमार'(0.85) | house_no='36'(0.99) | serial='200'(1.00) | epic='ZSY3411667'(1.00) | age='24'(1.00) | house_no='36""'(0.81)",2
201,विजय पाल,father,किशन सिंह,38,49,पुरुष,CTV2872430,,,N,N,main,,2026-EROLLGEN-S24-86-SIR-FinalRoll-Revision1-HIN-11-WI.pdf,9,21,0.971,N,,name='विजय पाल'(0.97) | relation_name='किशन सिंह'(0.99) | house_no='38'(1.00) | serial='201'(1.00) | epic='CTV2872430'(1.00) | age='49'(1.00) | house_no='38'(1.00),16
202,भावना,husband,विजय पाल,38,42,महिला,CTV2872448,,,N,N,main,,2026-EROLLGEN-S24-86-SIR-FinalRoll-Revision1-HIN-11-WI.pdf,9,22,0.958,N,,name='भावना'(0.96) | relation_name='विजय पाल'(1.00) | house_no='38'(1.00) | serial='202'(1.00) | epic='CTV2872448'(1.00) | age='42'(1.00) | house_no='38'(1.00),1
203,शिशुपाल,father,किशन सिंह,38,41,पुरुष,CTV3283462,,,N,N,main,,2026-EROLLGEN-S24-86-SIR-FinalRoll-Revision1-HIN-11-WI.pdf,9,23,0.988,N,,name='शिशुपाल'(0.99) | relation_name='किशन सिंह'(0.99) | house_no='38'(1.00) | serial='203'(1.00) | epic='CTV3283462'(1.00) | age='41'(1.00) | house_no='38'(1.00),1
204,रामकिशन,father,बीरन्द्र,40,43,पुरुष,CTV4331005,,,N,N,main,,2026-EROLLGEN-S24-86-SIR-FinalRoll-Revision1-HIN-11-WI.pdf,9,24,0.833,Y,low_ocr_confidence,name='रामकिशन'(0.98) | relation_name='बीरन्द्र'(0.83) | house_no='40'(0.99) | serial='204'(1.00) | epic='CTV4331005'(1.00) | age='43'(1.00) | house_no='40'(1.00),15
205,रामू्ति,father,म: जयपाल,40,41,पुरुष,CTV3283439,,,N,N,main,,2026-EROLLGEN-S24-86-SIR-FinalRoll-Revision1-HIN-11-WI.pdf,9,25,0.928,N,,name='रामू्ति'(0.93) | relation_name='म: जयपाल'(0.99) | house_no='40'(1.00) | serial='205'(1.00) | epic='CTV3283439'(1.00) | age='41'(1.00) | house_no='40'(1.00),1
206,बच्चू सिंह,father,राम खिलाडी,42,74,पुरुष,CTV1491232,,,N,N,main,,2026-EROLLGEN-S24-86-SIR-FinalRoll-Revision1-HIN-11-WI.pdf,9,26,0.932,Y,relation_type_uncertain,name='बच्चू सिंह'(0.93) | relation_name='राम खिलाडी'(0.94) | house_no='42'(0.99) | serial='206'(1.00) | epic='CTV1491232'(1.00) | age='74'(1.00) | house_no='42'(1.00),2
207,राजकुमारी,husband,बच्चू सिंह,42}$,73,महिला,ZSY0396937,,,N,N,main,,2026-EROLLGEN-S24-86-SIR-FinalRoll-Revision1-HIN-11-WI.pdf,9,27,0.817,Y,low_ocr_confidence,name='राजकुमारी'(1.00) | relation_name='बच्चू सिंह'(0.94) | house_no='42}$'(0.82) | serial='207'(1.00) | epic='ZSY0396937'(0.96) | age='73'(1.00) | house_no='42'(0.78),16
208,धमेन् कुुमार,father,बच्चू सिंह,$8^{,49,पुरुष,ZSY2862605,,,N,N,main,,2026-EROLLGEN-S24-86-SIR-FinalRoll-Revision1-HIN-11-WI.pdf,9,28,0.593,Y,low_ocr_confidence,name='धमेन् कुुमार'(0.78) | relation_name='बच्चू सिंह'(0.87) | house_no='$४२'(0.53) | serial='208'(1.00) | epic='ZSY2862605'(0.96) | age='49'(1.00) | house_no='$8^{'(0.59),1
209,श्रीमती,husband,धमेन्र सिंह,42,48,महिला,CTV2056737,,,N,N,main,,2026-EROLLGEN-S24-86-SIR-FinalRoll-Revision1-HIN-11-WI.pdf,9,29,0.923,N,,name='श्रीमती'(0.99) | relation_name='धमेन्र सिंह'(0.92) | house_no='42'(0.99) | serial='209'(1.00) | epic='CTV2056737'(1.00) | age='48'(1.00) | house_no='42'(1.00),1
210,रामा देवी,husband,संत्यपाल सिंह,42,42,महिला,ZSY1597236,,,N,N,main,,2026-EROLLGEN-S24-86-SIR-FinalRoll-Revision1-HIN-11-WI.pdf,9,30,0.967,N,,name='रामा देवी'(0.97) | relation_name='संत्यपाल सिंह'(0.98) | house_no='42'(0.98) | serial='210'(1.00) | epic='ZSY1597236'(1.00) | age='42'(1.00) | house_no='42'(1.00),14
211,सत्य पाल,father,समुंदर सिंह,4}$,37,पुरुष,ZSY3171873,,,N,N,main,,2026-EROLLGEN-S24-86-SIR-FinalRoll-Revision1-HIN-11-WI.pdf,10,1,0.756,Y,low_ocr_confidence,name='सत्य पाल'(1.00) | relation_name='समुंदर सिंह'(0.97) | house_no='4}$'(0.76) | serial='211'(0.88) | epic='ZSY3171873'(0.99) | age='37'(1.00) | house_no='42'(0.78),1
212,अरूण कुमार,father,समुद्र सिंह,42,36,पुरुष,ZSY1597244,,,N,N,main,,2026-EROLLGEN-S24-86-SIR-FinalRoll-Revision1-HIN-11-WI.pdf,10,2,0.872,Y,low_ocr_confidence,name='अरूण कुमार'(0.91) | relation_name='समुद्र सिंह'(0.87) | house_no='4}$'(0.74) | serial='212'(1.00) | epic='ZSY1597244'(1.00) | age='36'(1.00) | house_no='42'(1.00),1
213,बन्दना,husband,अरूण कुमार,42,29,महिला,ZSY2499432,,,N,N,main,,2026-EROLLGEN-S24-86-SIR-FinalRoll-Revision1-HIN-11-WI.pdf,10,3,0.94,N,,name='बन्दना'(1.00) | relation_name='अरूण कुमार'(0.94) | house_no='४२'(0.97) | serial='213'(1.00) | epic='ZSY2499432'(1.00) | age='29'(1.00) | house_no='83'(0.83),14
214,चंद्रहंस,father,धमेंद्र कुमार,42,25,पुरुष,ZSY3187036,,,N,N,main,,2026-EROLLGEN-S24-86-SIR-FinalRoll-Revision1-HIN-11-WI.pdf,10,4,0.882,Y,low_ocr_confidence,name='चंद्रहंस'(0.88) | relation_name='धमेंद्र कुमार'(0.92) | house_no='42'(1.00) | serial='214'(1.00) | epic='ZSY3187036'(1.00) | age='25'(1.00) | house_no='42'(1.00),1
215,कृष्णा,husband,लोकेश कुमार,42,25,महिला,ZSY3964095,,,N,N,main,,2026-EROLLGEN-S24-86-SIR-FinalRoll-Revision1-HIN-11-WI.pdf,10,5,0.99,N,,name='कृष्णा'(1.00) | relation_name='लोकेश कुमार'(0.99) | house_no='42°'(0.77) | serial='215'(1.00) | epic='ZSY3964095'(1.00) | age='25'(1.00) | house_no='42'(1.00),2
216,कुलदीप,father,धमेद्र कुमार,42,22,पुरुष,ZSY3449220,,,N,N,main,,2026-EROLLGEN-S24-86-SIR-FinalRoll-Revision1-HIN-11-WI.pdf,10,6,0.861,Y,low_ocr_confidence,name='कुलदीप'(0.99) | relation_name='धमेद्र कुमार'(0.86) | house_no='42'(1.00) | serial='216'(1.00) | epic='ZSY3449220'(1.00) | age='22'(1.00) | house_no='42'(1.00),17
217,कामिनी,father,सत्यपाल सिंह,42,20,महिला,ZSY3817988,,,N,N,main,,2026-EROLLGEN-S24-86-SIR-FinalRoll-Revision1-HIN-11-WI.pdf,10,7,0.879,Y,low_ocr_confidence,name='कामिनी'(0.88) | relation_name='सत्यपाल सिंह'(0.97) | house_no='42'(0.98) | serial='217'(1.00) | epic='ZSY3817988'(0.93) | age='20'(1.00) | house_no='42'(1.00),1
218,अतिप्यारी,husband,होतीलाल,43,81,महिला,UP703550018039,,,N,N,main,,2026-EROLLGEN-S24-86-SIR-FinalRoll-Revision1-HIN-11-WI.pdf,10,8,0.816,Y,epic_format|low_ocr_confidence,name='अतिप्यारी'(1.00) | relation_name='होतीलाल'(1.00) | house_no='43'(0.98) | serial='218|'(0.97) | epic='UP/70/355/0018039'(1.00) | age='81'(0.82) | house_no='43'(1.00),1
219,सन्जू देवी,husband,नेम सिंह,43,63,महिला,ZSY1115492,,,N,N,main,,2026-EROLLGEN-S24-86-SIR-FinalRoll-Revision1-HIN-11-WI.pdf,10,9,0.978,N,,name='सन्जू देवी'(0.99) | relation_name='नेम सिंह'(0.99) | house_no='43'(0.98) | serial='219'(1.00) | epic='ZSY1115492'(1.00) | age='63'(1.00) | house_no='43'(1.00),14
220,नेम सिंह,father,होतीलाल,43,58,पुरुष,CTV1832021,,,N,N,main,,2026-EROLLGEN-S24-86-SIR-FinalRoll-Revision1-HIN-11-WI.pdf,10,10,0.921,N,,name='नेम सिंह'(1.00) | relation_name='होतीलाल'(0.92) | house_no='43'(0.99) | serial='220'(1.00) | epic='CTV1832021'(0.98) | age='58'(1.00) | house_no='43'(1.00),1
221,देवे्द्र सिंह,father,होतीलाल,43,52,पुरुष,ZSY0718049,,,N,N,main,,2026-EROLLGEN-S24-86-SIR-FinalRoll-Revision1-HIN-11-WI.pdf,10,11,0.889,Y,low_ocr_confidence,name='देवे्द्र सिंह'(0.89) | relation_name='होतीलाल'(0.98) | house_no='43'(0.99) | serial='221'(1.00) | epic='ZSY0718049'(1.00) | age='52'(1.00) | house_no='43'(0.98),2
222,उषा देवी,husband,देवेन्र सिंह,43,50,महिला,ZSY0968727,,,N,N,main,,2026-EROLLGEN-S24-86-SIR-FinalRoll-Revision1-HIN-11-WI.pdf,10,12,0.905,N,,name='उषा देवी'(0.95) | relation_name='देवेन्र सिंह'(0.91) | house_no='43'(0.99) | serial='222'(1.00) | epic='ZSY0968727'(1.00) | age='50'(1.00) | house_no='43'(1.00),17
223,गराज सिंह,father,होती लाल,43,46,पुरुष,ZSY1115526,,,N,N,main,,2026-EROLLGEN-S24-86-SIR-FinalRoll-Revision1-HIN-11-WI.pdf,10,13,0.937,N,,name='गराज सिंह'(0.94) | relation_name='होती लाल'(1.00) | house_no='43'(0.99) | serial='223'(1.00) | epic='ZSY1115526'(1.00) | age='46'(1.00) | house_no='43'(1.00),2
224,मंजू देवी,husband,गिराज सिंह,43,45,महिला,ZSY1115518,,,N,N,main,,2026-EROLLGEN-S24-86-SIR-FinalRoll-Revision1-HIN-11-WI.pdf,10,14,0.93,N,,name='मंजू देवी'(0.93) | relation_name='गिराज सिंह'(0.93) | house_no='43'(0.98) | serial='224'(1.00) | epic='ZSY1115518'(1.00) | age='45'(1.00) | house_no='43'(1.00),2
225,शिवम,father,नेम सिंह,43,23,पुरुष,ZSY3658093,,,N,N,main,,2026-EROLLGEN-S24-86-SIR-FinalRoll-Revision1-HIN-11-WI.pdf,10,15,0.979,N,,name='शिवम'(0.99) | relation_name='नेम सिंह'(0.99) | house_no='43'(0.98) | serial='225'(1.00) | epic='ZSY3658093'(0.98) | age='23'(1.00) | house_no='43'(1.00),15
226,महिमा,father,गराज सिंह,43,20,महिला,ZSY3762994,,,N,N,main,,2026-EROLLGEN-S24-86-SIR-FinalRoll-Revision1-HIN-11-WI.pdf,10,16,0.943,N,,name='महिमा'(0.94) | relation_name='गराज सिंह'(0.95) | house_no='43'(0.99) | serial='226'(1.00) | epic='ZSY3762994'(0.98) | age='20'(1.00) | house_no='43'(1.00),1
227,विद्यादेवी,husband,कशवदेव,44,76,महिला,CTV2056760,,,N,N,main,,2026-EROLLGEN-S24-86-SIR-FinalRoll-Revision1-HIN-11-WI.pdf,10,17,0.988,N,,name='विद्यादेवी'(1.00) | relation_name='कशवदेव'(0.99) | house_no='44'(0.99) | serial='227'(1.00) | epic='CTV2056760'(1.00) | age='76'(1.00) | house_no='44'(1.00),1
228,मुरारीलाल,father,मुन्शीलाल,44,73,पुरुष,CTV2056653,,,N,N,main,,2026-EROLLGEN-S24-86-SIR-FinalRoll-Revision1-HIN-11-WI.pdf,10,18,0.952,N,,name='मुरारीलाल'(0.99) | relation_name='मुन्शीलाल'(0.95) | house_no='44'(0.98) | serial='228'(1.00) | epic='CTV2056653'(1.00) | age='73'(1.00) | house_no='44'(0.99),15
229,लक्ष्मीदेवी,husband,मुरारीलाल,44,71,महिला,CTV2056752,,,N,N,main,,2026-EROLLGEN-S24-86-SIR-FinalRoll-Revision1-HIN-11-WI.pdf,10,19,0.959,N,,name='लक्ष्मीदेवी'(0.98) | relation_name='मुरारीलाल'(0.96) | house_no='44'(0.99) | serial='229'(1.00) | epic='CTV2056752'(1.00) | age='71'(1.00) | house_no='44'(0.96),1
230,राजवीर,father,किशन सिंह,44,58,पुरुष,CTV2056612,,,N,N,main,,2026-EROLLGEN-S24-86-SIR-FinalRoll-Revision1-HIN-11-WI.pdf,10,20,0.946,N,,name='राजवीर'(0.96) | relation_name='किशन सिंह'(0.95) | house_no='44'(0.98) | serial='230'(1.00) | epic='CTV2056612'(1.00) | age='58'(1.00) | house_no='44'(1.00),2
231,वीरमती,husband,राजवीर,44,55,महिला,CTV2056604,,,N,N,main,,2026-EROLLGEN-S24-86-SIR-FinalRoll-Revision1-HIN-11-WI.pdf,10,21,0.945,N,,name='वीरमती'(0.94) | relation_name='राजवीर'(0.99) | house_no='44'(0.99) | serial='231'(1.00) | epic='CTV2056604'(1.00) | age='55'(1.00) | house_no='44'(1.00),16
232,सत्यवीर,father,मुरारीलाल,44,45,पुरुष,CTV2056745,,,N,N,main,,2026-EROLLGEN-S24-86-SIR-FinalRoll-Revision1-HIN-11-WI.pdf,10,22,0.965,N,,name='सत्यवीर'(1.00) | relation_name='मुरारीलाल'(0.97) | house_no='44'(0.99) | serial='232'(1.00) | epic='CTV2056745'(1.00) | age='45'(1.00) | house_no='44'(1.00),1
233,हरवीर सिंह,father,कशवदेव,44,43,पुरुष,ZSY1837087,,,N,N,main,,2026-EROLLGEN-S24-86-SIR-FinalRoll-Revision1-HIN-11-WI.pdf,10,23,0.977,N,,name='हरवीर सिंह'(0.98) | relation_name='कशवदेव'(0.98) | house_no='44'(0.99) | serial='233'(1.00) | epic='ZSY1837087'(1.00) | age='43'(1.00) | house_no='44'(0.88),1
234,सुमन देवी,husband,जय प्रकाश,44,41,महिला,ZSY2611242,,,N,N,main,,2026-EROLLGEN-S24-86-SIR-FinalRoll-Revision1-HIN-11-WI.pdf,10,24,0.925,N,,name='सुमन देवी'(0.92) | relation_name='जय प्रकाश'(0.95) | house_no='44'(0.98) | serial='234'(1.00) | epic='ZSY2611242'(0.93) | age='41'(1.00) | house_no='44'(1.00),15
235,नीतू देवी,husband,हरवीर सिंह,44,39,महिला,ZSY3365830,,,N,N,main,,2026-EROLLGEN-S24-86-SIR-FinalRoll-Revision1-HIN-11-WI.pdf,10,25,0.965,N,,name='नीतू देवी'(0.98) | relation_name='हरवीर सिंह'(0.97) | house_no='44'(0.99) | serial='235'(1.00) | epic='ZSY3365830'(1.00) | age='39'(1.00) | house_no='44'(1.00),1
236,जय प्रकाश सिंह,father,मुरारी लाल,44,35,पुरुष,ZSY0968750,,,N,N,main,,2026-EROLLGEN-S24-86-SIR-FinalRoll-Revision1-HIN-11-WI.pdf,10,26,0.942,Y,relation_type_uncertain,name='जय प्रकाश सिंह'(0.94) | relation_name='मुरारी लाल'(0.99) | house_no='44'(0.98) | serial='236'(1.00) | epic='ZSY0968750'(1.00) | age='35'(1.00) | house_no='44'(1.00),2
237,पिकी,husband,योगें्र सिंह,44,35,महिला,ZSY3228095,,,N,N,main,,2026-EROLLGEN-S24-86-SIR-FinalRoll-Revision1-HIN-11-WI.pdf,10,27,0.785,Y,low_ocr_confidence,name='पिकी'(0.88) | relation_name='योगें्र सिंह'(0.78) | house_no='44'(0.99) | serial='237'(1.00) | epic='ZSY3228095'(0.96) | age='35'(1.00) | house_no='44'(1.00),16
238,देरवें्र सिंह,father,केशव देव,44,34,पुरुष,ZSY3365822,,,N,N,main,,2026-EROLLGEN-S24-86-SIR-FinalRoll-Revision1-HIN-11-WI.pdf,10,28,0.82,Y,low_ocr_confidence,name='देरवें्र सिंह'(0.82) | relation_name='केशव देव'(1.00) | house_no='44'(0.99) | serial='238'(1.00) | epic='ZSY3365822'(0.99) | age='34'(1.00) | house_no='44'(1.00),1
239,योगन्र सिंह,father,मुरारी लाल,44,32,पुरुष,ZSY2611200,,,N,N,main,,2026-EROLLGEN-S24-86-SIR-FinalRoll-Revision1-HIN-11-WI.pdf,10,29,0.957,N,,name='योगन्र सिंह'(0.96) | relation_name='मुरारी लाल'(0.96) | house_no='44'(0.98) | serial='239'(1.00) | epic='ZSY2611200'(0.99) | age='32'(1.00) | house_no='44'(1.00),1
240,पूजा,husband,देवें्र सिंह,44,29,महिला,ZSY3365848,,,N,N,main,,2026-EROLLGEN-S24-86-SIR-FinalRoll-Revision1-HIN-11-WI.pdf,10,30,0.858,Y,low_ocr_confidence,name='पूजा'(0.99) | relation_name='देवें्र सिंह'(0.86) | house_no='44'(0.98) | serial='240'(1.00) | epic='ZSY3365848'(1.00) | age='29'(1.00) | house_no='44'(1.00),14
241,सचिन जुरैल,father,राजीर सिंह,44,23,पुरुष,ZSY3365228,,,N,N,main,,2026-EROLLGEN-S24-86-SIR-FinalRoll-Revision1-HIN-11-WI.pdf,11,1,0.934,N,,name='सचिन जुरैल'(0.93) | relation_name='राजीर सिंह'(0.96) | house_no='44'(0.99) | serial='241'(1.00) | epic='ZSY3365228'(1.00) | age='23'(1.00) | house_no='44'(1.00),1
242,अभिषेक,father,राजवीर सिंह,44,20,पुरुष,ZSY3647443,,,N,N,main,,2026-EROLLGEN-S24-86-SIR-FinalRoll-Revision1-HIN-11-WI.pdf,11,2,0.945,N,,name='अभिषेक'(0.99) | relation_name='राजवीर सिंह'(0.95) | house_no='44'(0.98) | serial='242'(1.00) | epic='ZSY3647443'(1.00) | age='20'(1.00) | house_no='44'(1.00),1
243,नित्रवती,husband,भूदेव,46,55,महिला,CTV2056646,,,N,N,main,,2026-EROLLGEN-S24-86-SIR-FinalRoll-Revision1-HIN-11-WI.pdf,11,3,0.915,N,,name='नित्रवती'(0.93) | relation_name='भूदेव'(0.92) | house_no='46'(0.98) | serial='243'(1.00) | epic='CTV2056646'(1.00) | age='55'(1.00) | house_no='46'(0.99),14
244,यशपाल सिंह,father,भूदेव सिंह,$\\qa}$,32,पुरुष,ZSY1932896,,,N,N,main,,2026-EROLLGEN-S24-86-SIR-FinalRoll-Revision1-HIN-11-WI.pdf,11,4,0.601,Y,low_ocr_confidence,name='यशपाल सिंह'(0.99) | relation_name='भूदेव सिंह'(0.90) | house_no='ॐ६'(0.42) | serial='244'(1.00) | epic='ZSY1932896'(1.00) | age='32'(1.00) | house_no='$\\\\qa}$'(0.60),1
245,योगन्र सिंह,father,मभूदेव सिंह,46,32,पुरुष,ZSY2262525,,,N,N,main,,2026-EROLLGEN-S24-86-SIR-FinalRoll-Revision1-HIN-11-WI.pdf,11,5,0.584,Y,low_ocr_confidence,name='योगन्र सिंह'(0.95) | relation_name='मभूदेव सिंह'(0.90) | house_no='४६'(0.58) | serial='245'(1.00) | epic='ZSY2262525'(1.00) | age='32'(1.00) | house_no='$8$'(0.60),2
246,किशोर जुरेल,father,मभूदेव सिंह,46,26,पुरुष,ZSY3171881,,,N,N,main,,2026-EROLLGEN-S24-86-SIR-FinalRoll-Revision1-HIN-11-WI.pdf,11,6,0.914,N,,name='किशोर जुरेल'(0.98) | relation_name='मभूदेव सिंह'(0.91) | house_no='46'(0.96) | serial='246'(1.00) | epic='ZSY3171881'(0.98) | age='26'(1.00) | house_no='4'(0.88),17
247,आत्म प्रकाश,father,शिवचरन,47,43,पुरुष,ZSY3365376,,,N,N,main,,2026-EROLLGEN-S24-86-SIR-FinalRoll-Revision1-HIN-11-WI.pdf,11,7,0.966,N,,name='आत्म प्रकाश'(0.98) | relation_name='शिवचरन'(0.97) | house_no='47'(1.00) | serial='247'(1.00) | epic='ZSY3365376'(1.00) | age='43'(1.00) | house_no='47'(1.00),1
248,सुनीता देवी,husband,आत्म प्रकाश,47,42,महिला,ZSY3365392,,,N,N,main,,2026-EROLLGEN-S24-86-SIR-FinalRoll-Revision1-HIN-11-WI.pdf,11,8,0.944,N,,name='सुनीता देवी'(0.96) | relation_name='आत्म प्रकाश'(0.94) | house_no='47'(1.00) | serial='248'(1.00) | epic='ZSY3365392'(1.00) | age='42'(1.00) | house_no='47'(1.00),1
249,चंचल जूरैल,father,आत्म प्रकाश,47,22,महिला,ZSY3457199,,,N,N,main,,2026-EROLLGEN-S24-86-SIR-FinalRoll-Revision1-HIN-11-WI.pdf,11,9,0.946,N,,name='चंचल जूरैल'(0.97) | relation_name='आत्म प्रकाश'(0.95) | house_no='47'(1.00) | serial='249'(1.00) | epic='ZSY3457199'(1.00) | age='22'(1.00) | house_no='47'(1.00),14
250,सुमित कुमार जूरेल,father,'आत् प्रंकाश,47,21,पुरुष,ZSY3619038,,,N,N,main,,2026-EROLLGEN-S24-86-SIR-FinalRoll-Revision1-HIN-11-WI.pdf,11,10,0.888,Y,low_ocr_confidence,"name='सुमित कुमार जूरेल'(0.96) | relation_name=""'आत् प्रंकाश""(0.89) | house_no='47'(1.00) | serial='250'(1.00) | epic='ZSY3619038'(1.00) | age='21'(1.00) | house_no='47'(1.00)",1
251,कटोरीदेवी,husband,लेख सिंह,48,85,महिला,CTV2056869,,,N,N,main,,2026-EROLLGEN-S24-86-SIR-FinalRoll-Revision1-HIN-11-WI.pdf,11,11,0.964,N,,name='कटोरीदेवी'(0.98) | relation_name='लेख सिंह'(0.96) | house_no='48'(1.00) | serial='251'(1.00) | epic='CTV2056869'(1.00) | age='85'(1.00) | house_no='48'(1.00),2
252,योगेन्र सिंह,father,लेख सिंह,48,64,पुरुष,ZSY0582528,,,N,N,main,,2026-EROLLGEN-S24-86-SIR-FinalRoll-Revision1-HIN-11-WI.pdf,11,12,0.901,N,,name='योगेन्र सिंह'(0.90) | relation_name='लेख सिंह'(0.95) | house_no='48'(1.00) | serial='252'(1.00) | epic='ZSY0582528'(0.99) | age='64'(1.00) | house_no='48'(1.00),17
253,लालवती,husband,योगेन्र सिंह,48,62,महिला,CTV2056950,,,N,N,main,,2026-EROLLGEN-S24-86-SIR-FinalRoll-Revision1-HIN-11-WI.pdf,11,13,0.916,N,,name='लालवती'(1.00) | relation_name='योगेन्र सिंह'(0.92) | house_no='48'(0.99) | serial='253'(1.00) | epic='CTV2056950'(1.00) | age='62'(1.00) | house_no='48'(1.00),2
254,मभूपेन्र सिंह,father,लेख सिंह,48,60,पुरुष,CTV2056893,,,N,N,main,,2026-EROLLGEN-S24-86-SIR-FinalRoll-Revision1-HIN-11-WI.pdf,11,14,0.805,Y,low_ocr_confidence,name='मभूपेन्र सिंह'(0.80) | relation_name='लेख सिंह'(0.98) | house_no='48'(0.99) | serial='254'(1.00) | epic='CTV2056893'(1.00) | age='60'(1.00) | house_no='48'(1.00),2
255,मुन्री,husband,भूपेन्र सिंह,48,59,महिला,ZSY1837095,,,N,N,main,,2026-EROLLGEN-S24-86-SIR-FinalRoll-Revision1-HIN-11-WI.pdf,11,15,0.881,Y,low_ocr_confidence,name='मुन्री'(0.95) | relation_name='भूपेन्र सिंह'(0.88) | house_no='48'(0.99) | serial='255'(1.00) | epic='ZSY1837095'(1.00) | age='59'(1.00) | house_no='48'(0.96),15
256,वच्दू सिंह,father,लेख सिंह,48,58,पुरुष,CTV2056877,,,N,N,main,,2026-EROLLGEN-S24-86-SIR-FinalRoll-Revision1-HIN-11-WI.pdf,11,16,0.838,Y,low_ocr_confidence,name='वच्दू सिंह'(0.84) | relation_name='लेख सिंह'(0.96) | house_no='48'(0.99) | serial='256'(1.00) | epic='CTV2056877'(1.00) | age='58'(1.00) | house_no='48'(1.00),1
257,मालती देवी,husband,वब्चू सिंह,48,56,महिला,ZSY1837103,,,N,N,main,,2026-EROLLGEN-S24-86-SIR-FinalRoll-Revision1-HIN-11-WI.pdf,11,17,0.832,Y,low_ocr_confidence,name='मालती देवी'(1.00) | relation_name='वब्चू सिंह'(0.83) | house_no='48'(0.88) | serial='257'(1.00) | epic='ZSY1837103'(1.00) | age='56'(1.00) | house_no='48'(1.00),1
258,रमेश,father,लेख सिंह,48,49,पुरुष,CTV2056935,,,N,N,main,,2026-EROLLGEN-S24-86-SIR-FinalRoll-Revision1-HIN-11-WI.pdf,11,18,0.862,Y,low_ocr_confidence,name='रमेश'(1.00) | relation_name='लेख सिंह'(0.86) | house_no='48'(1.00) | serial='258'(1.00) | epic='CTV2056935'(1.00) | age='49'(1.00) | house_no='48'(1.00),15
259,मिथलेश,husband,रमेश,48,47,महिला,CTV2056943,,,N,N,main,,2026-EROLLGEN-S24-86-SIR-FinalRoll-Revision1-HIN-11-WI.pdf,11,19,0.849,Y,low_ocr_confidence,name='मिथलेश'(1.00) | relation_name='रमेश'(0.85) | house_no='48'(0.99) | serial='259'(1.00) | epic='CTV2056943'(0.96) | age='47'(1.00) | house_no='48'(1.00),1
260,संगीता देवी,husband,यशपाल सिंह,48,40,महिला,ZSY1597400,,,N,N,main,,2026-EROLLGEN-S24-86-SIR-FinalRoll-Revision1-HIN-11-WI.pdf,11,20,0.998,N,,name='संगीता देवी'(1.00) | relation_name='यशपाल सिंह'(1.00) | house_no='48'(0.86) | serial='260'(1.00) | epic='ZSY1597400'(1.00) | age='40'(1.00) | house_no='48'(1.00),2
261,प्रीती,husband,जीतेन्र सिंह,48,40,महिला,ZSY1597251,,,N,N,main,,2026-EROLLGEN-S24-86-SIR-FinalRoll-Revision1-HIN-11-WI.pdf,11,21,0.962,N,,name='प्रीती'(0.97) | relation_name='जीतेन्र सिंह'(0.96) | house_no='48'(1.00) | serial='261'(1.00) | epic='ZSY1597251'(1.00) | age='40'(1.00) | house_no='48'(1.00),16
262,रवि्र सिंह,father,योगेन्र सिंह,48,35,पुरुष,ZSY0968420,,,N,N,main,,2026-EROLLGEN-S24-86-SIR-FinalRoll-Revision1-HIN-11-WI.pdf,11,22,0.86,Y,low_ocr_confidence,name='रवि्र सिंह'(0.88) | relation_name='योगेन्र सिंह'(0.86) | house_no='48'(1.00) | serial='262'(1.00) | epic='ZSY0968420'(1.00) | age='35'(1.00) | house_no='48'(1.00),1
263,यशपाल सिंह,father,बच्ू सिंह,"48""",33,पुरुष,ZSY1412220,,,N,N,main,,2026-EROLLGEN-S24-86-SIR-FinalRoll-Revision1-HIN-11-WI.pdf,11,23,0.852,Y,low_ocr_confidence,"name='यशपाल सिंह'(0.99) | relation_name='बच्ू सिंह'(0.85) | house_no='48°'(0.80) | serial='263'(1.00) | epic='ZSY1412220'(0.98) | age='33'(1.00) | house_no='48""'(0.98)",1
264,धमेन्र सिंह,father,मूपेन्रसिंह,8,30,पुरुष,ZSY1932862,,,N,N,main,,2026-EROLLGEN-S24-86-SIR-FinalRoll-Revision1-HIN-11-WI.pdf,11,24,0.744,Y,low_ocr_confidence,name='धमेन्र सिंह'(0.87) | relation_name='मूपेन्रसिंह'(0.74) | house_no='८'(0.81) | serial='264'(1.00) | epic='ZSY1932862'(1.00) | age='30'(1.00) | house_no='xc'(0.42),15
265,प्रीती,husband,य प्रकाश जूरेल,"48""",29,महिला,ZSY3631843,,,N,N,main,,2026-EROLLGEN-S24-86-SIR-FinalRoll-Revision1-HIN-11-WI.pdf,11,25,0.928,N,,"name='प्रीती'(0.99) | relation_name='य प्रकाश जूरेल'(0.93) | house_no='48""'(0.95) | serial='265'(1.00) | epic='ZSY3631843'(1.00) | age='29'(1.00) | house_no='48 ""'(0.87)",1
266,जय प्रकाश जुरैल,father,ब्यू सिंह,"48""",28,पुरुष,ZSY3171899,,,N,N,main,,2026-EROLLGEN-S24-86-SIR-FinalRoll-Revision1-HIN-11-WI.pdf,11,26,0.785,Y,relation_type_uncertain|low_ocr_confidence,"name='जय प्रकाश जुरैल'(0.95) | relation_name='ब्यू सिंह'(0.78) | house_no='48°'(0.82) | serial='266'(1.00) | epic='ZSY3171899'(1.00) | age='28'(1.00) | house_no='48""'(0.98)",2
267,देवेश कुमार,father,मेश चंद्र,48,28,महिला,ZSY3338423,,,N,N,main,,2026-EROLLGEN-S24-86-SIR-FinalRoll-Revision1-HIN-11-WI.pdf,11,27,0.928,Y,relation_type_uncertain,name='देवेश कुमार'(0.99) | relation_name='मेश चंद्र'(0.93) | house_no='48'(1.00) | serial='267'(1.00) | epic='ZSY3338423'(1.00) | age='28'(1.00) | house_no='48'(1.00),16
268,महेश जुरैल,father,बच्चू सिंह,48,26,पुरुष,ZSY3171907,,,N,N,main,,2026-EROLLGEN-S24-86-SIR-FinalRoll-Revision1-HIN-11-WI.pdf,11,28,0.923,N,,"name='महेश जुरैल'(0.97) | relation_name='बच्चू सिंह'(0.92) | house_no='48'(0.95) | serial='268'(1.00) | epic='ZSY3171907'(1.00) | age='26'(1.00) | house_no='48""'(0.94)",1
269,भरत सिंह,father,मूपेंट् संह,48,23,पुरुष,ZSY3770773,,,N,N,main,,2026-EROLLGEN-S24-86-SIR-FinalRoll-Revision1-HIN-11-WI.pdf,11,29,0.88,Y,low_ocr_confidence,name='भरत सिंह'(0.97) | relation_name='मूपेंट् संह'(0.88) | house_no='48'(0.99) | serial='269'(1.00) | epic='ZSY3770773'(1.00) | age='23'(1.00) | house_no='48'(0.79),1
270,किशन सिंह,father,वासदेव,49,73,पुरुष,CTV2056901,,,N,N,main,,2026-EROLLGEN-S24-86-SIR-FinalRoll-Revision1-HIN-11-WI.pdf,11,30,0.837,Y,low_ocr_confidence,name='किशन सिंह'(0.98) | relation_name='वासदेव'(0.84) | house_no='49'(1.00) | serial='270'(1.00) | epic='CTV2056901'(1.00) | age='73'(1.00) | house_no='49'(1.00),14
271,माया,husband,किशन सिंह,49,72,महिला,ZSY1837129,,,N,N,main,,2026-EROLLGEN-S24-86-SIR-FinalRoll-Revision1-HIN-11-WI.pdf,12,1,0.953,N,,name='माया'(1.00) | relation_name='किशन सिंह'(0.96) | house_no='49'(1.00) | serial='271'(1.00) | epic='ZSY1837129'(0.95) | age='72'(1.00) | house_no='49'(1.00),1
272,रामवती देवी,husband,श्याम बाबू,"49""",66,महिला,ZSY1837111,,,N,N,main,,2026-EROLLGEN-S24-86-SIR-FinalRoll-Revision1-HIN-11-WI.pdf,12,2,0.956,N,,"name='रामवती देवी'(1.00) | relation_name='श्याम बाबू'(0.99) | house_no='49""'(0.96) | serial='272'(1.00) | epic='ZSY1837111'(0.98) | age='66'(1.00) | house_no='49""'(0.97)",1
273,मधू कुमारी,husband,महन्र सिंह,49,50,महिला,ZSY0968610,,,N,N,main,,2026-EROLLGEN-S24-86-SIR-FinalRoll-Revision1-HIN-11-WI.pdf,12,3,0.916,N,,name='मधू कुमारी'(0.95) | relation_name='महन्र सिंह'(0.92) | house_no='49'(1.00) | serial='273'(1.00) | epic='ZSY0968610'(1.00) | age='50'(1.00) | house_no='49'(1.00),14
274,चेतन प्रकाश जूरेल,father,श्यामबाबू,"49""",50,पुरुष,ZSY0968594,,,N,N,main,,2026-EROLLGEN-S24-86-SIR-FinalRoll-Revision1-HIN-11-WI.pdf,12,4,0.868,Y,low_ocr_confidence,"name='चेतन प्रकाश जूरेल'(0.94) | relation_name='श्यामबाबू'(0.87) | house_no='49""'(0.98) | serial='274'(1.00) | epic='ZSY0968594'(1.00) | age='50'(1.00) | house_no='49 ""'(0.80)",1
275,प्रेमपाल सिंह,father,श्यांमबाबू,"49""",43,पुरुष,ZSY0968602,,,N,N,main,,2026-EROLLGEN-S24-86-SIR-FinalRoll-Revision1-HIN-11-WI.pdf,12,5,0.92,N,,"name='प्रेमपाल सिंह'(0.98) | relation_name='श्यांमबाबू'(0.92) | house_no='49""'(0.96) | serial='275'(0.97) | epic='ZSY0968602'(1.00) | age='43'(1.00) | house_no='49""'(0.98)",2
276,विमलेश,husband,प्रेमपाल सिंह,49,42,महिला,ZSY1412113,,,N,N,main,,2026-EROLLGEN-S24-86-SIR-FinalRoll-Revision1-HIN-11-WI.pdf,12,6,0.932,N,,name='विमलेश'(1.00) | relation_name='प्रेमपाल सिंह'(0.93) | house_no='49'(1.00) | serial='276'(1.00) | epic='ZSY1412113'(1.00) | age='42'(1.00) | house_no='49'(1.00),17
277,सुमन,husband,शिशुपाल सिंह,4,40,महिला,ZSY1411669,,,N,N,main,,2026-EROLLGEN-S24-86-SIR-FinalRoll-Revision1-HIN-11-WI.pdf,12,7,0.965,N,,name='सुमन'(1.00) | relation_name='शिशुपाल सिंह'(0.97) | house_no='4'(0.99) | serial='277'(1.00) | epic='ZSY1411669'(1.00) | age='40'(1.00) | house_no='49'(0.99),1
278,प्रघुम्न,father,महन्र पाल सिंह,49,26,पुरुष,ZSY2862639,,,N,N,main,,2026-EROLLGEN-S24-86-SIR-FinalRoll-Revision1-HIN-11-WI.pdf,12,8,0.861,Y,low_ocr_confidence,name='प्रघुम्न'(0.95) | relation_name='महन्र पाल सिंह'(0.93) | house_no='४९'(0.86) | serial='278'(1.00) | epic='ZSY2862639'(1.00) | age='26'(1.00) | house_no='x8'(0.31),1
279,कृष्ण कुमार,father,रमेश चंद्र,49,25,पुरुष,ZSY3340122,,,N,N,main,,2026-EROLLGEN-S24-86-SIR-FinalRoll-Revision1-HIN-11-WI.pdf,12,9,0.916,N,,name='कृष्ण कुमार'(0.96) | relation_name='रमेश चंद्र'(0.92) | house_no='49'(1.00) | serial='279'(1.00) | epic='ZSY3340122'(1.00) | age='25'(1.00) | house_no='49'(1.00),14
280,अंशू,husband,सुरें् कुमार,49°,23,महिला,ZSY3970126,#,# (not in legend),N,N,main,,2026-EROLLGEN-S24-86-SIR-FinalRoll-Revision1-HIN-11-WI.pdf,12,10,0.843,Y,serial_corrected|low_ocr_confidence,name='अंशू'(0.89) | relation_name='सुरें् कुमार'(0.84) | house_no='49°'(0.92) | serial='28('(0.94) | epic='ZSY3970126'(1.00) | age='23'(1.00) | house_no='49'(0.87),1
281,पूजा,father,विजयपाल सिंह,49,19,महिला,ZSY3952421,,,N,N,main,,2026-EROLLGEN-S24-86-SIR-FinalRoll-Revision1-HIN-11-WI.pdf,12,11,0.979,N,,name='पूजा'(0.98) | relation_name='विजयपाल सिंह'(0.99) | house_no='49'(1.00) | serial='281'(1.00) | epic='ZSY3952421'(0.99) | age='19'(1.00) | house_no='49'(1.00),2
282,कृष्ण गोपाल,father,चेतन प्रकाश,49,19,पुरुष,ZSY3976982,,,N,N,main,,2026-EROLLGEN-S24-86-SIR-FinalRoll-Revision1-HIN-11-WI.pdf,12,12,0.949,N,,name='कृष्ण गोपाल'(0.95) | relation_name='चेतन प्रकाश'(0.95) | house_no='49'(1.00) | serial='282'(1.00) | epic='ZSY3976982'(0.99) | age='19'(1.00) | house_no='49'(1.00),17
283,विद्यादेवी,husband,रामखिलोना,50,61,महिला,CTV3300332,,,N,N,main,,2026-EROLLGEN-S24-86-SIR-FinalRoll-Revision1-HIN-11-WI.pdf,12,13,0.967,N,,name='विद्यादेवी'(0.99) | relation_name='रामखिलोना'(0.97) | house_no='50'(1.00) | serial='283'(1.00) | epic='CTV3300332'(1.00) | age='61'(1.00) | house_no='50'(1.00),2
284,चन्दरवीर सिंह,father,राम खिलौना जुरेल,40,42,पुरुष,ZSY1932060,,,N,N,main,,2026-EROLLGEN-S24-86-SIR-FinalRoll-Revision1-HIN-11-WI.pdf,12,14,0.885,Y,low_ocr_confidence,name='चन्दरवीर सिंह'(0.90) | relation_name='राम खिलौना जुरेल'(0.94) | house_no='५०'(0.74) | serial='284'(1.00) | epic='ZSY1932060'(1.00) | age='42'(1.00) | house_no='40'(0.89),2
285,कुमारी कुसमा,father,राम खिलीना,50,37,महिला,ZSY2611226,,,N,N,main,,2026-EROLLGEN-S24-86-SIR-FinalRoll-Revision1-HIN-11-WI.pdf,12,15,0.896,Y,low_ocr_confidence,name='कुमारी कुसमा'(0.96) | relation_name='राम खिलीना'(0.90) | house_no='50'(1.00) | serial='285'(1.00) | epic='ZSY2611226'(1.00) | age='37'(1.00) | house_no='50'(1.00),15
286,सुनील जूरेल,father,रोाम खिलोना,50,31,पुरुष,ZSY3485422,,,N,N,main,,2026-EROLLGEN-S24-86-SIR-FinalRoll-Revision1-HIN-11-WI.pdf,12,16,0.844,Y,low_ocr_confidence,name='सुनील जूरेल'(0.95) | relation_name='रोाम खिलोना'(0.84) | house_no='50'(1.00) | serial='286'(1.00) | epic='ZSY3485422'(0.97) | age='31'(1.00) | house_no='50'(1.00),1
287,मेघ सिंह,father,झम्मन,51,63,पुरुष,ZSY0718148,,,N,N,main,,2026-EROLLGEN-S24-86-SIR-FinalRoll-Revision1-HIN-11-WI.pdf,12,17,0.937,N,,name='मेघ सिंह'(0.96) | relation_name='झम्मन'(0.94) | house_no='51'(0.99) | serial='287'(1.00) | epic='ZSY0718148'(0.95) | age='63'(1.00) | house_no='51'(1.00),1
288,अनीता,husband,मेघ सिंह,51,61,महिला,ZSY0718130,,,N,N,main,,2026-EROLLGEN-S24-86-SIR-FinalRoll-Revision1-HIN-11-WI.pdf,12,18,0.935,N,,name='अनीता'(1.00) | relation_name='मेघ सिंह'(0.94) | house_no='51'(1.00) | serial='288'(1.00) | epic='ZSY0718130'(1.00) | age='61'(1.00) | house_no='51'(1.00),15
289,रामप्रकाश,father,इम्मन सिंह,51,56,पुरुष,ZSY0718007,,,N,N,main,,2026-EROLLGEN-S24-86-SIR-FinalRoll-Revision1-HIN-11-WI.pdf,12,19,0.955,N,,name='रामप्रकाश'(0.97) | relation_name='इम्मन सिंह'(0.95) | house_no='51'(0.99) | serial='289'(1.00) | epic='ZSY0718007'(1.00) | age='56'(1.00) | house_no='51'(1.00),1
290,धर्मवीर,father,झम्मन सिंह,51,49,पुरुष,CTV2871713,,,N,N,main,,2026-EROLLGEN-S24-86-SIR-FinalRoll-Revision1-HIN-11-WI.pdf,12,20,0.912,N,,name='धर्मवीर'(0.98) | relation_name='झम्मन सिंह'(0.91) | house_no='51'(0.99) | serial='290'(1.00) | epic='CTV2871713'(1.00) | age='49'(1.00) | house_no='51'(1.00),2
291,ममता कुमारी,husband,धर्मवीर,51,44,महिला,CTV2871721,,,N,N,main,,2026-EROLLGEN-S24-86-SIR-FinalRoll-Revision1-HIN-11-WI.pdf,12,21,0.896,Y,low_ocr_confidence,name='ममता कुमारी'(0.99) | relation_name='धर्मवीर'(0.90) | house_no='51'(0.99) | serial='291'(1.00) | epic='CTV2871721'(0.99) | age='44'(1.00) | house_no='51'(1.00),16
292,दीपक कुमार,father,मेघ सिंह,43,35,पुरुष,ZSY2262558,,,N,N,main,,2026-EROLLGEN-S24-86-SIR-FinalRoll-Revision1-HIN-11-WI.pdf,12,22,0.837,Y,low_ocr_confidence,name='दीपक कुमार'(0.94) | relation_name='मेघ सिंह'(0.86) | house_no='५१'(0.73) | serial='292'(1.00) | epic='ZSY2262558'(1.00) | age='35'(1.00) | house_no='43'(0.84),1
293,रुस्तम देवी,husband,कुलदीप सिंह,51,33,महिला,ZSY3411568,,,N,N,main,,2026-EROLLGEN-S24-86-SIR-FinalRoll-Revision1-HIN-11-WI.pdf,12,23,0.906,N,,name='रुस्तम देवी'(0.92) | relation_name='कुलदीप सिंह'(0.91) | house_no='51'(0.99) | serial='293'(1.00) | epic='ZSY3411568'(1.00) | age='33'(1.00) | house_no='51'(1.00),1
294,कविता कुमारी,father,राम प्रकाश,51,32,महिला,ZSY1932409,,,N,N,main,,2026-EROLLGEN-S24-86-SIR-FinalRoll-Revision1-HIN-11-WI.pdf,12,24,0.755,Y,low_ocr_confidence,name='कविता कुमारी'(0.99) | relation_name='राम प्रकाश'(0.99) | house_no='५१'(0.76) | serial='294'(1.00) | epic='ZSY1932409'(1.00) | age='32'(1.00) | house_no='49'(0.64),15
295,पूनम,husband,प्रवीन कुमार,51,27,महिला,ZSY3545100,,,N,N,main,,2026-EROLLGEN-S24-86-SIR-FinalRoll-Revision1-HIN-11-WI.pdf,12,25,0.947,N,,name='पूनम'(1.00) | relation_name='प्रवीन कुमार'(0.99) | house_no='51'(0.98) | serial='295'(1.00) | epic='ZSY3545100'(0.95) | age='27'(1.00) | house_no='51'(1.00),1
296,प्रीती,father,मेघ सिंह,51,21,महिला,ZSY3846367,,,N,N,main,,2026-EROLLGEN-S24-86-SIR-FinalRoll-Revision1-HIN-11-WI.pdf,12,26,0.936,Y,relation_type_uncertain,name='प्रीती'(0.99) | relation_name='मेघ सिंह'(0.94) | house_no='51'(0.99) | serial='296'(1.00) | epic='ZSY3846367'(1.00) | age='21'(1.00) | house_no='51'(1.00),2
297,दयालू,father,अतर सिंह,52,55,पुरुष,CTV3283488,,,N,N,main,,2026-EROLLGEN-S24-86-SIR-FinalRoll-Revision1-HIN-11-WI.pdf,12,27,0.956,Y,relation_type_uncertain,name='दयालू'(1.00) | relation_name='अतर सिंह'(0.96) | house_no='52'(1.00) | serial='297'(1.00) | epic='CTV3283488'(1.00) | age='55'(1.00) | house_no='52'(1.00),16
298,राजरानी,husband,दयालू,"52""",52,महिला,CTV3283470,,,N,N,main,,2026-EROLLGEN-S24-86-SIR-FinalRoll-Revision1-HIN-11-WI.pdf,12,28,0.864,Y,low_ocr_confidence,"name='राजरानी'(0.98) | relation_name='दयालू'(0.92) | house_no='52""'(0.92) | serial='298'(1.00) | epic='CTV3283470'(1.00) | age='52'(0.86) | house_no='52""'(0.82)",1
299,गोविन्द जूरैल,father,राम कुमार जूरेल,"42""",33,पुरुष,ZSY1932789,,,N,N,main,,2026-EROLLGEN-S24-86-SIR-FinalRoll-Revision1-HIN-11-WI.pdf,12,29,0.804,Y,low_ocr_confidence,"name='गोविन्द जूरैल'(0.89) | relation_name='राम कुमार जूरेल'(0.96) | house_no='५२""'(0.71) | serial='299'(1.00) | epic='ZSY1932789'(1.00) | age='33'(1.00) | house_no='42""'(0.80)",1
300,राधेश्याम,father,राम कुमार,52,30,पुरुष,ZSY1933100,,,N,N,main,,2026-EROLLGEN-S24-86-SIR-FinalRoll-Revision1-HIN-11-WI.pdf,12,30,0.863,Y,low_ocr_confidence,name='राधेश्याम'(0.99) | relation_name='राम कुमार'(0.99) | house_no='५२'(0.86) | serial='300'(1.00) | epic='ZSY1933100'(0.93) | age='30'(1.00) | house_no='4.2'(0.72),14
301,प्रीति,husband,गोरविंद जुरेल,52,30,महिला,ZSY3171915,,,N,N,main,,2026-EROLLGEN-S24-86-SIR-FinalRoll-Revision1-HIN-11-WI.pdf,13,1,0.901,N,,name='प्रीति'(1.00) | relation_name='गोरविंद जुरेल'(0.95) | house_no='52'(0.99) | serial='301'(1.00) | epic='ZSY3171915'(0.90) | age='30'(1.00) | house_no='52'(1.00),1
302,रामद्टुलारी.,husband,ईश्वरीगसुंद,$3,78,महिला,CTV2057057,E,dead (मृतक),Y,Y,main,,2026-EROLLGEN-S24-86-SIR-FinalRoll-Revision1-HIN-11-WI.pdf,13,2,0.761,Y,low_ocr_confidence,name='रामद्टुलारी.'(0.86) | relation_name='इंश्रीप्रससुाद्द'(0.76) | house_no='ॐ'(0.25) | name~='रामदुलगरी.'(0.82) | relation_name~='ईश्वरीगसुंद'(0.89) | house_no~='रूर'(0.28) | serial='302'(0.76) | epic='CTV2057057'(0.89) | age='78'(1.00) | house_no='$3'(0.77) | age~='78'(0.82) | house_no~='p:.3'(0.72),221
303,रामवती,husband,सुरेन्र रसहं,53,67,महिला,ZSY1261890,,,N,N,main,,2026-EROLLGEN-S24-86-SIR-FinalRoll-Revision1-HIN-11-WI.pdf,13,3,0.796,Y,low_ocr_confidence,name='रामवती'(0.98) | relation_name='सुरेन्र रसहं'(0.80) | house_no='53'(0.96) | serial='303'(1.00) | epic='ZSY1261890'(1.00) | age='67'(1.00) | house_no='53'(1.00),14
304,अजय कुमार,father,इश्वरी पप्रसाद,53,55,पुरुष,ZSY0968628,,,N,N,main,,2026-EROLLGEN-S24-86-SIR-FinalRoll-Revision1-HIN-11-WI.pdf,13,4,0.782,Y,low_ocr_confidence,name='अजय कुमार'(0.96) | relation_name='इश्वरी पप्रसाद'(0.78) | house_no='53'(0.92) | serial='304'(1.00) | epic='ZSY0968628'(1.00) | age='55'(1.00) | house_no='53'(1.00),1
305,वीना,husband,अजयवीर,53,52,महिला,CTV2057065,,,N,N,main,,2026-EROLLGEN-S24-86-SIR-FinalRoll-Revision1-HIN-11-WI.pdf,13,5,0.882,Y,low_ocr_confidence,name='वीना'(0.88) | relation_name='अजयवीर'(0.97) | house_no='53'(0.99) | serial='305'(0.99) | epic='CTV2057065'(1.00) | age='52'(1.00) | house_no='53'(1.00),2
306,प्रमोद,father,बीरी सिंह,53,44,पुरुष,CTV1860907,,,N,N,main,,2026-EROLLGEN-S24-86-SIR-FinalRoll-Revision1-HIN-11-WI.pdf,13,6,0.948,N,,name='प्रमोद'(0.95) | relation_name='बीरी सिंह'(1.00) | house_no='53'(0.98) | serial='306'(1.00) | epic='CTV1860907'(1.00) | age='44'(1.00) | house_no='53'(1.00),17
307,श्यामवती,husband,जितेन्र कुमार,53,44,महिला,CTV1860956,,,N,N,main,,2026-EROLLGEN-S24-86-SIR-FinalRoll-Revision1-HIN-11-WI.pdf,13,7,0.891,Y,low_ocr_confidence,name='श्यामवती'(0.92) | relation_name='जितेन्र कुमार'(0.89) | house_no='53'(0.98) | serial='307'(1.00) | epic='CTV1860956'(1.00) | age='44'(1.00) | house_no='53'(1.00),1
308,सन्जना जूरैल,husband,प्रमोद कुमार,53,40,महिला,ZSY0968529,,,N,N,main,,2026-EROLLGEN-S24-86-SIR-FinalRoll-Revision1-HIN-11-WI.pdf,13,8,0.881,Y,low_ocr_confidence,name='सन्जना जूरैल'(0.96) | relation_name='प्रमोद कुमार'(0.88) | house_no='53'(0.99) | serial='308'(1.00) | epic='ZSY0968529'(1.00) | age='40'(0.96) | house_no='53'(1.00),1
309,सूरवीर जूरेल,father,अंजय जूरैल,"53""",31,पुरुष,ZSY1932805,,,N,N,main,,2026-EROLLGEN-S24-86-SIR-FinalRoll-Revision1-HIN-11-WI.pdf,13,9,0.831,Y,low_ocr_confidence,"name='सूरवीर जूरेल'(0.96) | relation_name='अंजय जूरैल'(0.91) | house_no='५३""'(0.83) | serial='309'(1.00) | epic='ZSY1932805'(1.00) | age='31'(1.00) | house_no='4.3'(0.77)",14
310,सीमा,husband,सुरवीर जूरैल,"53""",31,महिला,ZSY3411576,,,N,N,main,,2026-EROLLGEN-S24-86-SIR-FinalRoll-Revision1-HIN-11-WI.pdf,13,10,0.829,Y,low_ocr_confidence,"name='सीमा'(0.99) | relation_name='सुरवीर जूरैल'(0.99) | house_no='53""'(0.83) | serial='310'(1.00) | epic='ZSY3411576'(1.00) | age='31'(1.00) | house_no='53 ""'(0.81)",1
311,हरेश जुरैल,father,अजय कुमार,53,24,पुरुष,ZSY3171923,,,N,N,main,,2026-EROLLGEN-S24-86-SIR-FinalRoll-Revision1-HIN-11-WI.pdf,13,11,0.898,Y,low_ocr_confidence,name='हरेश जुरैल'(0.90) | relation_name='अजय कुमार'(0.96) | house_no='53'(0.99) | serial='311'(1.00) | epic='ZSY3171923'(0.99) | age='24'(1.00) | house_no='53'(1.00),2
312,महेश जुरेल,father,अजय जुरेल,53,23,पुरुष,ZSY3411592,,,N,N,main,,2026-EROLLGEN-S24-86-SIR-FinalRoll-Revision1-HIN-11-WI.pdf,13,12,0.944,N,,name='महेश जुरेल'(0.94) | relation_name='अजय जुरेल'(0.99) | house_no='53'(0.99) | serial='312'(1.00) | epic='ZSY3411592'(1.00) | age='23'(1.00) | house_no='53'(1.00),17
313,शान्तीदेवी,husband,गिराज सिंह,54,71,महिला,CTV2057115,,,N,N,main,,2026-EROLLGEN-S24-86-SIR-FinalRoll-Revision1-HIN-11-WI.pdf,13,13,0.953,N,,name='शान्तीदेवी'(0.99) | relation_name='गिराज सिंह'(0.95) | house_no='54'(0.94) | serial='313'(1.00) | epic='CTV2057115'(1.00) | age='71'(1.00) | house_no='54'(1.00),2
314,मोहन सिंह,father,फूलसहाय,54,65,पुरुष,CTV3300357,,,N,N,main,,2026-EROLLGEN-S24-86-SIR-FinalRoll-Revision1-HIN-11-WI.pdf,13,14,0.889,Y,low_ocr_confidence,name='मोहन सिंह'(0.93) | relation_name='फूलसहाय'(0.89) | house_no='54'(0.87) | serial='314'(1.00) | epic='CTV3300357'(1.00) | age='65'(1.00) | house_no='54'(0.99),2
315,मीश्रीया देवी,husband,मोहन सिंह,54,61,महिला,ZSY0968586,#,# (not in legend),N,N,main,,2026-EROLLGEN-S24-86-SIR-FinalRoll-Revision1-HIN-11-WI.pdf,13,15,0.94,N,,name='मीश्रीया देवी'(0.98) | relation_name='मोहन सिंह'(0.99) | house_no='54'(0.99) | serial='315'(0.94) | epic='ZSY0968586'(1.00) | age='61'(1.00) | house_no='54'(1.00),15
316,मुकेश,father,गराज सिंह,54,50,पुरुष,ZSY1837145,,,N,N,main,,2026-EROLLGEN-S24-86-SIR-FinalRoll-Revision1-HIN-11-WI.pdf,13,16,0.951,N,,name='मुकेश'(1.00) | relation_name='गराज सिंह'(0.95) | house_no='54'(1.00) | serial='316'(1.00) | epic='ZSY1837145'(1.00) | age='50'(1.00) | house_no='54'(1.00),1
317,गोपाल सिंह,father,मोहन सिंह,54,47,पुरुष,ZSY2863280,,,N,N,main,,2026-EROLLGEN-S24-86-SIR-FinalRoll-Revision1-HIN-11-WI.pdf,13,17,0.915,N,,name='गोपाल सिंह'(0.91) | relation_name='मोहन सिंह'(0.94) | house_no='54'(1.00) | serial='317'(1.00) | epic='ZSY2863280'(1.00) | age='47'(1.00) | house_no='54'(1.00),1
318,रेखा देवी,husband,गोपाल सिंह,54,46,महिला,ZSY2932705,,,N,N,main,,2026-EROLLGEN-S24-86-SIR-FinalRoll-Revision1-HIN-11-WI.pdf,13,18,0.985,N,,name='रेखा देवी'(0.99) | relation_name='गोपाल सिंह'(0.99) | house_no='54'(0.99) | serial='318'(1.00) | epic='ZSY2932705'(1.00) | age='46'(1.00) | house_no='54'(1.00),15
319,जितेंद्र जुरेल,father,मुकेश जुरेल,54,25,पुरुष,ZSY3064599,,,N,N,main,,2026-EROLLGEN-S24-86-SIR-FinalRoll-Revision1-HIN-11-WI.pdf,13,19,0.97,N,,name='जितेंद्र जुरेल'(0.97) | relation_name='मुकेश जुरेल'(0.99) | house_no='54'(0.92) | serial='319'(1.00) | epic='ZSY3064599'(1.00) | age='25'(1.00) | house_no='54'(0.99),1
320,शैलेन्र सिंह,father,म: मुकेश जुरेल,54,20,पुरुष,ZSY3635919,,,N,N,main,,2026-EROLLGEN-S24-86-SIR-FinalRoll-Revision1-HIN-11-WI.pdf,13,20,0.934,N,,name='शैलेन्र सिंह'(0.93) | relation_name='म: मुकेश जुरेल'(0.99) | house_no='54'(0.95) | serial='320'(1.00) | epic='ZSY3635919'(1.00) | age='20'(1.00) | house_no='54'(0.99),2
321,रामवीर,father,हरप्रसाद,55,65,पुरुष,CTV2871804,,,N,N,main,,2026-EROLLGEN-S24-86-SIR-FinalRoll-Revision1-HIN-11-WI.pdf,13,21,0.986,N,,name='रामवीर'(1.00) | relation_name='हरप्रसाद'(1.00) | house_no='55'(0.99) | serial='321'(1.00) | epic='CTV2871804'(1.00) | age='65'(1.00) | house_no='55'(1.00),16
322,ओमवती,husband,रामवीर,55,62,महिला,CTV2871986,,,N,N,main,,2026-EROLLGEN-S24-86-SIR-FinalRoll-Revision1-HIN-11-WI.pdf,13,22,0.933,N,,name='ओमवती'(0.93) | relation_name='रामवीर'(0.94) | house_no='55'(1.00) | serial='322'(1.00) | epic='CTV2871986'(1.00) | age='62'(1.00) | house_no='55'(1.00),1
323,श्यामवीर,father,हरप्रसाद,55,55,पुरुष,CTV3300365,,,N,N,main,,2026-EROLLGEN-S24-86-SIR-FinalRoll-Revision1-HIN-11-WI.pdf,13,23,0.941,N,,name='श्यामवीर'(0.94) | relation_name='हरप्रसाद'(1.00) | house_no='55'(0.99) | serial='323'(1.00) | epic='CTV3300365'(1.00) | age='55'(1.00) | house_no='55'(1.00),1
324,मीना,husband,श्यामवीर सिंह,55,52,महिला,CTV2871994,,,N,N,main,,2026-EROLLGEN-S24-86-SIR-FinalRoll-Revision1-HIN-11-WI.pdf,13,24,0.984,N,,name='मीना'(1.00) | relation_name='श्यामवीर सिंह'(0.98) | house_no='55'(1.00) | serial='324'(1.00) | epic='CTV2871994'(1.00) | age='52'(1.00) | house_no='55'(1.00),15
325,योगराज,father,महन्र सिंह,55,45,पुरुष,CTV2871564,,,N,N,main,,2026-EROLLGEN-S24-86-SIR-FinalRoll-Revision1-HIN-11-WI.pdf,13,25,0.946,N,,name='योगराज'(0.95) | relation_name='महन्र सिंह'(0.97) | house_no='55'(0.99) | serial='325'(1.00) | epic='CTV2871564'(0.97) | age='45'(1.00) | house_no='55'(1.00),1
326,जितंद्र ककमार,father,'रामबीर,55,43,पुरुष,CTV2871465,,,N,N,main,,2026-EROLLGEN-S24-86-SIR-FinalRoll-Revision1-HIN-11-WI.pdf,13,26,0.799,Y,relation_type_uncertain|low_ocr_confidence,"name='जितंद्र ककमार'(0.80) | relation_name=""'रामबीर""(0.91) | house_no='55'(0.99) | serial='326'(1.00) | epic='CTV2871465'(1.00) | age='43'(1.00) | house_no='55'(1.00)",2
327,प्रेम सिंह,father,महेन्र सिंह,55,42,पुरुष,ZSY2598449,,,N,N,main,,2026-EROLLGEN-S24-86-SIR-FinalRoll-Revision1-HIN-11-WI.pdf,13,27,0.953,Y,relation_type_uncertain,name='प्रेम सिंह'(0.96) | relation_name='महेन्र सिंह'(0.95) | house_no='55'(1.00) | serial='327'(1.00) | epic='ZSY2598449'(1.00) | age='42'(1.00) | house_no='55'(1.00),16
328,रूपेश,husband,प्रेम सिंह,55,39,महिला,CTV2656619,,,N,N,main,,2026-EROLLGEN-S24-86-SIR-FinalRoll-Revision1-HIN-11-WI.pdf,13,28,0.99,N,,name='रूपेश'(1.00) | relation_name='प्रेम सिंह'(0.99) | house_no='55'(1.00) | serial='328'(1.00) | epic='CTV2656619'(1.00) | age='39'(1.00) | house_no='55'(1.00),1
329,इन्द्रवती,husband,योगराज,55,38,महिला,CTV2872505,,,N,N,main,,2026-EROLLGEN-S24-86-SIR-FinalRoll-Revision1-HIN-11-WI.pdf,13,29,0.915,N,,name='इन्द्रवती'(0.91) | relation_name='योगराज'(1.00) | house_no='55'(0.99) | serial='329'(1.00) | epic='CTV2872505'(1.00) | age='38'(1.00) | house_no='55'(1.00),1
330,भवतेश जूरैल,father,श्यामवीर सिंह,44,31,पुरुष,ZSY1932052,,,N,N,main,,2026-EROLLGEN-S24-86-SIR-FinalRoll-Revision1-HIN-11-WI.pdf,13,30,0.935,N,,name='भवतेश जूरैल'(0.94) | relation_name='श्यामवीर सिंह'(0.95) | house_no='५५'(0.90) | serial='330'(1.00) | epic='ZSY1932052'(1.00) | age='31'(1.00) | house_no='44'(1.00),14
331,विष्णु कुमार,father,श्यामवीर सिंह,55,25,पुरुष,ZSY2954998,,,N,N,main,,2026-EROLLGEN-S24-86-SIR-FinalRoll-Revision1-HIN-11-WI.pdf,14,1,0.934,N,,name='विष्णु कुमार'(0.93) | relation_name='श्यामवीर सिंह'(0.95) | house_no='55'(1.00) | serial='331'(1.00) | epic='ZSY2954998'(1.00) | age='25'(1.00) | house_no='55'(1.00),1
332,श्यामवीर,father,रेवतीराम,56,45,पुरुष,ZSY3937059,,,N,N,main,,2026-EROLLGEN-S24-86-SIR-FinalRoll-Revision1-HIN-11-WI.pdf,14,2,0.935,N,,name='श्यामवीर'(0.93) | relation_name='रेवतीराम'(1.00) | house_no='56'(0.97) | serial='332'(1.00) | epic='ZSY3937059'(1.00) | age='45'(1.00) | house_no='56'(1.00),1
333,अनीता देवी,husband,श्याम वीर सिंह,56,35,महिला,ZSY2510584,,,N,N,main,,2026-EROLLGEN-S24-86-SIR-FinalRoll-Revision1-HIN-11-WI.pdf,14,3,0.979,N,,name='अनीता देवी'(0.99) | relation_name='श्याम वीर सिंह'(0.99) | house_no='56'(0.98) | serial='333'(1.00) | epic='ZSY2510584'(0.98) | age='35'(1.00) | house_no='56'(1.00),14
334,परताप सिंह,father,कल्यान सिंह,57,71,पुरुष,ZSY0717595,,,N,N,main,,2026-EROLLGEN-S24-86-SIR-FinalRoll-Revision1-HIN-11-WI.pdf,14,4,0.836,Y,low_ocr_confidence,name='परताप सिंह'(1.00) | relation_name='कल्यान सिंह'(0.94) | house_no='57'(1.00) | serial='334'(1.00) | epic='ZSY0717595'(1.00) | age='71'(0.84) | house_no='57'(1.00),1
335,जनकदेवी,husband,परताप सिंह,57,69,महिला,CTV2056695,,,N,N,main,,2026-EROLLGEN-S24-86-SIR-FinalRoll-Revision1-HIN-11-WI.pdf,14,5,0.932,N,,name='जनकदेवी'(0.98) | relation_name='परताप सिंह'(1.00) | house_no='57'(0.99) | serial='335'(0.93) | epic='CTV2056695'(1.00) | age='69'(1.00) | house_no='57'(1.00),2
336,ओमप्रकाश,father,कल्यान सिंह,57,66,पुरुष,CTV2056703,,,N,N,main,,2026-EROLLGEN-S24-86-SIR-FinalRoll-Revision1-HIN-11-WI.pdf,14,6,0.959,N,,name='ओमप्रकाश'(0.99) | relation_name='कल्यान सिंह'(0.96) | house_no='57'(1.00) | serial='336'(1.00) | epic='CTV2056703'(1.00) | age='66'(1.00) | house_no='57'(1.00),17
337,गायत्रीदेवी,husband,ओमप्रकाश,57,64,महिला,CTV2056687,,,N,N,main,,2026-EROLLGEN-S24-86-SIR-FinalRoll-Revision1-HIN-11-WI.pdf,14,7,0.91,N,,name='गायत्रीदेवी'(0.94) | relation_name='ओमप्रकाश'(0.91) | house_no='57'(1.00) | serial='337'(1.00) | epic='CTV2056687'(1.00) | age='64'(1.00) | house_no='57'(1.00),1
338,दिनेश कुमार,father,प्रताप सिह,57,42,पुरुष,CTV2871390,,,N,N,main,,2026-EROLLGEN-S24-86-SIR-FinalRoll-Revision1-HIN-11-WI.pdf,14,8,0.92,N,,name='दिनेश कुमार'(0.93) | relation_name='प्रताप सिह'(0.92) | house_no='57'(1.00) | serial='338'(1.00) | epic='CTV2871390'(1.00) | age='42'(1.00) | house_no='57'(1.00),1
339,हुशियार सिंह,father,ओमप्रकाश,57,41,पुरुष,ZSY1837327,,,N,N,main,,2026-EROLLGEN-S24-86-SIR-FinalRoll-Revision1-HIN-11-WI.pdf,14,9,0.985,N,,name='हुशियार सिंह'(0.98) | relation_name='ओमप्रकाश'(0.99) | house_no='57'(1.00) | serial='339'(1.00) | epic='ZSY1837327'(1.00) | age='41'(1.00) | house_no='57'(1.00),14
340,लाखन सिंह,father,दिंग्बर सिंह,57,36,पुरुष,ZSY1115450,,,N,N,main,,2026-EROLLGEN-S24-86-SIR-FinalRoll-Revision1-HIN-11-WI.pdf,14,10,0.955,N,,name='लाखन सिंह'(1.00) | relation_name='दिंग्बर सिंह'(0.95) | house_no='57'(1.00) | serial='340'(1.00) | epic='ZSY1115450'(1.00) | age='36'(1.00) | house_no='57'(1.00),1
341,सत्य प्रकाश,father,रेवती राम,410,36,पुरुष,ZSY2262517,,,N,N,main,,2026-EROLLGEN-S24-86-SIR-FinalRoll-Revision1-HIN-11-WI.pdf,14,11,0.89,Y,low_ocr_confidence,name='सत्य प्रकाश'(0.98) | relation_name='रेवती राम'(0.92) | house_no='५७'(0.76) | serial='341'(1.00) | epic='ZSY2262517'(1.00) | age='36'(1.00) | house_no='410'(0.89),2
342,कमलेश,husband,यशपाल सिंह,57,35,महिला,ZSY1115427,,,N,N,main,,2026-EROLLGEN-S24-86-SIR-FinalRoll-Revision1-HIN-11-WI.pdf,14,12,0.926,N,,name='कमलेश'(1.00) | relation_name='यशपाल सिंह'(0.93) | house_no='57'(1.00) | serial='342'(1.00) | epic='ZSY1115427'(1.00) | age='35'(1.00) | house_no='57'(1.00),17
343,कृष्णा देवी,husband,दिनेश कुमार,57,38,महिला,ZSY0717306,#,# (not in legend),N,N,main,,2026-EROLLGEN-S24-86-SIR-FinalRoll-Revision1-HIN-11-WI.pdf,14,13,0.956,N,,name='कृष्णा देवी'(0.99) | relation_name='दिनेश कुमार'(0.96) | house_no='57'(0.99) | serial='343'(1.00) | epic='ZSY0717306'(1.00) | age='38'(1.00) | house_no='57'(1.00),2
344,यशपाल सिंह,father,प्राप सिंह,57,35,पुरुष,ZSY1115435,,,N,N,main,,2026-EROLLGEN-S24-86-SIR-FinalRoll-Revision1-HIN-11-WI.pdf,14,14,0.925,N,,name='यशपाल सिंह'(0.98) | relation_name='प्राप सिंह'(0.93) | house_no='57'(1.00) | serial='344'(1.00) | epic='ZSY1115435'(1.00) | age='35'(1.00) | house_no='57'(1.00),2
345,मधू देवी,husband,लाखन सिंह,57,34,महिला,ZSY1115443,,,N,N,main,,2026-EROLLGEN-S24-86-SIR-FinalRoll-Revision1-HIN-11-WI.pdf,14,15,0.955,N,,name='मधू देवी'(0.95) | relation_name='लाखन सिंह'(0.99) | house_no='57'(1.00) | serial='345'(1.00) | epic='ZSY1115443'(1.00) | age='34'(1.00) | house_no='57'(1.00),15
346,तेजवीर सिंह,father,दिंबर सिंह,57,33,पुरुष,ZSY3171949,,,N,N,main,,2026-EROLLGEN-S24-86-SIR-FinalRoll-Revision1-HIN-11-WI.pdf,14,16,0.857,Y,low_ocr_confidence,name='तेजवीर सिंह'(0.97) | relation_name='दिंबर सिंह'(0.86) | house_no='57'(1.00) | serial='346'(1.00) | epic='ZSY3171949'(1.00) | age='33'(1.00) | house_no='57'(1.00),1
347,मूपेंद्र संह,father,दिंबर सिंह,57,32,पुरुष,ZSY3171964,,,N,N,main,,2026-EROLLGEN-S24-86-SIR-FinalRoll-Revision1-HIN-11-WI.pdf,14,17,0.787,Y,low_ocr_confidence,name='मूपेंद्र संह'(0.79) | relation_name='दिंबर सिंह'(0.97) | house_no='57'(0.99) | serial='347'(1.00) | epic='ZSY3171964'(1.00) | age='32'(1.00) | house_no='57'(1.00),1
348,ममता,husband,मभूपेंद्रसिंह,57,30,महिला,ZSY3171972,,,N,N,main,,2026-EROLLGEN-S24-86-SIR-FinalRoll-Revision1-HIN-11-WI.pdf,14,18,0.881,Y,low_ocr_confidence,name='ममता'(1.00) | relation_name='मभूपेंद्रसिंह'(0.88) | house_no='57'(1.00) | serial='348'(1.00) | epic='ZSY3171972'(0.96) | age='30'(1.00) | house_no='57'(0.99),15
349,नीतू,husband,तेजवीर सिंह,57,29,महिला,ZSY3171956,,,N,N,main,,2026-EROLLGEN-S24-86-SIR-FinalRoll-Revision1-HIN-11-WI.pdf,14,19,0.883,Y,low_ocr_confidence,name='नीतू'(0.88) | relation_name='तेजवीर सिंह'(1.00) | house_no='57'(1.00) | serial='349'(1.00) | epic='ZSY3171956'(1.00) | age='29'(1.00) | house_no='57'(1.00),1
350,गौरव सिंह,father,श्यामवीर सिंह,57,24,पुरुष,ZSY3171931,,,N,N,main,,2026-EROLLGEN-S24-86-SIR-FinalRoll-Revision1-HIN-11-WI.pdf,14,20,0.929,N,,name='गौरव सिंह'(0.97) | relation_name='श्यामवीर सिंह'(0.93) | house_no='57'(0.99) | serial='350'(1.00) | epic='ZSY3171931'(1.00) | age='24'(1.00) | house_no='57'(1.00),2
351,पियूस चनद्र,father,गिर्राज सिंह,58,73,पुरुष,UP703550018045,,,N,N,main,,2026-EROLLGEN-S24-86-SIR-FinalRoll-Revision1-HIN-11-WI.pdf,14,21,0.871,Y,epic_format|low_ocr_confidence,name='पियूस चनद्र'(0.87) | relation_name='गिर्राज सिंह'(0.94) | house_no='58'(1.00) | serial='351|'(0.99) | epic='UP/70/355/0018045'(1.00) | age='73'(1.00) | house_no='58'(1.00),16
352,शान्ति देवी,husband,पियूसचंद,5,67,महिला,UP703550018046,,,N,N,main,,2026-EROLLGEN-S24-86-SIR-FinalRoll-Revision1-HIN-11-WI.pdf,14,22,0.942,Y,epic_format,name='शान्ति देवी'(0.96) | relation_name='पियूसचंद'(0.99) | house_no='5'(0.95) | serial='352|'(0.94) | epic='UP/70/355/0018046'(1.00) | age='67'(1.00) | house_no='58'(1.00),1
353,विक्रम,father,पीयुष चन्द्र,58,43,पुरुष,ZSY1837152,,,N,N,main,,2026-EROLLGEN-S24-86-SIR-FinalRoll-Revision1-HIN-11-WI.pdf,14,23,0.955,N,,name='विक्रम'(0.99) | relation_name='पीयुष चन्द्र'(0.96) | house_no='58'(0.80) | serial='353'(1.00) | epic='ZSY1837152'(1.00) | age='43'(1.00) | house_no='58'(1.00),1
354,गुडी,husband,विक्रम सिंह,58,42,महिला,CTV3300373,,,N,N,main,,2026-EROLLGEN-S24-86-SIR-FinalRoll-Revision1-HIN-11-WI.pdf,14,24,0.94,N,,name='गुडी'(0.94) | relation_name='विक्रम सिंह'(0.99) | house_no='58'(1.00) | serial='354'(1.00) | epic='CTV3300373'(1.00) | age='42'(1.00) | house_no='58'(1.00),15
355,उजागर सिंह,father,पाीयूष चद्ध,58,41,पुरुष,CTV4330765,,,N,N,main,,2026-EROLLGEN-S24-86-SIR-FinalRoll-Revision1-HIN-11-WI.pdf,14,25,0.849,Y,low_ocr_confidence,name='उजागर सिंह'(0.99) | relation_name='पाीयूष चद्ध'(0.85) | house_no='58'(0.96) | serial='355'(1.00) | epic='CTV4330765'(1.00) | age='41'(1.00) | house_no='58'(1.00),1
356,सरोज देवी,husband,उजागर सिंह,58,39,महिला,ZSY1597392,,,N,N,main,,2026-EROLLGEN-S24-86-SIR-FinalRoll-Revision1-HIN-11-WI.pdf,14,26,0.992,N,,name='सरोज देवी'(1.00) | relation_name='उजागर सिंह'(0.99) | house_no='58'(1.00) | serial='356'(1.00) | epic='ZSY1597392'(1.00) | age='39'(1.00) | house_no='58'(1.00),2
357,मानवेन्र सिंह,father,पीयूष चन्द,58,38,पुरुष,CTV4330567,,,N,N,main,,2026-EROLLGEN-S24-86-SIR-FinalRoll-Revision1-HIN-11-WI.pdf,14,27,0.955,Y,relation_type_uncertain,name='मानवेन्र सिंह'(0.96) | relation_name='पीयूष चन्द'(0.98) | house_no='58'(0.79) | serial='357'(1.00) | epic='CTV4330567'(1.00) | age='38'(1.00) | house_no='58'(1.00),16
358,रोहतास,father,पियूस च्द्र,46,35,पुरुष,ZSY2262533,,,N,N,main,,2026-EROLLGEN-S24-86-SIR-FinalRoll-Revision1-HIN-11-WI.pdf,14,28,0.844,Y,low_ocr_confidence,name='रोहतास'(0.97) | relation_name='पियूस च्द्र'(0.84) | house_no='५८'(0.51) | serial='358'(1.00) | epic='ZSY2262533'(1.00) | age='35'(1.00) | house_no='46'(0.88),1
359,मीनेश,husband,रोहताश सिंह,58,34,महिला,ZSY2262509,,,N,N,main,,2026-EROLLGEN-S24-86-SIR-FinalRoll-Revision1-HIN-11-WI.pdf,14,29,0.952,N,,name='मीनेश'(0.98) | relation_name='रोहताश सिंह'(0.95) | house_no='58'(0.99) | serial='359'(1.00) | epic='ZSY2262509'(1.00) | age='34'(1.00) | house_no='58'(1.00),1
360,सोनवीर सिंह,father,पियूश चन्र,4c,31,पुरुष,ZSY1932946,,,N,N,main,,2026-EROLLGEN-S24-86-SIR-FinalRoll-Revision1-HIN-11-WI.pdf,14,30,0.696,Y,low_ocr_confidence,name='सोनवीर सिंह'(0.95) | relation_name='पियूश चन्र'(0.91) | house_no='4८'(0.52) | serial='360'(1.00) | epic='ZSY1932946'(1.00) | age='31'(1.00) | house_no='4c'(0.70),14
361,संजू नौहवार,husband,सोनवीर सिंह,58,30,महिला,ZSY2262418,,,N,N,main,,2026-EROLLGEN-S24-86-SIR-FinalRoll-Revision1-HIN-11-WI.pdf,15,1,0.942,N,,name='संजू नौहवार'(0.95) | relation_name='सोनवीर सिंह'(0.94) | house_no='58'(1.00) | serial='361'(1.00) | epic='ZSY2262418'(1.00) | age='30'(1.00) | house_no='58'(1.00),1
362,पूनम,husband,मानेद्र सिं,58,29,महिला,ZSY3545084,,,N,N,main,,2026-EROLLGEN-S24-86-SIR-FinalRoll-Revision1-HIN-11-WI.pdf,15,2,0.897,Y,low_ocr_confidence,name='पूनम'(1.00) | relation_name='मानेद्र सिं'(0.90) | house_no='58'(1.00) | serial='362'(1.00) | epic='ZSY3545084'(1.00) | age='29'(1.00) | house_no='58'(1.00),1
363,मनीषा,father,विक्रम सिंह,58,22,महिला,ZSY3449022,,,N,N,main,,2026-EROLLGEN-S24-86-SIR-FinalRoll-Revision1-HIN-11-WI.pdf,15,3,0.87,Y,low_ocr_confidence,name='मनीषा'(1.00) | relation_name='विक्रम सिंह'(0.94) | house_no='58'(1.00) | serial='363'(1.00) | epic='ZSY3449022'(1.00) | age='22'(0.87) | house_no='58'(1.00),14
364,मोहन सिंह,father,गिर्राज किशोर,59,63,पुरुष,CTV1858943,,,N,N,main,,2026-EROLLGEN-S24-86-SIR-FinalRoll-Revision1-HIN-11-WI.pdf,15,4,0.91,N,,name='मोहन सिंह'(0.94) | relation_name='गिर्राज किशोर'(0.91) | house_no='59'(1.00) | serial='364'(1.00) | epic='CTV1858943'(0.95) | age='63'(1.00) | house_no='59'(1.00),1
365,मुत्री देवी,husband,मोहन सिंह,59,59,महिला,UP703550018050,,,N,N,main,,2026-EROLLGEN-S24-86-SIR-FinalRoll-Revision1-HIN-11-WI.pdf,15,5,0.888,Y,epic_format|low_ocr_confidence,name='मुत्री देवी'(0.89) | relation_name='मोहन सिंह'(0.93) | house_no='59'(0.99) | serial='365|'(0.96) | epic='UP/70/355/0018050'(1.00) | age='59'(1.00) | house_no='59'(1.00),2
366,दयावती,husband,कुलदीप सिंह,59,36,महिला,ZSY1115542,,,N,N,main,,2026-EROLLGEN-S24-86-SIR-FinalRoll-Revision1-HIN-11-WI.pdf,15,6,0.989,N,,"name='दयावती'(0.99) | relation_name='कुलदीप सिंह'(0.99) | house_no=""'59""(0.81) | serial='366'(1.00) | epic='ZSY1115542'(1.00) | age='36'(1.00) | house_no='59'(0.99)",17
367,भगवान सिंह,father,नत्थीलाल,60,70,पुरुष,UP703550018051,,,N,N,main,,2026-EROLLGEN-S24-86-SIR-FinalRoll-Revision1-HIN-11-WI.pdf,15,7,0.966,Y,epic_format,name='भगवान सिंह'(0.98) | relation_name='नत्थीलाल'(0.99) | house_no='60'(1.00) | serial='367|'(0.97) | epic='UP/70/355/0018051'(0.97) | age='70'(1.00) | house_no='60'(1.00),1
368,बासमती देवी,husband,भगवान सिंह,60,68,पुरुष,CTV3322336,#,# (not in legend),N,N,main,,2026-EROLLGEN-S24-86-SIR-FinalRoll-Revision1-HIN-11-WI.pdf,15,8,0.751,Y,serial_corrected|low_ocr_confidence,name='बासमती देवी'(0.98) | relation_name='भगवान सिंह'(0.98) | house_no='60'(1.00) | serial='36€'(0.78) | epic='CTV3322336'(1.00) | age='68'(0.75) | house_no='60'(1.00),1
369,सीताराम,father,देवलाल,60,53,पुरुष,UP703550018052,,,N,N,main,,2026-EROLLGEN-S24-86-SIR-FinalRoll-Revision1-HIN-11-WI.pdf,15,9,0.964,Y,epic_format,name='सीताराम'(1.00) | relation_name='देवलाल'(0.99) | house_no='60'(1.00) | serial='369|'(0.96) | epic='UP/70/355/0018052'(1.00) | age='53'(0.99) | house_no='60'(1.00),14
370,उमिला,husband,रामप्रकाश,60,53,महिला,CTV2872521,,,N,N,main,,2026-EROLLGEN-S24-86-SIR-FinalRoll-Revision1-HIN-11-WI.pdf,15,10,0.832,Y,low_ocr_confidence,name='उमिला'(0.83) | relation_name='रामप्रकाश'(1.00) | house_no='60'(1.00) | serial='370'(0.92) | epic='CTV2872521'(1.00) | age='53'(1.00) | house_no='60'(1.00),1
371,शिवकुमार,father,देवलाल,60,51,पुरुष,UP703550018053,,,N,N,main,,2026-EROLLGEN-S24-86-SIR-FinalRoll-Revision1-HIN-11-WI.pdf,15,11,0.929,Y,epic_format,name='शिवकुमार'(0.93) | relation_name='देवलाल'(1.00) | house_no='60'(1.00) | serial='371|'(0.98) | epic='UP/70/355/0018053'(1.00) | age='51'(1.00) | house_no='60'(1.00),2
372,राधावल्लम सिंह,father,भगवान सिंह,60,50,पुरुष,UP703550018054,,,N,N,main,,2026-EROLLGEN-S24-86-SIR-FinalRoll-Revision1-HIN-11-WI.pdf,15,12,0.968,Y,epic_format,name='राधावल्लम सिंह'(0.97) | relation_name='भगवान सिंह'(0.99) | house_no='60'(1.00) | serial='372|'(0.97) | epic='UP/70/355/0018054'(1.00) | age='50'(1.00) | house_no='60'(1.00),17
373,रजनी,husband,सीताराम,60,49,महिला,CTV2056992,,,N,N,main,,2026-EROLLGEN-S24-86-SIR-FinalRoll-Revision1-HIN-11-WI.pdf,15,13,0.953,N,,name='रजनी'(0.95) | relation_name='सीताराम'(1.00) | house_no='60'(1.00) | serial='373'(1.00) | epic='CTV2056992'(1.00) | age='49'(1.00) | house_no='60'(1.00),2
374,राजेश्वरी,husband,राधबल्लभ सिंह,60,47,महिला,ZSY0968289,,,N,N,main,,2026-EROLLGEN-S24-86-SIR-FinalRoll-Revision1-HIN-11-WI.pdf,15,14,0.891,Y,low_ocr_confidence,name='राजेश्वरी'(0.91) | relation_name='राधबल्लभ सिंह'(0.89) | house_no='60'(1.00) | serial='374'(1.00) | epic='ZSY0968289'(1.00) | age='47'(1.00) | house_no='60'(1.00),2
375,मनोरमा देवी,husband,बलदेव सिंह,60,39,महिला,CTV4330534,,,N,N,main,,2026-EROLLGEN-S24-86-SIR-FinalRoll-Revision1-HIN-11-WI.pdf,15,15,0.993,N,,name='मनोरमा देवी'(1.00) | relation_name='बलदेव सिंह'(0.99) | house_no='60'(1.00) | serial='375'(1.00) | epic='CTV4330534'(1.00) | age='39'(1.00) | house_no='60'(1.00),15
376,नेहां चौधरी,father,सीता राम,60,31,महिला,ZSY3171980,,,N,N,main,,2026-EROLLGEN-S24-86-SIR-FinalRoll-Revision1-HIN-11-WI.pdf,15,16,0.966,N,,name='नेहां चौधरी'(0.97) | relation_name='सीता राम'(0.98) | house_no='60'(1.00) | serial='376'(1.00) | epic='ZSY3171980'(0.99) | age='31'(1.00) | house_no='60'(1.00),1
377,ललित जुरैल,father,सीता राम,60,29,पुरुष,ZSY3171998,,,N,N,main,,2026-EROLLGEN-S24-86-SIR-FinalRoll-Revision1-HIN-11-WI.pdf,15,17,0.946,N,,name='ललित जुरैल'(0.96) | relation_name='सीता राम'(0.95) | house_no='60'(1.00) | serial='377'(1.00) | epic='ZSY3171998'(0.99) | age='29'(1.00) | house_no='60'(1.00),1
378,पंकज जुरैल,father,शिव कुमार,60,28,पुरुष,ZSY3172012,,,N,N,main,,2026-EROLLGEN-S24-86-SIR-FinalRoll-Revision1-HIN-11-WI.pdf,15,18,0.945,N,,name='पंकज जुरैल'(0.95) | relation_name='शिव कुमार'(0.98) | house_no='60'(0.99) | serial='378'(1.00) | epic='ZSY3172012'(1.00) | age='28'(1.00) | house_no='60'(1.00),15
379,लव प्रताप जुरैल,father,सीता राम,60,27,पुरुष,ZSY3172004,,,N,N,main,,2026-EROLLGEN-S24-86-SIR-FinalRoll-Revision1-HIN-11-WI.pdf,15,19,0.918,N,,name='लव प्रताप जुरैल'(0.96) | relation_name='सीता राम'(0.92) | house_no='60'(1.00) | serial='379'(1.00) | epic='ZSY3172004'(1.00) | age='27'(1.00) | house_no='60'(1.00),1
380,मनीषा जुरैल,father,शिव कुमार,"60""",24,महिला,ZSY3172020,,,N,N,main,,2026-EROLLGEN-S24-86-SIR-FinalRoll-Revision1-HIN-11-WI.pdf,15,20,0.847,Y,low_ocr_confidence,"name='मनीषा जुरैल'(0.92) | relation_name='शिव कुमार'(1.00) | house_no='60""'(0.78) | serial='380'(1.00) | epic='ZSY3172020'(0.99) | age='24'(1.00) | house_no='60""'(0.85)",2
381,दीपिका,father,राधावल्लभ,60,23,पुरुष,ZSY3365251,,,N,N,main,,2026-EROLLGEN-S24-86-SIR-FinalRoll-Revision1-HIN-11-WI.pdf,15,21,0.971,N,,name='दीपिका'(0.97) | relation_name='राधावल्लभ'(1.00) | house_no='60'(1.00) | serial='381'(1.00) | epic='ZSY3365251'(1.00) | age='23'(1.00) | house_no='60'(1.00),16
382,कविता जूरैल,father,शिव कुमार,60,21,महिला,ZSY3743135,,,N,N,main,,2026-EROLLGEN-S24-86-SIR-FinalRoll-Revision1-HIN-11-WI.pdf,15,22,0.89,Y,low_ocr_confidence,name='कविता जूरैल'(0.89) | relation_name='शिव कुमार'(0.95) | house_no='60'(0.99) | serial='382'(1.00) | epic='ZSY3743135'(1.00) | age='21'(1.00) | house_no='60'(1.00),1
383,चितरेश,father,राथाबाल्लभ,60,20,पुरुष,ZSY3743127,,,N,N,main,,2026-EROLLGEN-S24-86-SIR-FinalRoll-Revision1-HIN-11-WI.pdf,15,23,0.904,N,,name='चितरेश'(0.91) | relation_name='राथाबाल्लभ'(0.94) | house_no='60'(1.00) | serial='383'(0.90) | epic='ZSY3743127'(1.00) | age='20'(1.00) | house_no='60'(1.00),1
384,सफेदी,husband,राजन्र सिंह,61,77,महिला,ZSY0390583,,,N,N,main,,2026-EROLLGEN-S24-86-SIR-FinalRoll-Revision1-HIN-11-WI.pdf,15,24,0.933,N,,name='सफेदी'(0.97) | relation_name='राजन्र सिंह'(0.93) | house_no='61'(0.99) | serial='384'(1.00) | epic='ZSY0390583'(1.00) | age='77'(1.00) | house_no='61'(1.00),15
385,गंगा देवी,husband,राम कुमार,61,71,महिला,CTV2872273,,,N,N,main,,2026-EROLLGEN-S24-86-SIR-FinalRoll-Revision1-HIN-11-WI.pdf,15,25,0.939,N,,name='गंगा देवी'(1.00) | relation_name='राम कुमार'(0.94) | house_no='61'(0.91) | serial='385'(1.00) | epic='CTV2872273'(1.00) | age='71'(1.00) | house_no='61'(1.00),1
386,कृष्णकुमार,father,दधिराम,61,69,पुरुष,CTV2872075,,,N,N,main,,2026-EROLLGEN-S24-86-SIR-FinalRoll-Revision1-HIN-11-WI.pdf,15,26,0.989,Y,serial_corrected|relation_type_uncertain,name='कृष्णकुमार'(0.99) | relation_name='दधिराम'(0.99) | house_no='61'(0.99) | serial='38'(1.00) | epic='CTV2872075'(1.00) | age='69'(1.00) | house_no='61'(1.00),2
387,पुष्पादेवी,husband,कृष्णकुमार,61,53,महिला,CTV2872281,,,N,N,main,,2026-EROLLGEN-S24-86-SIR-FinalRoll-Revision1-HIN-11-WI.pdf,15,27,0.95,N,,name='पुष्पादेवी'(0.95) | relation_name='कृष्णकुमार'(0.96) | house_no='61'(0.95) | serial='387'(1.00) | epic='CTV2872281'(0.95) | age='53'(1.00) | house_no='61'(0.94),16
388,हरिओम,father,शिवचरन,61,49,पुरुष,CTV2871796,,,N,N,main,,2026-EROLLGEN-S24-86-SIR-FinalRoll-Revision1-HIN-11-WI.pdf,15,28,0.916,N,,name='हरिओम'(0.92) | relation_name='शिवचरन'(0.99) | house_no='61'(1.00) | serial='388'(1.00) | epic='CTV2871796'(0.96) | age='49'(1.00) | house_no='61'(1.00),1
389,रानी,husband,हरिओम,61,47,महिला,ZSY0968701,,,N,N,main,,2026-EROLLGEN-S24-86-SIR-FinalRoll-Revision1-HIN-11-WI.pdf,15,29,0.839,Y,low_ocr_confidence,name='रानी'(0.84) | relation_name='हरिओम'(1.00) | house_no='61'(1.00) | serial='389'(1.00) | epic='ZSY0968701'(1.00) | age='47'(1.00) | house_no='61'(1.00),1
390,चेतन प्रकाश,father,राजन्र सिंह,61,45,पुरुष,CTV2871739,,,N,N,main,,2026-EROLLGEN-S24-86-SIR-FinalRoll-Revision1-HIN-11-WI.pdf,15,30,0.843,Y,low_ocr_confidence,name='चेतन प्रकाश'(0.99) | relation_name='राजन्र सिंह'(0.84) | house_no='61'(1.00) | serial='390'(1.00) | epic='CTV2871739'(0.95) | age='45'(0.87) | house_no='61'(1.00),14
391,शिव प्रकाश,father,राजन्र सिंह,61,45,पुरुष,ZSY0718189,,,N,N,main,,2026-EROLLGEN-S24-86-SIR-FinalRoll-Revision1-HIN-11-WI.pdf,16,1,0.899,Y,low_ocr_confidence,name='शिव प्रकाश'(0.90) | relation_name='राजन्र सिंह'(0.91) | house_no='61'(1.00) | serial='391'(1.00) | epic='ZSY0718189'(1.00) | age='45'(1.00) | house_no='61'(1.00),1
392,आत्म प्रकाश,father,राजेन्र सिंह,61,43,पुरुष,CTV2871655,,,N,N,main,,2026-EROLLGEN-S24-86-SIR-FinalRoll-Revision1-HIN-11-WI.pdf,16,2,0.889,Y,low_ocr_confidence,name='आत्म प्रकाश'(0.95) | relation_name='राजेन्र सिंह'(0.89) | house_no='61'(1.00) | serial='392'(1.00) | epic='CTV2871655'(1.00) | age='43'(1.00) | house_no='61'(1.00),1
393,अवधेश कुमार जूरैल,father,रॉमकुमार जूरेल,"61""",37,पुरुष,ZSY0968487,,,N,N,main,,2026-EROLLGEN-S24-86-SIR-FinalRoll-Revision1-HIN-11-WI.pdf,16,3,0.904,N,,"name='अवधेश कुमार जूरैल'(0.96) | relation_name='रॉमकुमार जूरेल'(0.92) | house_no='61""'(0.90) | serial='393'(1.00) | epic='ZSY0968487'(1.00) | age='37'(1.00) | house_no='61""'(0.82)",14
394,पवन कुमार,father,कृष्ण कुमार,61,36,पुरुष,ZSY0968495,,,N,N,main,,2026-EROLLGEN-S24-86-SIR-FinalRoll-Revision1-HIN-11-WI.pdf,16,4,0.896,Y,low_ocr_confidence,name='पवन कुमार'(0.90) | relation_name='कृष्ण कुमार'(0.97) | house_no='\\1'(0.57) | serial='394'(1.00) | epic='ZSY0968495'(1.00) | age='36'(1.00) | house_no='61'(0.97),1
395,मदन गोपाल,father,राजन्र सिंह,61,33,पुरुष,ZSY0968743,,,N,N,main,,2026-EROLLGEN-S24-86-SIR-FinalRoll-Revision1-HIN-11-WI.pdf,16,5,0.895,Y,low_ocr_confidence,name='मदन गोपाल'(0.91) | relation_name='राजन्र सिंह'(0.89) | house_no='61'(0.99) | serial='395'(1.00) | epic='ZSY0968743'(1.00) | age='33'(1.00) | house_no='61'(1.00),2
396,मुने्द्र,father,कृष्ण कुमार,61,33,पुरुष,ZSY1115591,,,N,N,main,,2026-EROLLGEN-S24-86-SIR-FinalRoll-Revision1-HIN-11-WI.pdf,16,6,0.867,Y,low_ocr_confidence,name='मुने्द्र'(0.87) | relation_name='कृष्ण कुमार'(0.92) | house_no='61'(0.86) | serial='396'(1.00) | epic='ZSY1115591'(0.94) | age='33'(1.00) | house_no='61'(0.94),17
397,रितू,husband,मुनेन्र,61,33,महिला,ZSY2262442,,,N,N,main,,2026-EROLLGEN-S24-86-SIR-FinalRoll-Revision1-HIN-11-WI.pdf,16,7,0.823,Y,low_ocr_confidence,name='रितू'(0.92) | relation_name='मुनेन्र'(0.87) | house_no='६१'(0.82) | serial='397'(1.00) | epic='ZSY2262442'(0.97) | age='33'(1.00) | house_no='E2'(0.24),1
398,पूनम,husband,चेतन प्रकाश,61,25,महिला,ZSY3994274,,,N,N,main,,2026-EROLLGEN-S24-86-SIR-FinalRoll-Revision1-HIN-11-WI.pdf,16,8,0.885,Y,low_ocr_confidence,name='पूनम'(0.88) | relation_name='चेतन प्रकाश'(0.97) | house_no='61'(1.00) | serial='398'(1.00) | epic='ZSY3994274'(1.00) | age='25'(1.00) | house_no='61'(1.00),1
399,रामवती,husband,ओकार सिंह,62,77,महिला,ZSY0718122,,,N,N,main,,2026-EROLLGEN-S24-86-SIR-FinalRoll-Revision1-HIN-11-WI.pdf,16,9,0.826,Y,low_ocr_confidence,name='रामवती'(0.83) | relation_name='ओकार सिंह'(0.94) | house_no='62'(0.99) | serial='399'(1.00) | epic='ZSY0718122'(1.00) | age='77'(0.83) | house_no='62'(1.00),14
400,वीरन्र सिंह,father,एदल सिंह,62,65,पुरुष,CTV1858471,,,N,N,main,,2026-EROLLGEN-S24-86-SIR-FinalRoll-Revision1-HIN-11-WI.pdf,16,10,0.868,Y,low_ocr_confidence,name='वीरन्र सिंह'(0.87) | relation_name='एदल सिंह'(0.95) | house_no='62'(0.96) | serial='400'(1.00) | epic='CTV1858471'(1.00) | age='65'(1.00) | house_no='62'(0.99),1
401,मिथलेश देवी,husband,जयपाल सिंह,62,59,महिला,CTV1875202,,,N,N,main,,2026-EROLLGEN-S24-86-SIR-FinalRoll-Revision1-HIN-11-WI.pdf,16,11,0.981,N,,name='मिथलेश देवी'(1.00) | relation_name='जयपाल सिंह'(0.98) | house_no='62'(0.99) | serial='401'(1.00) | epic='CTV1875202'(1.00) | age='59'(1.00) | house_no='62'(1.00),2
402,सत्यवीर,father,ओकार सिंह,62,56,पुरुष,ZSY0717991,,,N,N,main,,2026-EROLLGEN-S24-86-SIR-FinalRoll-Revision1-HIN-11-WI.pdf,16,12,0.992,N,,name='सत्यवीर'(1.00) | relation_name='ओकार सिंह'(0.99) | house_no='62'(0.99) | serial='402'(1.00) | epic='ZSY0717991'(1.00) | age='56'(1.00) | house_no='62'(1.00),17
403,भगवान देवी,husband,वोरंद्र सिंह,62,54,महिला,ZSY3476983,,,N,N,main,,2026-EROLLGEN-S24-86-SIR-FinalRoll-Revision1-HIN-11-WI.pdf,16,13,0.854,Y,low_ocr_confidence,name='भगवान देवी'(0.95) | relation_name='वोरंद्र सिंह'(0.85) | house_no='62'(0.99) | serial='403'(1.00) | epic='ZSY3476983'(1.00) | age='54'(1.00) | house_no='62'(1.00),2
404,मुस्कान,husband,राममू्ति,62,43,महिला,ZSY3411634,,,N,N,main,,2026-EROLLGEN-S24-86-SIR-FinalRoll-Revision1-HIN-11-WI.pdf,16,14,0.942,N,,"name='मुस्कान'(0.98) | relation_name='राममू्ति'(0.94) | house_no='62'(0.97) | serial='404'(1.00) | epic='ZSY3411634'(1.00) | age='43'(1.00) | house_no='62""'(0.95)",2
405,जितेन्द्र,father,योनगन्र सिंह,62,41,पुरुष,CTV2056968,,,N,N,main,,2026-EROLLGEN-S24-86-SIR-FinalRoll-Revision1-HIN-11-WI.pdf,16,15,0.885,Y,low_ocr_confidence,name='जितेन्द्र'(0.95) | relation_name='योनगन्र सिंह'(0.89) | house_no='62'(0.99) | serial='405'(1.00) | epic='CTV2056968'(1.00) | age='41'(1.00) | house_no='62'(1.00),15
406,अंजना देवी,husband,रामकिशन,62,32,महिला,ZSY1932219,,,N,N,main,,2026-EROLLGEN-S24-86-SIR-FinalRoll-Revision1-HIN-11-WI.pdf,16,16,0.794,Y,low_ocr_confidence,name='अंजना देवी'(0.96) | relation_name='रामकिशन'(0.98) | house_no='६२'(0.96) | serial='406'(0.79) | epic='ZSY1932219'(1.00) | age='32'(1.00) | house_no='9{'(0.46),1
407,श्याम संदर सिंह जुरैल,father,वरंद्र सिं जुरैल,62,27,पुरुष,ZSY3172046,,,N,N,main,,2026-EROLLGEN-S24-86-SIR-FinalRoll-Revision1-HIN-11-WI.pdf,16,17,0.752,Y,low_ocr_confidence,name='श्याम संदर सिंह जुरैल'(0.94) | relation_name='वरंद्र सिं जुरैल'(0.75) | house_no='62'(0.99) | serial='407'(1.00) | epic='ZSY3172046'(1.00) | age='27'(1.00) | house_no='62'(0.94),1
408,चांदनी,husband,श्याम जूैरैल,62,24,महिला,ZSY3411626,,,N,N,main,,2026-EROLLGEN-S24-86-SIR-FinalRoll-Revision1-HIN-11-WI.pdf,16,18,0.91,N,,name='चांदनी'(0.97) | relation_name='श्याम जूैरैल'(0.91) | house_no='62'(0.98) | serial='408'(1.00) | epic='ZSY3411626'(1.00) | age='24'(1.00) | house_no='62'(1.00),15
409,राजवीर सिंह,father,ऑकार सिंग,63,53,पुरुष,CTV2656411,,,N,N,main,,2026-EROLLGEN-S24-86-SIR-FinalRoll-Revision1-HIN-11-WI.pdf,16,19,0.957,N,,name='राजवीर सिंह'(0.96) | relation_name='ऑकार सिंग'(0.99) | house_no='63'(0.99) | serial='409'(1.00) | epic='CTV2656411'(1.00) | age='53'(1.00) | house_no='63'(1.00),1
410,ब्रजराज सिंह,father,ऑकार सिंह,63,52,पुरुष,ZSY3079092,,,N,N,main,,2026-EROLLGEN-S24-86-SIR-FinalRoll-Revision1-HIN-11-WI.pdf,16,20,0.882,Y,low_ocr_confidence,name='ब्रजराज सिंह'(0.98) | relation_name='ऑकार सिंह'(0.88) | house_no='63'(0.99) | serial='410'(1.00) | epic='ZSY3079092'(1.00) | age='52'(1.00) | house_no='63'(1.00),2
411,उषा देवी,husband,मुकेश,54,46,महिला,CTV2057123,#,# (not in legend),N,N,main,,2026-EROLLGEN-S24-86-SIR-FinalRoll-Revision1-HIN-11-WI.pdf,16,21,0.967,N,,name='उषा देवी'(0.99) | relation_name='मुकेश'(0.97) | house_no='54'(0.97) | serial='411'(1.00) | epic='CTV2057123'(0.97) | age='46'(1.00) | house_no='54'(1.00),16
412,सुनीता देवी,husband,ब्रजराज सिंह,63,44,महिला,ZSY1932599,,,N,N,main,,2026-EROLLGEN-S24-86-SIR-FinalRoll-Revision1-HIN-11-WI.pdf,16,22,0.92,N,,name='सुनीता देवी'(0.92) | relation_name='ब्रजराज सिंह'(0.97) | house_no='६३'(0.99) | serial='412'(1.00) | epic='ZSY1932599'(1.00) | age='44'(1.00) | house_no='$3'(0.71),1
413,रवि कुमार,father,सत्यवीर सिं,63,32,पुरुष,ZSY3654969,,,N,N,main,,2026-EROLLGEN-S24-86-SIR-FinalRoll-Revision1-HIN-11-WI.pdf,16,23,0.931,N,,name='रवि कुमार'(0.98) | relation_name='सत्यवीर सिं'(0.93) | house_no='63'(0.98) | serial='413'(1.00) | epic='ZSY3654969'(1.00) | age='32'(1.00) | house_no='63'(1.00),1
414,अरविन्द कुमार,father,राजवीर सिंह,63,30,पुरुष,ZSY3654993,,,N,N,main,,2026-EROLLGEN-S24-86-SIR-FinalRoll-Revision1-HIN-11-WI.pdf,16,24,0.945,N,,name='अरविन्द कुमार'(0.97) | relation_name='राजवीर सिंह'(0.95) | house_no='63'(0.99) | serial='414'(1.00) | epic='ZSY3654993'(1.00) | age='30'(1.00) | house_no='63'(1.00),15
415,बीनू,husband,अरविन्द कुमार,63,27,महिला,ZSY3655008,,,N,N,main,,2026-EROLLGEN-S24-86-SIR-FinalRoll-Revision1-HIN-11-WI.pdf,16,25,0.981,N,,name='बीनू'(1.00) | relation_name='अरविन्द कुमार'(0.98) | house_no='63'(0.98) | serial='415'(1.00) | epic='ZSY3655008'(1.00) | age='27'(1.00) | house_no='63'(1.00),1
416,लक्ष्मीकांत राज सिंह,father,ब्रजराज सिंह,63,26,पुरुष,ZSY3172061,,,N,N,main,,2026-EROLLGEN-S24-86-SIR-FinalRoll-Revision1-HIN-11-WI.pdf,16,26,0.947,Y,serial_corrected|relation_type_uncertain,name='लक्ष्मीकांत राज सिंह'(0.99) | relation_name='ब्रजराज सिंह'(0.95) | house_no='63'(0.98) | serial='41'(0.99) | epic='ZSY3172061'(1.00) | age='26'(1.00) | house_no='63'(1.00),2
417,शैलेश कुमार,father,ब्रजराज सिंह,63,24,पुरुष,ZSY3172079,,,N,N,main,,2026-EROLLGEN-S24-86-SIR-FinalRoll-Revision1-HIN-11-WI.pdf,16,27,0.966,Y,relation_type_uncertain,name='शैलेश कुमार'(0.98) | relation_name='ब्रजराज सिंह'(0.99) | house_no='63'(0.99) | serial='417'(1.00) | epic='ZSY3172079'(0.97) | age='24'(1.00) | house_no='63'(1.00),16
418,नैना चौधरी,husband,रवि कुमार,63,23,महिला,ZSY3654977,,,N,N,main,,2026-EROLLGEN-S24-86-SIR-FinalRoll-Revision1-HIN-11-WI.pdf,16,28,0.94,N,,name='नैना चौधरी'(1.00) | relation_name='रवि कुमार'(0.94) | house_no='63'(0.94) | serial='418'(1.00) | epic='ZSY3654977'(1.00) | age='23'(1.00) | house_no='63'(1.00),1
419,भगवान देवी,husband,राम भरोसी लाल,64,76,महिला,CTV2057073,#,# (not in legend),N,N,main,,2026-EROLLGEN-S24-86-SIR-FinalRoll-Revision1-HIN-11-WI.pdf,16,29,0.924,N,,name='भगवान देवी'(0.96) | relation_name='राम भरोसी लाल'(0.98) | house_no='64'(0.98) | serial='419'(0.92) | epic='CTV2057073'(1.00) | age='76'(1.00) | house_no='64'(1.00),1
420,जगवीर सिंह,father,वृजवल्लभ,64,64,पुरुष,ZSY0390575,,,N,N,main,,2026-EROLLGEN-S24-86-SIR-FinalRoll-Revision1-HIN-11-WI.pdf,16,30,0.929,N,,name='जगवीर सिंह'(0.93) | relation_name='वृजवल्लभ'(1.00) | house_no='64'(0.68) | serial='420'(1.00) | epic='ZSY0390575'(1.00) | age='64'(1.00) | house_no='64'(1.00),14
421,लज्जावती,husband,जगवीर सिंह,64,61,महिला,ZSY0390567,,,N,N,main,,2026-EROLLGEN-S24-86-SIR-FinalRoll-Revision1-HIN-11-WI.pdf,17,1,0.994,N,,name='लज्जावती'(1.00) | relation_name='जगवीर सिंह'(0.99) | house_no='64'(1.00) | serial='421'(1.00) | epic='ZSY0390567'(1.00) | age='61'(1.00) | house_no='64'(1.00),1
422,सतेन्द्र,father,रामभरोसी,64,51,पुरुष,ZSY0717983,,,N,N,main,,2026-EROLLGEN-S24-86-SIR-FinalRoll-Revision1-HIN-11-WI.pdf,17,2,0.959,N,,name='सतेन्द्र'(0.96) | relation_name='रामभरोसी'(0.96) | house_no='64'(0.99) | serial='422'(1.00) | epic='ZSY0717983'(0.99) | age='51'(1.00) | house_no='64'(1.00),1
423,जितेनद्र कमार,father,रामभरोसी लाल,$8,50,पुरुष,ZSY1933035,,,N,N,main,,2026-EROLLGEN-S24-86-SIR-FinalRoll-Revision1-HIN-11-WI.pdf,17,3,0.833,Y,low_ocr_confidence,name='जितेनद्र कमार'(0.83) | relation_name='रामभरोसी लाल'(0.95) | house_no='६४'(0.89) | serial='423'(1.00) | epic='ZSY1933035'(0.96) | age='50'(1.00) | house_no='$8'(0.97),14
424,दुगेंश,husband,रामेन्र सिंह,64,47,महिला,ZSY0968461,,,N,N,main,,2026-EROLLGEN-S24-86-SIR-FinalRoll-Revision1-HIN-11-WI.pdf,17,4,0.817,Y,low_ocr_confidence,name='दुगेंश'(0.82) | relation_name='रामेन्र सिंह'(0.95) | house_no='64'(0.99) | serial='424'(1.00) | epic='ZSY0968461'(1.00) | age='47'(1.00) | house_no='64'(1.00),1
425,रेखा,husband,जितेंद्र कमार,64,47,महिला,ZSY0717967,,,N,N,main,,2026-EROLLGEN-S24-86-SIR-FinalRoll-Revision1-HIN-11-WI.pdf,17,5,0.9,N,,name='रेखा'(0.94) | relation_name='जितेंद्र कमार'(0.90) | house_no='64'(0.99) | serial='425'(1.00) | epic='ZSY0717967'(1.00) | age='47'(1.00) | house_no='64'(1.00),2
426,रामेन्र सिंह,father,राम भरोसी लाल,64,47,पुरुष,ZSY0968453,#,# (not in legend),N,N,main,,2026-EROLLGEN-S24-86-SIR-FinalRoll-Revision1-HIN-11-WI.pdf,17,6,0.955,Y,serial_corrected,name='रामेन्र सिंह'(0.99) | relation_name='राम भरोसी लाल'(0.95) | house_no='64'(0.99) | serial='42'(1.00) | epic='ZSY0968453'(1.00) | age='47'(1.00) | house_no='64'(1.00),17
427,सन्तोष देवी,husband,सतेन्र कुमार,64,53,महिला,ZSY2611259,#,# (not in legend),N,N,main,,2026-EROLLGEN-S24-86-SIR-FinalRoll-Revision1-HIN-11-WI.pdf,17,7,0.708,Y,low_ocr_confidence,name='सन्तोष देवी'(0.91) | relation_name='सतेन्र कुमार'(0.71) | house_no='64'(0.99) | serial='427'(1.00) | epic='ZSY2611259'(1.00) | age='53'(1.00) | house_no='64'(1.00),1
428,रेखा जुरेल,husband,सुनील कुमार,64,32,महिला,ZSY3338670,,,N,N,main,,2026-EROLLGEN-S24-86-SIR-FinalRoll-Revision1-HIN-11-WI.pdf,17,8,0.966,N,,name='रेखा जुरेल'(0.98) | relation_name='सुनील कुमार'(1.00) | house_no='64'(0.97) | serial='428'(1.00) | epic='ZSY3338670'(1.00) | age='32'(1.00) | house_no='64'(0.96),1
429,दिनेश जूरैल,father,जितन्रसंह,64,31,पुरुष,ZSY1833003,,,N,N,main,,2026-EROLLGEN-S24-86-SIR-FinalRoll-Revision1-HIN-11-WI.pdf,17,9,0.881,Y,low_ocr_confidence,name='दिनेश जूरैल'(0.98) | relation_name='जितन्रसंह'(0.88) | house_no='64'(0.98) | serial='429'(1.00) | epic='ZSY1833003'(1.00) | age='31'(1.00) | house_no='64'(1.00),14
430,रचना जुरेल,husband,शिव कुमार,64,30,महिला,ZSY3338662,,,N,N,main,,2026-EROLLGEN-S24-86-SIR-FinalRoll-Revision1-HIN-11-WI.pdf,17,10,0.945,N,,name='रचना जुरेल'(0.94) | relation_name='शिव कुमार'(0.99) | house_no='64°'(0.82) | serial='430'(1.00) | epic='ZSY3338662'(1.00) | age='30'(1.00) | house_no='64'(1.00),1
431,नरेश जुरैल,father,जितं्र सिंह,64,30,पुरुष,ZSY3366325,,,N,N,main,,2026-EROLLGEN-S24-86-SIR-FinalRoll-Revision1-HIN-11-WI.pdf,17,11,0.863,Y,low_ocr_confidence,name='नरेश जुरैल'(0.90) | relation_name='जितं्र सिंह'(0.86) | house_no='64'(0.99) | serial='431'(1.00) | epic='ZSY3366325'(0.98) | age='30'(1.00) | house_no='64'(1.00),2
432,महेश कुमार,father,सतेन्द्र कुमार,64,29,पुरुष,ZSY1756782,,,N,N,main,,2026-EROLLGEN-S24-86-SIR-FinalRoll-Revision1-HIN-11-WI.pdf,17,12,0.952,N,,name='महेश कुमार'(0.98) | relation_name='सतेन्द्र कुमार'(0.95) | house_no='64'(0.99) | serial='432'(1.00) | epic='ZSY1756782'(0.98) | age='29'(1.00) | house_no='64'(1.00),17
433,शशि कुमारी,husband,दिनेश जूरेल,"64""",28,महिला,ZSY3619434,,,N,N,main,,2026-EROLLGEN-S24-86-SIR-FinalRoll-Revision1-HIN-11-WI.pdf,17,13,0.958,N,,"name='शशि कुमारी'(0.97) | relation_name='दिनेश जूरेल'(0.96) | house_no='64""'(0.96) | serial='433'(1.00) | epic='ZSY3619434'(1.00) | age='28'(1.00) | house_no='64 ""'(0.82)",2
434,कंचन,father,सत्यंद्र ककमार,64,27,महिला,ZSY3172087,,,N,N,main,,2026-EROLLGEN-S24-86-SIR-FinalRoll-Revision1-HIN-11-WI.pdf,17,14,0.724,Y,low_ocr_confidence,name='कंचन'(1.00) | relation_name='सत्यंद्र ककमार'(0.72) | house_no='64'(0.99) | serial='434'(1.00) | epic='ZSY3172087'(0.99) | age='27'(1.00) | house_no='64'(1.00),2
435,ज्योति,husband,नरेश जुरैल,64,27,महिला,ZSY3366358,,,N,N,main,,2026-EROLLGEN-S24-86-SIR-FinalRoll-Revision1-HIN-11-WI.pdf,17,15,0.91,N,,name='ज्योति'(1.00) | relation_name='नरेश जुरैल'(0.91) | house_no='64'(0.99) | serial='435'(1.00) | epic='ZSY3366358'(1.00) | age='27'(1.00) | house_no='64'(1.00),15
436,अंकित कुमार,father,रॉमें्रसिंह,64,23,पुरुष,ZSY3231966,,,N,N,main,,2026-EROLLGEN-S24-86-SIR-FinalRoll-Revision1-HIN-11-WI.pdf,17,16,0.818,Y,low_ocr_confidence,name='अंकित कुमार'(0.95) | relation_name='रॉमें्रसिंह'(0.82) | house_no='64'(0.99) | serial='436'(1.00) | epic='ZSY3231966'(1.00) | age='23'(1.00) | house_no='64'(1.00),1
437,राम कुमार,father,रामें्रसंह,64,19,पुरुष,ZSY4007340,,,N,N,main,,2026-EROLLGEN-S24-86-SIR-FinalRoll-Revision1-HIN-11-WI.pdf,17,17,0.876,Y,low_ocr_confidence,name='राम कुमार'(0.97) | relation_name='रामें्रसंह'(0.88) | house_no='64'(0.99) | serial='437'(1.00) | epic='ZSY4007340'(1.00) | age='19'(1.00) | house_no='64'(1.00),1
438,लखन कुमार,father,रामेंद्र ससेंह,64,19,पुरुष,ZSY4007381,,,N,N,main,,2026-EROLLGEN-S24-86-SIR-FinalRoll-Revision1-HIN-11-WI.pdf,17,18,0.838,Y,low_ocr_confidence,name='लखन कुमार'(0.91) | relation_name='रामेंद्र ससेंह'(0.84) | house_no='64'(0.97) | serial='438'(1.00) | epic='ZSY4007381'(1.00) | age='19'(1.00) | house_no='64'(1.00),15
439,गुडी,husband,लवीर सिंह,65,59,महिला,ZSY0717959,,,N,N,main,,2026-EROLLGEN-S24-86-SIR-FinalRoll-Revision1-HIN-11-WI.pdf,17,19,0.993,N,,name='गुडी'(1.00) | relation_name='लवीर सिंह'(0.99) | house_no='65'(1.00) | serial='439'(1.00) | epic='ZSY0717959'(1.00) | age='59'(1.00) | house_no='65'(1.00),1
440,शकुतला देवी,husband,मुलायम सिंह,66,75,महिला,ZSY1837160,,,N,N,main,,2026-EROLLGEN-S24-86-SIR-FinalRoll-Revision1-HIN-11-WI.pdf,17,20,0.928,N,,name='शकुतला देवी'(0.93) | relation_name='मुलायम सिंह'(0.96) | house_no='66'(0.99) | serial='440'(1.00) | epic='ZSY1837160'(1.00) | age='75'(1.00) | house_no='66'(0.80),2
441,ओमवीर,father,पदम सिंह,66,63,पुरुष,ZSY1837178,,,N,N,main,,2026-EROLLGEN-S24-86-SIR-FinalRoll-Revision1-HIN-11-WI.pdf,17,21,0.961,N,,name='ओमवीर'(0.96) | relation_name='पदम सिंह'(0.99) | house_no='66'(0.99) | serial='441'(1.00) | epic='ZSY1837178'(1.00) | age='63'(1.00) | house_no='66'(1.00),16
442,शारदा देवी,husband,ओमवीर,66,60,महिला,CTV1831890,,,N,N,main,,2026-EROLLGEN-S24-86-SIR-FinalRoll-Revision1-HIN-11-WI.pdf,17,22,0.988,N,,name='शारदा देवी'(0.99) | relation_name='ओमवीर'(0.99) | house_no='66'(1.00) | serial='442'(1.00) | epic='CTV1831890'(1.00) | age='60'(1.00) | house_no='66'(1.00),1
443,अजयवीर,father,मुलायम सिंह,66,50,पुरुष,CTV1490697,,,N,N,main,,2026-EROLLGEN-S24-86-SIR-FinalRoll-Revision1-HIN-11-WI.pdf,17,23,0.934,N,,name='अजयवीर'(0.97) | relation_name='मुलायम सिंह'(0.93) | house_no='66'(0.88) | serial='443'(1.00) | epic='CTV1490697'(0.98) | age='50'(1.00) | house_no='66'(0.99),1
444,भूरी सिंह,father,मुलायम,66,41,पुरुष,CTV2872323,,,N,N,main,,2026-EROLLGEN-S24-86-SIR-FinalRoll-Revision1-HIN-11-WI.pdf,17,24,0.942,N,,name='भूरी सिंह'(0.94) | relation_name='मुलायम'(1.00) | house_no='66'(0.84) | serial='444'(1.00) | epic='CTV2872323'(1.00) | age='41'(1.00) | house_no='66'(1.00),15
445,संगीता,husband,जानसिंह,66,38,महिला,ZSY2863140,,,N,N,main,,2026-EROLLGEN-S24-86-SIR-FinalRoll-Revision1-HIN-11-WI.pdf,17,25,0.808,Y,low_ocr_confidence,name='संगीता'(0.81) | relation_name='जानसिंह'(0.90) | house_no='66'(0.99) | serial='445'(1.00) | epic='ZSY2863140'(1.00) | age='38'(1.00) | house_no='66'(1.00),1
446,मोहन सिंह,father,ेमवीर सिंह,66,32,पुरुष,ZSY1932854,,,N,N,main,,2026-EROLLGEN-S24-86-SIR-FinalRoll-Revision1-HIN-11-WI.pdf,17,26,0.9,Y,relation_type_uncertain,name='मोहन सिंह'(0.91) | relation_name='ेमवीर सिंह'(0.93) | house_no='६६'(0.90) | serial='446'(0.94) | epic='ZSY1932854'(0.99) | age='32'(1.00) | house_no='E'(0.28),2
447,शकुन्तल देवी,husband,अतर सिंह,68,76,महिला,ZSY1412048,,,N,N,main,,2026-EROLLGEN-S24-86-SIR-FinalRoll-Revision1-HIN-11-WI.pdf,17,27,0.845,Y,low_ocr_confidence,name='शकुन्तल देवी'(0.84) | relation_name='अतर सिंह'(0.92) | house_no='68'(1.00) | serial='447'(1.00) | epic='ZSY1412048'(1.00) | age='76'(1.00) | house_no='68'(1.00),16
448,ओमवती,husband,वीरन्र सिंह,68,53,महिला,ZSY2863207,,,N,N,main,,2026-EROLLGEN-S24-86-SIR-FinalRoll-Revision1-HIN-11-WI.pdf,17,28,0.914,N,,name='ओमवती'(1.00) | relation_name='वीरन्र सिंह'(0.91) | house_no='68'(1.00) | serial='448'(1.00) | epic='ZSY2863207'(1.00) | age='53'(0.98) | house_no='68'(1.00),1
449,वीरिन्र सिंह,father,मान सिंह,68,52,पुरुष,UP703550018060,,,N,N,main,,2026-EROLLGEN-S24-86-SIR-FinalRoll-Revision1-HIN-11-WI.pdf,17,29,0.862,Y,epic_format|low_ocr_confidence,name='वीरिन्र सिंह'(0.86) | relation_name='मान सिंह'(0.99) | house_no='68'(1.00) | serial='449|'(0.90) | epic='UP/70/355/0018060'(1.00) | age='52'(1.00) | house_no='68'(1.00),1
450,मोहर सिंह,father,अतर सिंह,68,51,पुरुष,ZSY2863264,,,N,N,main,,2026-EROLLGEN-S24-86-SIR-FinalRoll-Revision1-HIN-11-WI.pdf,17,30,0.939,N,,name='मोहर सिंह'(0.99) | relation_name='अतर सिंह'(0.94) | house_no='68'(1.00) | serial='450'(1.00) | epic='ZSY2863264'(1.00) | age='51'(1.00) | house_no='68'(1.00),14
451,भूरी सिंह,father,मान सिंह,68,46,पुरुष,UP703550018061,,,N,N,main,,2026-EROLLGEN-S24-86-SIR-FinalRoll-Revision1-HIN-11-WI.pdf,18,1,0.911,Y,epic_format,name='भूरी सिंह'(0.97) | relation_name='मान सिंह'(0.91) | house_no='68'(1.00) | serial='451|'(0.99) | epic='UP/70/355/0018061'(1.00) | age='46'(1.00) | house_no='68'(1.00),1
452,सुनीता देवी,husband,भूरीसिंह,68,44,महिला,ZSY2863256,,,N,N,main,,2026-EROLLGEN-S24-86-SIR-FinalRoll-Revision1-HIN-11-WI.pdf,18,2,0.961,N,,name='सुनीता देवी'(0.98) | relation_name='भूरीसिंह'(0.99) | house_no='68'(0.96) | serial='452'(1.00) | epic='ZSY2863256'(1.00) | age='44'(1.00) | house_no='68'(1.00),1
453,रीना देवी,husband,मोहर सिंह,68,42,महिला,ZSY1261700,,,N,N,main,,2026-EROLLGEN-S24-86-SIR-FinalRoll-Revision1-HIN-11-WI.pdf,18,3,0.753,Y,low_ocr_confidence,name='रीना देवी'(0.97) | relation_name='मोहर सिंह'(0.97) | house_no='68'(0.99) | serial='453'(1.00) | epic='ZSY1261700'(1.00) | age='42'(0.75) | house_no='68'(1.00),14
454,अवधेश देवी,husband,मभूपेंद्र सिंह,68,42,महिला,ZSY2863223,,,N,N,main,,2026-EROLLGEN-S24-86-SIR-FinalRoll-Revision1-HIN-11-WI.pdf,18,4,0.854,Y,low_ocr_confidence,name='अवधेश देवी'(1.00) | relation_name='मभूपेंद्र सिंह'(0.85) | house_no='68'(0.98) | serial='454'(1.00) | epic='ZSY2863223'(1.00) | age='42'(1.00) | house_no='68'(0.99),1
455,जय सिंह,father,अतर सिंह,68,40,पुरुष,CTV2872174,,,N,N,main,,2026-EROLLGEN-S24-86-SIR-FinalRoll-Revision1-HIN-11-WI.pdf,18,5,0.926,N,,name='जय सिंह'(0.99) | relation_name='अतर सिंह'(0.93) | house_no='68'(1.00) | serial='455'(1.00) | epic='CTV2872174'(1.00) | age='40'(1.00) | house_no='68'(1.00),2
456,प्रीती,husband,जयसिंह,68,29,महिला,ZSY2863272,,,N,N,main,,2026-EROLLGEN-S24-86-SIR-FinalRoll-Revision1-HIN-11-WI.pdf,18,6,0.946,N,,name='प्रीती'(0.95) | relation_name='जयसिंह'(0.97) | house_no='68'(1.00) | serial='456'(1.00) | epic='ZSY2863272'(1.00) | age='29'(1.00) | house_no='68'(1.00),17
457,अंजली,husband,विष्णु जुरेल,68,24,महिला,ZSY3231982,,,N,N,main,,2026-EROLLGEN-S24-86-SIR-FinalRoll-Revision1-HIN-11-WI.pdf,18,7,0.951,N,,name='अंजली'(0.98) | relation_name='विष्णु जुरेल'(0.98) | house_no='68'(0.95) | serial='457'(1.00) | epic='ZSY3231982'(1.00) | age='24'(1.00) | house_no='68'(1.00),1
458,महावीर सिंह,father,रामचरन,69,83,पुरुष,CTV3283512,,,N,N,main,,2026-EROLLGEN-S24-86-SIR-FinalRoll-Revision1-HIN-11-WI.pdf,18,8,0.918,N,,name='महावीर सिंह'(0.92) | relation_name='रामचरन'(1.00) | house_no='69'(0.99) | serial='458'(1.00) | epic='CTV3283512'(1.00) | age='83'(1.00) | house_no='69'(1.00),1
459,शकुतला,husband,रामबीर,69,63,महिला,CTV3283421,,,N,N,main,,2026-EROLLGEN-S24-86-SIR-FinalRoll-Revision1-HIN-11-WI.pdf,18,9,0.925,N,,name='शकुतला'(0.93) | relation_name='रामबीर'(0.97) | house_no='69'(1.00) | serial='459'(1.00) | epic='CTV3283421'(1.00) | age='63'(1.00) | house_no='69'(1.00),14
460,वीरमती,husband,श्याम वीर,69,62,महिला,CTV1831908,,,N,N,main,,2026-EROLLGEN-S24-86-SIR-FinalRoll-Revision1-HIN-11-WI.pdf,18,10,0.979,N,,name='वीरमती'(1.00) | relation_name='श्याम वीर'(0.99) | house_no='69'(1.00) | serial='460'(1.00) | epic='CTV1831908'(0.98) | age='62'(1.00) | house_no='69'(1.00),1
461,रोहताश,father,श्यामबीर,69,54,पुरुष,CTV2656429,,,N,N,main,,2026-EROLLGEN-S24-86-SIR-FinalRoll-Revision1-HIN-11-WI.pdf,18,11,0.956,N,,name='रोहताश'(0.99) | relation_name='श्यामबीर'(0.96) | house_no='69'(1.00) | serial='461'(1.00) | epic='CTV2656429'(1.00) | age='54'(1.00) | house_no='69'(1.00),2
462,बलवीर सिंह,father,महावीर सिंह,69,52,पुरुष,ZSY1261783,,,N,N,main,,2026-EROLLGEN-S24-86-SIR-FinalRoll-Revision1-HIN-11-WI.pdf,18,12,0.924,N,,name='बलवीर सिंह'(0.92) | relation_name='महावीर सिंह'(0.99) | house_no='69'(0.95) | serial='462'(1.00) | epic='ZSY1261783'(1.00) | age='52'(1.00) | house_no='69'(0.99),17
463,अशोक देवी,husband,बलवीर सिंह,69,43,महिला,CTV3283538,,,N,N,main,,2026-EROLLGEN-S24-86-SIR-FinalRoll-Revision1-HIN-11-WI.pdf,18,13,0.929,N,,name='अशोक देवी'(0.95) | relation_name='बलवीर सिंह'(0.93) | house_no='69'(1.00) | serial='463'(1.00) | epic='CTV3283538'(1.00) | age='43'(1.00) | house_no='69'(1.00),2
464,देवें्र सिंह,father,रामबीर,69,43,पुरुष,CTV3283413,,,N,N,main,,2026-EROLLGEN-S24-86-SIR-FinalRoll-Revision1-HIN-11-WI.pdf,18,14,0.941,N,,name='देवें्र सिंह'(0.95) | relation_name='रामबीर'(0.94) | house_no='69'(0.99) | serial='464'(1.00) | epic='CTV3283413'(1.00) | age='43'(1.00) | house_no='69'(1.00),2
465,जितं्रसिंह,father,श्यामवीर सिंह,69,42,पुरुष,CTV2871473,,,N,N,main,,2026-EROLLGEN-S24-86-SIR-FinalRoll-Revision1-HIN-11-WI.pdf,18,15,0.838,Y,low_ocr_confidence,name='जितं्रसिंह'(0.84) | relation_name='श्यामवीर सिंह'(0.96) | house_no='69'(1.00) | serial='465'(1.00) | epic='CTV2871473'(1.00) | age='42'(1.00) | house_no='69'(1.00),15
466,रेखा देवी,husband,रोहतास,69,39,महिला,ZSY1412055,,,N,N,main,,2026-EROLLGEN-S24-86-SIR-FinalRoll-Revision1-HIN-11-WI.pdf,18,16,0.943,N,,name='रेखा देवी'(0.94) | relation_name='रोहतास'(1.00) | house_no='69'(0.97) | serial='466'(1.00) | epic='ZSY1412055'(1.00) | age='39'(1.00) | house_no='69'(1.00),1
467,रिंकी,husband,जीतेन्द्र सिंह,69,39,महिला,ZSY1587146,,,N,N,main,,2026-EROLLGEN-S24-86-SIR-FinalRoll-Revision1-HIN-11-WI.pdf,18,17,0.971,N,,name='रिंकी'(0.99) | relation_name='जीतेन्द्र सिंह'(0.97) | house_no='69'(1.00) | serial='467'(1.00) | epic='ZSY1587146'(1.00) | age='39'(1.00) | house_no='69'(1.00),1
468,डॉली सिकरवार,husband,अमित कुमार,69,35,महिला,ZSY3228087,,,N,N,main,,2026-EROLLGEN-S24-86-SIR-FinalRoll-Revision1-HIN-11-WI.pdf,18,18,0.964,N,,name='डॉली सिकरवार'(0.97) | relation_name='अमित कुमार'(0.96) | house_no='69°'(0.86) | serial='468'(1.00) | epic='ZSY3228087'(1.00) | age='35'(1.00) | house_no='69'(1.00),15
469,राहुल जूरैल,father,श्यामवीर सिंह,69,32,पुरुष,ZSY1411750,,,N,N,main,,2026-EROLLGEN-S24-86-SIR-FinalRoll-Revision1-HIN-11-WI.pdf,18,19,0.865,Y,low_ocr_confidence,name='राहुल जूरैल. a'(0.86) | relation_name='श्यामवीर सिंह'(0.95) | house_no='69'(1.00) | serial='469'(1.00) | epic='ZSY1411750'(1.00) | age='32'(1.00) | house_no='69'(1.00),1
470,अन्जू,father,म: आलोक कुमार सिंह,69,31,महिला,ZSY1756733,,,N,N,main,,2026-EROLLGEN-S24-86-SIR-FinalRoll-Revision1-HIN-11-WI.pdf,18,20,0.935,N,,name='अन्जू'(0.99) | relation_name='म: आलोक कुमार सिंह'(0.93) | house_no='69'(0.99) | serial='470'(1.00) | epic='ZSY1756733'(1.00) | age='31'(1.00) | house_no='69'(1.00),2
471,करिश्मा,husband,राहुल जुरेल,69,29,महिला,ZSY3374592,,,N,N,main,,2026-EROLLGEN-S24-86-SIR-FinalRoll-Revision1-HIN-11-WI.pdf,18,21,0.937,N,,name='करिश्मा'(0.99) | relation_name='राहुल जुरेल'(0.99) | house_no='69'(0.94) | serial='471'(1.00) | epic='ZSY3374592'(1.00) | age='29'(1.00) | house_no='69'(0.98),16
472,मुकेश कुमार शर्मा,father,हर प्रसाद शर्मा,70,50,पुरुष,ZSY3366382,,,N,N,main,,2026-EROLLGEN-S24-86-SIR-FinalRoll-Revision1-HIN-11-WI.pdf,18,22,0.978,N,,name='मुकेश कुमार शर्मा'(0.98) | relation_name='हर प्रसाद शर्मा'(0.98) | house_no='70'(1.00) | serial='472'(1.00) | epic='ZSY3366382'(1.00) | age='50'(1.00) | house_no='70'(1.00),1
473,सुमन लता शर्मा,husband,हरी प्रसाद,70,48,महिला,ZSY3172111,,,N,N,main,,2026-EROLLGEN-S24-86-SIR-FinalRoll-Revision1-HIN-11-WI.pdf,18,23,0.945,N,,name='सुमन लता शर्मा'(0.99) | relation_name='हरी प्रसाद'(0.95) | house_no='70'(1.00) | serial='473'(1.00) | epic='ZSY3172111'(0.97) | age='48'(1.00) | house_no='70'(1.00),1
474,मनोज कुमार,father,हर प्रसाद शर्मा,70,44,पुरुष,ZSY3366390,,,N,N,main,,2026-EROLLGEN-S24-86-SIR-FinalRoll-Revision1-HIN-11-WI.pdf,18,24,0.967,N,,name='मनोज कुमार'(0.97) | relation_name='हर प्रसाद शर्मा'(0.98) | house_no='70'(1.00) | serial='474'(1.00) | epic='ZSY3366390'(1.00) | age='44'(1.00) | house_no='70'(1.00),15
475,उमा शर्मा,father,मुकेश कुमार शर्मा,70,36,महिला,ZSY3172103,,,N,N,main,,2026-EROLLGEN-S24-86-SIR-FinalRoll-Revision1-HIN-11-WI.pdf,18,25,0.961,N,,name='उमा शर्मा'(0.97) | relation_name='मुकेश कुमार शर्मा'(0.96) | house_no='70'(0.99) | serial='475'(1.00) | epic='ZSY3172103'(0.97) | age='36'(1.00) | house_no='70'(1.00),1
476,अमन शर्मा,father,मुकेश कुमार शर्मा,70,22,पुरुष,ZSY3457025,,,N,N,main,,2026-EROLLGEN-S24-86-SIR-FinalRoll-Revision1-HIN-11-WI.pdf,18,26,0.936,Y,relation_type_uncertain,name='अमन शर्मा'(0.94) | relation_name='मुकेश कुमार शर्मा'(0.97) | house_no='70'(0.99) | serial='476'(1.00) | epic='ZSY3457025'(1.00) | age='22'(1.00) | house_no='70'(1.00),2
477,जगदीश सिंह,father,लक्मी नरायन,71,85,पुरुष,ZSY1837236,,,N,N,main,,2026-EROLLGEN-S24-86-SIR-FinalRoll-Revision1-HIN-11-WI.pdf,18,27,0.891,Y,relation_type_uncertain|low_ocr_confidence,name='जगदीश सिंह'(0.98) | relation_name='लक्मी नरायन'(0.89) | house_no='71'(1.00) | serial='477'(1.00) | epic='ZSY1837236'(1.00) | age='85'(1.00) | house_no='71'(1.00),16
478,धर्मवीर सिंह,father,रघुवर सिंह,71,66,पुरुष,UP703550018064,,,N,N,main,,2026-EROLLGEN-S24-86-SIR-FinalRoll-Revision1-HIN-11-WI.pdf,18,28,0.897,Y,epic_format|low_ocr_confidence,name='धर्मवीर सिंह'(0.99) | relation_name='रघुवर सिंह'(0.90) | house_no='71'(0.85) | serial='478|'(1.00) | epic='UP/70/355/0018064'(1.00) | age='66'(1.00) | house_no='71'(0.99),1
479,सरोज,husband,धर्मवीर,71,61,महिला,CTV2872166,,,N,N,main,,2026-EROLLGEN-S24-86-SIR-FinalRoll-Revision1-HIN-11-WI.pdf,18,29,0.96,N,,name='सरोज'(1.00) | relation_name='धर्मवीर'(0.99) | house_no='71'(1.00) | serial='479'(1.00) | epic='CTV2872166'(0.96) | age='61'(1.00) | house_no='71'(1.00),1
480,लायक सिंह,father,लोचन सिंह,71,54,पुरुष,CTV2871697,,,N,N,main,,2026-EROLLGEN-S24-86-SIR-FinalRoll-Revision1-HIN-11-WI.pdf,18,30,0.868,Y,low_ocr_confidence,name='लायक सिंह'(0.87) | relation_name='लोचन सिंह'(0.99) | house_no='71'(1.00) | serial='480'(1.00) | epic='CTV2871697'(1.00) | age='54'(1.00) | house_no='71'(1.00),14
481,दयवीर,father,निरोत्तम,71,53,पुरुष,CTV2871481,,,N,N,main,,2026-EROLLGEN-S24-86-SIR-FinalRoll-Revision1-HIN-11-WI.pdf,19,1,0.99,N,,name='दयवीर'(1.00) | relation_name='निरोत्तम'(0.99) | house_no='71'(1.00) | serial='481'(1.00) | epic='CTV2871481'(1.00) | age='53'(1.00) | house_no='71'(1.00),1
482,चन्द्र वीर सिंह,father,निरोकत्तम सिंह,71,51,पुरुष,ZSY0365064,,,N,N,main,,2026-EROLLGEN-S24-86-SIR-FinalRoll-Revision1-HIN-11-WI.pdf,19,2,0.905,N,,name='चन्द्र वीर सिंह'(0.97) | relation_name='निरोकत्तम सिंह'(0.90) | house_no='71'(1.00) | serial='482'(1.00) | epic='ZSY0365064'(1.00) | age='51'(1.00) | house_no='71'(1.00),1
483,ओमवती,husband,उदयबीर,71,51,महिला,CTV2872034,,,N,N,main,,2026-EROLLGEN-S24-86-SIR-FinalRoll-Revision1-HIN-11-WI.pdf,19,3,0.92,N,,name='ओमवती'(0.94) | relation_name='उदयबीर'(0.92) | house_no='71'(1.00) | serial='483'(1.00) | epic='CTV2872034'(1.00) | age='51'(1.00) | house_no='71'(1.00),14
484,मंजू,husband,चन्द्रवीर सिंह,71,49,महिला,CTV2871572,,,N,N,main,,2026-EROLLGEN-S24-86-SIR-FinalRoll-Revision1-HIN-11-WI.pdf,19,4,0.888,Y,low_ocr_confidence,name='मंजू'(0.98) | relation_name='चन्द्रवीर सिंह'(0.89) | house_no='71'(1.00) | serial='484'(1.00) | epic='CTV2871572'(1.00) | age='49'(1.00) | house_no='71'(1.00),1
485,भूदेव सिंह,father,न्द्रिभान,71,48,पुरुष,ZSY0365072,,,N,N,main,,2026-EROLLGEN-S24-86-SIR-FinalRoll-Revision1-HIN-11-WI.pdf,19,5,0.932,N,,name='भूदेव सिंह'(0.99) | relation_name='न्द्रिभान'(0.93) | house_no='71'(1.00) | serial='485'(1.00) | epic='ZSY0365072'(0.95) | age='48'(1.00) | house_no='71'(1.00),2
486,देदवेद्र कमार,father,जगदीश सिंह,71,48,पुरुष,ZSY3172145,,,N,N,main,,2026-EROLLGEN-S24-86-SIR-FinalRoll-Revision1-HIN-11-WI.pdf,19,6,0.818,Y,low_ocr_confidence,name='देदवेद्र कमार'(0.82) | relation_name='जगदीश सिंह'(0.98) | house_no='71'(1.00) | serial='486'(1.00) | epic='ZSY3172145'(0.98) | age='48'(1.00) | house_no='71'(1.00),17
487,रश्मि देवी,husband,रवीन्र सिंह,71,48,महिला,CTV3283371,,,N,N,main,,2026-EROLLGEN-S24-86-SIR-FinalRoll-Revision1-HIN-11-WI.pdf,19,7,0.938,N,,name='रश्मि देवी'(0.98) | relation_name='रवीन्र सिंह'(0.94) | house_no='71'(1.00) | serial='487'(1.00) | epic='CTV3283371'(1.00) | age='48'(1.00) | house_no='71'(1.00),1
488,मीना शर्मा,husband,मुकेश कुमार शर्मा,71,47,महिला,ZSY0968511,,,N,N,main,,2026-EROLLGEN-S24-86-SIR-FinalRoll-Revision1-HIN-11-WI.pdf,19,8,0.974,N,,name='मीना शर्मा'(0.99) | relation_name='मुकेश कुमार शर्मा'(0.97) | house_no='71'(0.98) | serial='488'(1.00) | epic='ZSY0968511'(1.00) | age='47'(1.00) | house_no='71'(0.99),1
489,रवीन्र सिंह,father,जगदीश,71,47,पुरुष,ZSY0390641,,,N,N,main,,2026-EROLLGEN-S24-86-SIR-FinalRoll-Revision1-HIN-11-WI.pdf,19,9,0.937,N,,name='रवीन्र सिंह'(0.94) | relation_name='जगदीश'(0.96) | house_no='71'(1.00) | serial='489'(1.00) | epic='ZSY0390641'(1.00) | age='47'(1.00) | house_no='71'(1.00),14
490,सुनीता,husband,भू देव,71,47,महिला,CTV3283405,,,N,N,main,,2026-EROLLGEN-S24-86-SIR-FinalRoll-Revision1-HIN-11-WI.pdf,19,10,0.913,N,,name='सुनीता'(1.00) | relation_name='भू देव'(0.91) | house_no='71'(0.99) | serial='490'(1.00) | epic='CTV3283405'(0.99) | age='47'(1.00) | house_no='71'(0.99),1
491,सुशीला,husband,आनन्द कुमार,71,45,महिला,CTV3283363,,,N,N,main,,2026-EROLLGEN-S24-86-SIR-FinalRoll-Revision1-HIN-11-WI.pdf,19,11,0.956,N,,name='सुशीला'(1.00) | relation_name='आनन्द कुमार'(0.96) | house_no='71'(0.96) | serial='491'(1.00) | epic='CTV3283363'(1.00) | age='45'(1.00) | house_no='71'(0.98),2
492,कृपाल सिंह,father,चन्द्रभान सिंह,71,44,पुरुष,UP703550018065,,,N,N,main,,2026-EROLLGEN-S24-86-SIR-FinalRoll-Revision1-HIN-11-WI.pdf,19,12,0.939,Y,epic_format,name='कृपाल सिंह'(0.94) | relation_name='चन्द्रभान सिंह'(0.96) | house_no='71'(0.81) | serial='492|'(0.94) | epic='UP/70/355/0018065'(1.00) | age='44'(1.00) | house_no='71'(1.00),17
493,आन्द सिंह,father,चन्द्रभान सिंह,71,44,पुरुष,ZSY1597269,,,N,N,main,,2026-EROLLGEN-S24-86-SIR-FinalRoll-Revision1-HIN-11-WI.pdf,19,13,0.933,N,,name='आन्द सिंह'(0.99) | relation_name='चन्द्रभान सिंह'(0.93) | house_no='71'(1.00) | serial='493'(1.00) | epic='ZSY1597269'(1.00) | age='44'(1.00) | house_no='71'(1.00),2
494,लोकेश,father,लायक सिंह,71,32,पुरुष,ZSY1261676,,,N,N,main,,2026-EROLLGEN-S24-86-SIR-FinalRoll-Revision1-HIN-11-WI.pdf,19,14,0.946,N,,name='लोकेश'(0.96) | relation_name='लायक सिंह'(0.95) | house_no='71'(1.00) | serial='494'(1.00) | epic='ZSY1261676'(1.00) | age='32'(1.00) | house_no='71'(1.00),2
495,चाँदनी,husband,धमेन्र सिंह,71,31,महिला,ZSY2863181,,,N,N,main,,2026-EROLLGEN-S24-86-SIR-FinalRoll-Revision1-HIN-11-WI.pdf,19,15,0.934,N,,name='चाँदनी'(0.93) | relation_name='धमेन्र सिंह'(0.95) | house_no='71'(0.99) | serial='495'(1.00) | epic='ZSY2863181'(0.97) | age='31'(1.00) | house_no='71'(1.00),15
496,हिमांशु जुरेल,father,रवीं्र ससंह,71,25,पुरुष,ZSY3172137,#,# (not in legend),N,N,main,,2026-EROLLGEN-S24-86-SIR-FinalRoll-Revision1-HIN-11-WI.pdf,19,16,0.819,Y,low_ocr_confidence,name='हिमांशु जुरेल'(0.98) | relation_name='रवीं्र ससंह'(0.84) | house_no='71'(1.00) | serial='496'(0.82) | epic='ZSY3172137'(0.98) | age='25'(1.00) | house_no='71'(1.00),1
497,मोहित जुरेल,father,मभूदेव सिंह जुरेल,71,25,पुरुष,ZSY3172152,#,# (not in legend),N,N,main,,2026-EROLLGEN-S24-86-SIR-FinalRoll-Revision1-HIN-11-WI.pdf,19,17,0.675,Y,low_ocr_confidence,name='मोहित जुरेल'(0.95) | relation_name='मभूदेव सिंह जुरेल'(0.96) | house_no='71'(0.68) | serial='497'(0.81) | epic='ZSY3172152'(0.96) | age='25'(1.00) | house_no='$\\'(0.47),1
498,दीपक जूरेल,father,चंद्रवी जरैल,7i,25,पुरुष,ZSY2863199,,,N,N,main,,2026-EROLLGEN-S24-86-SIR-FinalRoll-Revision1-HIN-11-WI.pdf,19,18,0.85,Y,low_ocr_confidence,name='दीपक जूरेल'(0.97) | relation_name='चंद्रवी जरैल'(0.86) | house_no='7i'(0.85) | serial='498'(1.00) | epic='ZSY2863199'(1.00) | age='25'(1.00) | house_no='71'(0.87),15
499,शुभम जुरैल,father,चंद्रवीर सिंह,71,24,पुरुष,ZSY3172129,,,N,N,main,,2026-EROLLGEN-S24-86-SIR-FinalRoll-Revision1-HIN-11-WI.pdf,19,19,0.909,N,,name='शुभम जुरैल'(0.92) | relation_name='चंद्रवीर सिंह'(0.91) | house_no='71'(1.00) | serial='499'(1.00) | epic='ZSY3172129'(0.98) | age='24'(1.00) | house_no='71'(1.00),1
500,रोहित जूरेल,father,मभूदेव सिंह,71,24,पुरुष,ZSY3227246,,,N,N,main,,2026-EROLLGEN-S24-86-SIR-FinalRoll-Revision1-HIN-11-WI.pdf,19,20,0.912,N,,name='रोहित जूरेल'(0.96) | relation_name='मभूदेव सिंह'(0.91) | house_no='71'(0.91) | serial='500'(1.00) | epic='ZSY3227246'(1.00) | age='24'(1.00) | house_no='71'(0.98),2
501,अमन जूरैल,father,देवेंद्र कमार,71,24,पुरुष,ZSY3483575,,,N,N,main,,2026-EROLLGEN-S24-86-SIR-FinalRoll-Revision1-HIN-11-WI.pdf,19,21,0.899,Y,low_ocr_confidence,"name='अमन जूरैल'(0.97) | relation_name='देवेंद्र कमार'(0.90) | house_no='71'(0.97) | serial='501'(1.00) | epic='ZSY3483575'(1.00) | age='24'(1.00) | house_no='71 ""'(0.81)",16
502,मोनिका,husband,दीपक जूरेल,"71 """,24,महिला,ZSY3638772,,,N,N,main,,2026-EROLLGEN-S24-86-SIR-FinalRoll-Revision1-HIN-11-WI.pdf,19,22,0.938,N,,"name='मोनिका'(1.00) | relation_name='दीपक जूरेल'(0.98) | house_no='71""'(0.84) | serial='502'(1.00) | epic='ZSY3638772'(0.99) | age='24'(1.00) | house_no='71 ""'(0.94)",1
503,निखिल जुरेल,father,रवीं्र संह,71,23,पुरुष,ZSY3231974,#,# (not in legend),N,N,main,,2026-EROLLGEN-S24-86-SIR-FinalRoll-Revision1-HIN-11-WI.pdf,19,23,0.808,Y,low_ocr_confidence,name='निखिल जुरेल'(0.99) | relation_name='रवीं्र संह'(0.81) | house_no='71'(1.00) | serial='503'(0.93) | epic='ZSY3231974'(1.00) | age='23'(1.00) | house_no='71'(1.00),1
504,मोहित जुरैल,father,उदयवीर सिंह,71,22,पुरुष,ZSY3457256,,,N,N,main,,2026-EROLLGEN-S24-86-SIR-FinalRoll-Revision1-HIN-11-WI.pdf,19,24,0.944,N,,name='मोहित जुरैल'(0.94) | relation_name='उदयवीर सिंह'(0.95) | house_no='71'(1.00) | serial='504'(1.00) | epic='ZSY3457256'(1.00) | age='22'(1.00) | house_no='71'(1.00),15
505,आर्ची जूरेल,father,आन्द कुमार,71,22,महिला,ZSY3666526,,,N,N,main,,2026-EROLLGEN-S24-86-SIR-FinalRoll-Revision1-HIN-11-WI.pdf,19,25,0.872,Y,low_ocr_confidence,"name='आर्ची जूरेल'(0.87) | relation_name='आन्द कुमार'(0.94) | house_no='71'(0.98) | serial='505'(1.00) | epic='ZSY3666526'(1.00) | age='22'(1.00) | house_no='71 ""'(0.77)",1
506,अ्जनजुरेल,father,कृपाल सिंह,71,21,पुरुष,ZSY3848520,,,N,N,main,,2026-EROLLGEN-S24-86-SIR-FinalRoll-Revision1-HIN-11-WI.pdf,19,26,0.927,Y,relation_type_uncertain,name='अ्जनजुरेल'(0.94) | relation_name='कृपाल सिंह'(0.93) | house_no='71'(0.99) | serial='506'(1.00) | epic='ZSY3848520'(1.00) | age='21'(1.00) | house_no='71'(0.99),2
507,मुकुल जूरेल,father,आन्द कुमार,71,20,पुरुष,ZSY3666518,,,N,N,main,,2026-EROLLGEN-S24-86-SIR-FinalRoll-Revision1-HIN-11-WI.pdf,19,27,0.925,Y,relation_type_uncertain,"name='मुकुल जूरेल'(0.92) | relation_name='आन्द कुमार'(0.99) | house_no='71'(0.97) | serial='507'(1.00) | epic='ZSY3666518'(1.00) | age='20'(1.00) | house_no='71""'(0.82)",16
508,कल्पना जूरैल,father,उदयवीर सिंह,71,20,महिला,ZSY3708344,,,N,N,main,,2026-EROLLGEN-S24-86-SIR-FinalRoll-Revision1-HIN-11-WI.pdf,19,28,0.908,N,,name='कल्पना जूरैल'(0.91) | relation_name='उदयवीर सिंह'(0.91) | house_no='71'(1.00) | serial='508'(1.00) | epic='ZSY3708344'(1.00) | age='20'(1.00) | house_no='71'(1.00),1
509,अनु जुरेल,husband,लोकेश कुमार,72,31,महिला,ZSY3340155,,,N,N,main,,2026-EROLLGEN-S24-86-SIR-FinalRoll-Revision1-HIN-11-WI.pdf,19,29,0.885,Y,low_ocr_confidence,name='अनु जुरेल'(0.88) | relation_name='लोकेश कुमार'(1.00) | house_no='72'(1.00) | serial='509'(1.00) | epic='ZSY3340155'(1.00) | age='31'(1.00) | house_no='72'(1.00),1
510,जितेंद्र कुमार,father,लायक सिंह,72,23,पुरुष,ZSY3340148,,,N,N,main,,2026-EROLLGEN-S24-86-SIR-FinalRoll-Revision1-HIN-11-WI.pdf,19,30,0.854,Y,low_ocr_confidence,name='जितेंद्र कुमार'(0.85) | relation_name='लायक सिंह'(0.95) | house_no='72'(1.00) | serial='510'(1.00) | epic='ZSY3340148'(1.00) | age='23'(1.00) | house_no='72'(1.00),14
511,दुष्यंत,father,देंवेंदर सिंह,73,27,पुरुष,ZSY3227444,,,N,N,main,,2026-EROLLGEN-S24-86-SIR-FinalRoll-Revision1-HIN-11-WI.pdf,20,1,0.824,Y,low_ocr_confidence,name='दुष्यंत'(0.95) | relation_name='देंवेंदर सिंह'(0.82) | house_no='73'(1.00) | serial='511'(1.00) | epic='ZSY3227444'(1.00) | age='27'(1.00) | house_no='73'(1.00),1
512,हेमंत जूरैल,father,देवेंद्र सिंह,73,26,पुरुष,ZSY3227733,,,N,N,main,,2026-EROLLGEN-S24-86-SIR-FinalRoll-Revision1-HIN-11-WI.pdf,20,2,0.826,Y,low_ocr_confidence,name='हेमंत जूरैल'(0.92) | relation_name='देवेंद्र सिंह'(0.83) | house_no='73'(1.00) | serial='512'(1.00) | epic='ZSY3227733'(1.00) | age='26'(1.00) | house_no='73'(1.00),1
513,ललित कुमार,father,धर्मवी सिंह,74,29,पुरुष,ZSY2393197,,,N,N,main,,2026-EROLLGEN-S24-86-SIR-FinalRoll-Revision1-HIN-11-WI.pdf,20,3,0.97,N,,name='ललित कुमार'(0.99) | relation_name='धर्मवी सिंह'(0.97) | house_no='74'(1.00) | serial='513'(1.00) | epic='ZSY2393197'(1.00) | age='29'(1.00) | house_no='74'(1.00),14
514,सुमन,husband,चंद्र मोहन,74,25,महिला,ZSY3545076,,,N,N,main,,2026-EROLLGEN-S24-86-SIR-FinalRoll-Revision1-HIN-11-WI.pdf,20,4,0.96,N,,name='सुमन'(0.96) | relation_name='चंद्र मोहन'(0.98) | house_no='74'(1.00) | serial='514'(1.00) | epic='ZSY3545076'(1.00) | age='25'(1.00) | house_no='74'(1.00),1
515,विजेन्ट्री,husband,री सिंह,75,72,महिला,CTV1491075,,,N,N,main,,2026-EROLLGEN-S24-86-SIR-FinalRoll-Revision1-HIN-11-WI.pdf,20,5,0.932,N,,name='विजेन्ट्री'(0.97) | relation_name='री सिंह'(0.93) | house_no='75'(1.00) | serial='515'(1.00) | epic='CTV1491075'(1.00) | age='72'(1.00) | house_no='75'(1.00),2
516,पुष्ादेवी,husband,पुनीतलाल,75,69,महिला,CTV1491000,,,N,N,main,,2026-EROLLGEN-S24-86-SIR-FinalRoll-Revision1-HIN-11-WI.pdf,20,6,0.921,N,,name='पुष्ादेवी'(0.92) | relation_name='पुनीतलाल'(0.93) | house_no='75'(0.99) | serial='516'(1.00) | epic='CTV1491000'(0.96) | age='69'(1.00) | house_no='75'(1.00),17
517,राजवीर सिंह,father,वसन्तलाल,75,66,पुरुष,ZSY0365122,,,N,N,main,,2026-EROLLGEN-S24-86-SIR-FinalRoll-Revision1-HIN-11-WI.pdf,20,7,0.954,N,,name='राजवीर सिंह'(0.95) | relation_name='वसन्तलाल'(1.00) | house_no='75'(1.00) | serial='517'(1.00) | epic='ZSY0365122'(0.96) | age='66'(1.00) | house_no='75'(1.00),1
518,श्यामवती,husband,राजवीर सिंह,75,63,महिला,CTV1831882,,,N,N,main,,2026-EROLLGEN-S24-86-SIR-FinalRoll-Revision1-HIN-11-WI.pdf,20,8,0.873,Y,low_ocr_confidence,name='श्यामवती'(1.00) | relation_name='राजवीर सिंह'(0.98) | house_no='75'(1.00) | serial='518'(1.00) | epic='CTV1831882'(0.98) | age='63'(0.87) | house_no='75'(1.00),1
519,राजन्र सिंह,father,वसन्तलाल,75,61,पुरुष,UP703550018068,,,N,N,main,,2026-EROLLGEN-S24-86-SIR-FinalRoll-Revision1-HIN-11-WI.pdf,20,9,0.919,Y,epic_format,name='राजन्र सिंह'(0.92) | relation_name='वसन्तलाल'(0.94) | house_no='75'(1.00) | serial='519|'(0.96) | epic='UP/70/355/0018068'(1.00) | age='61'(1.00) | house_no='75'(1.00),14
520,प्रेमवती,husband,राजेन्र सिंह,75,59,महिला,ZSY1115468,,,N,N,main,,2026-EROLLGEN-S24-86-SIR-FinalRoll-Revision1-HIN-11-WI.pdf,20,10,0.916,N,,name='प्रेमवती'(0.99) | relation_name='राजेन्र सिंह'(0.92) | house_no='75'(1.00) | serial='520'(1.00) | epic='ZSY1115468'(1.00) | age='59'(1.00) | house_no='75'(1.00),1
521,सविता,husband,श्री कृष्ण,75,56,महिला,CTV1831791,,,N,N,main,,2026-EROLLGEN-S24-86-SIR-FinalRoll-Revision1-HIN-11-WI.pdf,20,11,0.962,N,,name='सविता'(0.96) | relation_name='श्री कृष्ण'(1.00) | house_no='75'(0.76) | serial='521'(1.00) | epic='CTV1831791'(1.00) | age='56'(1.00) | house_no='75'(1.00),2
522,श्री क्रष्ण जूरेल,father,प्रताप सिंह,75,55,पुरुष,ZSY0717330,,,N,N,main,,2026-EROLLGEN-S24-86-SIR-FinalRoll-Revision1-HIN-11-WI.pdf,20,12,0.851,Y,low_ocr_confidence,name='श्री क्रष्ण जूरेल'(0.85) | relation_name='प्रताप सिंह'(0.88) | house_no='75'(1.00) | serial='522'(1.00) | epic='ZSY0717330'(1.00) | age='55'(1.00) | house_no='75'(1.00),17
523,उनम्मेद सिंह,husband,वसन्त लाल,75,56,पुरुष,CTV1831809,#,# (not in legend),N,N,main,,2026-EROLLGEN-S24-86-SIR-FinalRoll-Revision1-HIN-11-WI.pdf,20,13,0.889,Y,low_ocr_confidence,name='उनम्मेद सिंह'(0.98) | relation_name='वसन्त लाल'(0.89) | house_no='75'(1.00) | serial='523'(0.98) | epic='CTV1831809'(0.98) | age='56'(1.00) | house_no='75'(1.00),2
524,सरोज,husband,लायक,75,53,महिला,CTV2872125,,,N,N,main,,2026-EROLLGEN-S24-86-SIR-FinalRoll-Revision1-HIN-11-WI.pdf,20,14,0.908,N,,name='सरोज'(1.00) | relation_name='लायक'(0.91) | house_no='75'(1.00) | serial='524'(1.00) | epic='CTV2872125'(0.95) | age='53'(1.00) | house_no='75'(1.00),2
525,सत्यवीर,father,वसन्तलाल,75,53,पुरुष,UP703550018472,,,N,N,main,,2026-EROLLGEN-S24-86-SIR-FinalRoll-Revision1-HIN-11-WI.pdf,20,15,0.94,Y,epic_format,name='सत्यवीर'(0.94) | relation_name='वसन्तलाल'(0.96) | house_no='75'(1.00) | serial='525|'(0.94) | epic='UP/70/355/0018472'(0.99) | age='53'(1.00) | house_no='75'(1.00),15
526,हरन्र सिंह,father,पुनीत सिंह,75,52,पुरुष,CTV1831767,,,N,N,main,,2026-EROLLGEN-S24-86-SIR-FinalRoll-Revision1-HIN-11-WI.pdf,20,16,0.873,Y,low_ocr_confidence,name='हरन्र सिंह'(0.87) | relation_name='पुनीत सिंह'(0.99) | house_no='75'(1.00) | serial='526'(1.00) | epic='CTV1831767'(0.98) | age='52'(1.00) | house_no='75'(1.00),1
527,लक्ष्मी,husband,सत्यवीर,75,52,महिला,UP703550018070,,,N,N,main,,2026-EROLLGEN-S24-86-SIR-FinalRoll-Revision1-HIN-11-WI.pdf,20,17,0.959,Y,epic_format,name='लक्ष्मी'(0.97) | relation_name='सत्यवीर'(0.99) | house_no='75'(0.99) | serial='527|'(0.96) | epic='UP/70/355/0018070'(1.00) | age='52'(1.00) | house_no='75'(1.00),1
528,बलदेव कुमार,father,प्रताप सिंह,75,52,पुरुष,CTV1490515,,,N,N,main,,2026-EROLLGEN-S24-86-SIR-FinalRoll-Revision1-HIN-11-WI.pdf,20,18,0.928,N,,name='बलदेव कुमार'(0.98) | relation_name='प्रताप सिंह'(0.93) | house_no='75'(1.00) | serial='528'(1.00) | epic='CTV1490515'(1.00) | age='52'(1.00) | house_no='75'(1.00),15
529,हेमवती,husband,न्र सिंह,75,50,महिला,CTV1491026,,,N,N,main,,2026-EROLLGEN-S24-86-SIR-FinalRoll-Revision1-HIN-11-WI.pdf,20,19,0.904,N,,name='हेमवती'(0.99) | relation_name='न्र सिंह'(0.90) | house_no='75'(1.00) | serial='529'(1.00) | epic='CTV1491026'(1.00) | age='50'(1.00) | house_no='75'(1.00),1
530,संजीव कुमार,father,बीरी सिंह,75,49,पुरुष,ZSY0968636,,,N,N,main,,2026-EROLLGEN-S24-86-SIR-FinalRoll-Revision1-HIN-11-WI.pdf,20,20,0.956,N,,name='संजीव कुमार'(0.99) | relation_name='बीरी सिंह'(0.96) | house_no='75'(0.98) | serial='530'(1.00) | epic='ZSY0968636'(1.00) | age='49'(1.00) | house_no='75'(1.00),2
531,जितें्र कमारर जूरेल,father,वीरी सिं,75,47,पुरुष,CTV1860949,,,N,N,main,,2026-EROLLGEN-S24-86-SIR-FinalRoll-Revision1-HIN-11-WI.pdf,20,21,0.791,Y,low_ocr_confidence,name='जितें्र कमारर जूरेल'(0.79) | relation_name='वीरी सिं'(0.99) | house_no='75'(1.00) | serial='531'(1.00) | epic='CTV1860949'(1.00) | age='47'(1.00) | house_no='75'(1.00),16
532,धर्मवीर,father,बनवारी लाल,75,43,पुरुष,ZSY1837244,,,N,N,main,,2026-EROLLGEN-S24-86-SIR-FinalRoll-Revision1-HIN-11-WI.pdf,20,22,0.931,N,,name='धर्मवीर'(0.93) | relation_name='बनवारी लाल'(0.97) | house_no='75'(1.00) | serial='532'(1.00) | epic='ZSY1837244'(1.00) | age='43'(1.00) | house_no='75'(1.00),1
533,प्रेम प्रकाश,father,वनवारी लाल,94,41,पुरुष,CTV3300399,#,# (not in legend),N,N,main,,2026-EROLLGEN-S24-86-SIR-FinalRoll-Revision1-HIN-11-WI.pdf,20,23,0.866,Y,low_ocr_confidence,name='प्रेम प्रकाश'(0.95) | relation_name='वनवारी लाल'(1.00) | house_no='94'(0.99) | serial='533'(0.87) | epic='CTV3300399'(0.95) | age='41'(1.00) | house_no='94'(1.00),1
534,मता देवी,husband,विकास,04,36,महिला,ZSY1932045,,,N,N,main,,2026-EROLLGEN-S24-86-SIR-FinalRoll-Revision1-HIN-11-WI.pdf,20,24,0.914,N,,name='मता देवी'(0.93) | relation_name='विकास'(0.91) | house_no='७५'(0.85) | serial='534'(1.00) | epic='ZSY1932045'(1.00) | age='36'(1.00) | house_no='04'(0.95),15
535,मानवे्र जूरेल,father,उमेद सिंह,75,34,पुरुष,ZSY0717207,,,N,N,main,,2026-EROLLGEN-S24-86-SIR-FinalRoll-Revision1-HIN-11-WI.pdf,20,25,0.922,N,,name='मानवे्र जूरेल'(0.94) | relation_name='उमेद सिंह'(0.92) | house_no='75'(1.00) | serial='535'(1.00) | epic='ZSY0717207'(0.99) | age='34'(1.00) | house_no='75'(1.00),1
536,अनिल कुमार,father,राजन्र सिंह,75,34,पुरुष,ZSY1411776,,,N,N,main,,2026-EROLLGEN-S24-86-SIR-FinalRoll-Revision1-HIN-11-WI.pdf,20,26,0.85,Y,relation_type_uncertain|low_ocr_confidence,name='अनिल कुमार'(1.00) | relation_name='राजन्र सिंह'(0.85) | house_no='75'(1.00) | serial='536'(1.00) | epic='ZSY1411776'(1.00) | age='34'(1.00) | house_no='75'(1.00),2
537,ममता रावत,husband,सोनवीर सिंह,75,33,महिला,ZSY2851533,,,N,N,main,,2026-EROLLGEN-S24-86-SIR-FinalRoll-Revision1-HIN-11-WI.pdf,20,27,0.969,N,,name='ममता रावत'(0.97) | relation_name='सोनवीर सिंह'(0.99) | house_no='75'(1.00) | serial='537'(1.00) | epic='ZSY2851533'(0.97) | age='33'(1.00) | house_no='75'(1.00),16
538,प्रियंका,husband,यशवीर सिंह,75,32,महिला,ZSY2932655,,,N,N,main,,2026-EROLLGEN-S24-86-SIR-FinalRoll-Revision1-HIN-11-WI.pdf,20,28,0.981,N,,name='प्रियंका'(0.99) | relation_name='यशवीर सिंह'(0.98) | house_no='75'(1.00) | serial='538'(1.00) | epic='ZSY2932655'(1.00) | age='32'(1.00) | house_no='75'(1.00),1
539,अजय कुमार जुरैल,father,सत्यवीर सिं,75,32,पुरुष,ZSY1587104,,,N,N,main,,2026-EROLLGEN-S24-86-SIR-FinalRoll-Revision1-HIN-11-WI.pdf,20,29,0.839,Y,low_ocr_confidence,name='अजय कुमार जुरैल'(0.90) | relation_name='सत्यवीर सिं'(0.84) | house_no='75'(1.00) | serial='539'(1.00) | epic='ZSY1587104'(1.00) | age='32'(1.00) | house_no='75'(1.00),1
540,गुज्जन रावत,husband,अजय कुमार,75,31,महिला,ZSY2851525,,,N,N,main,,2026-EROLLGEN-S24-86-SIR-FinalRoll-Revision1-HIN-11-WI.pdf,20,30,0.95,N,,name='गुज्जन रावत'(0.99) | relation_name='अजय कुमार'(0.95) | house_no='75'(0.99) | serial='540'(1.00) | epic='ZSY2851525'(1.00) | age='31'(1.00) | house_no='75'(1.00),14
541,नीतू रावत,husband,मानरवें्र संह,75,29,महिला,ZSY2851558,,,N,N,main,,2026-EROLLGEN-S24-86-SIR-FinalRoll-Revision1-HIN-11-WI.pdf,21,1,0.833,Y,low_ocr_confidence,name='नीतू रावत'(1.00) | relation_name='मानरवें्र संह'(0.83) | house_no='75'(0.99) | serial='541'(1.00) | epic='ZSY2851558'(1.00) | age='29'(1.00) | house_no='75'(1.00),1
542,अंजना,husband,अनिल कुमार,75,27,महिला,ZSY2932648,,,N,N,main,,2026-EROLLGEN-S24-86-SIR-FinalRoll-Revision1-HIN-11-WI.pdf,21,2,0.975,N,,name='अंजना'(0.99) | relation_name='अनिल कुमार'(0.97) | house_no='75'(0.99) | serial='542'(1.00) | epic='ZSY2932648'(1.00) | age='27'(1.00) | house_no='75'(1.00),1
543,कमल जुरैल,father,हरं्र सिंह,75,26,पुरुष,ZSY3227360,,,N,N,main,,2026-EROLLGEN-S24-86-SIR-FinalRoll-Revision1-HIN-11-WI.pdf,21,3,0.911,N,,name='कमल जुरैल'(0.97) | relation_name='हरं्र सिंह'(0.91) | house_no='75'(1.00) | serial='543'(1.00) | epic='ZSY3227360'(0.99) | age='26'(1.00) | house_no='75'(1.00),14
544,अभिषेक जुरेल,father,संजीव कुमार,75,25,पुरुष,ZSY3227394,,,N,N,main,,2026-EROLLGEN-S24-86-SIR-FinalRoll-Revision1-HIN-11-WI.pdf,21,4,0.988,N,,name='अभिषेक जुरेल'(0.99) | relation_name='संजीव कुमार'(0.99) | house_no='75'(1.00) | serial='544'(1.00) | epic='ZSY3227394'(1.00) | age='25'(1.00) | house_no='75'(1.00),1
545,महिमा जूरेल,father,ाम: संजीव कुमार,75,24,महिला,ZSY3227402,,,N,N,main,,2026-EROLLGEN-S24-86-SIR-FinalRoll-Revision1-HIN-11-WI.pdf,21,5,0.908,N,,name='महिमा जूरेल'(0.97) | relation_name='ाम: संजीव कुमार'(0.91) | house_no='75v'(0.80) | serial='545'(1.00) | epic='ZSY3227402'(1.00) | age='24'(1.00) | house_no='75'(1.00),2
546,महक जूरेल,father,जीतेंद्र कुमर,75,20,महिला,ZSY3637261,,,N,N,main,,2026-EROLLGEN-S24-86-SIR-FinalRoll-Revision1-HIN-11-WI.pdf,21,6,0.891,Y,low_ocr_confidence,name='महक जूरेल'(0.97) | relation_name='जीतेंद्र कुमर'(0.89) | house_no='75'(0.98) | serial='546'(1.00) | epic='ZSY3637261'(0.96) | age='20'(1.00) | house_no='75'(1.00),17
547,नीलेश कुमारी,husband,दैवें्र सिंह,76,53,महिला,CTV1860865,,,N,N,main,,2026-EROLLGEN-S24-86-SIR-FinalRoll-Revision1-HIN-11-WI.pdf,21,7,0.725,Y,low_ocr_confidence,name='नीलेश कुमारी'(1.00) | relation_name='दैवें्र सिंह'(0.72) | house_no='76'(1.00) | serial='547'(1.00) | epic='CTV1860865'(1.00) | age='53'(1.00) | house_no='76'(1.00),1
548,श्रीमती,husband,उम्मेद,76,52,महिला,CTV1831858,,,N,N,main,,2026-EROLLGEN-S24-86-SIR-FinalRoll-Revision1-HIN-11-WI.pdf,21,8,0.965,N,,name='श्रीमती'(0.99) | relation_name='उम्मेद'(0.96) | house_no='76'(1.00) | serial='548'(1.00) | epic='CTV1831858'(0.97) | age='52'(1.00) | house_no='76'(1.00),1
549,नाहर सिंह,father,महाराज सिंह,77,50,पुरुष,ZSY0397000,,,N,N,main,,2026-EROLLGEN-S24-86-SIR-FinalRoll-Revision1-HIN-11-WI.pdf,21,9,0.943,N,,name='नाहर सिंह'(0.94) | relation_name='महाराज सिंह'(0.95) | house_no='77'(0.92) | serial='549'(1.00) | epic='ZSY0397000'(1.00) | age='50'(1.00) | house_no='77'(1.00),14
550,किरन देवी,husband,नाहर सिंह,77,48,महिला,ZSY0718072,,,N,N,main,,2026-EROLLGEN-S24-86-SIR-FinalRoll-Revision1-HIN-11-WI.pdf,21,10,0.991,N,,name='किरन देवी'(0.99) | relation_name='नाहर सिंह'(1.00) | house_no='77'(0.99) | serial='550'(1.00) | epic='ZSY0718072'(0.99) | age='48'(1.00) | house_no='77'(1.00),1
551,ओम प्रकाश,father,राम गोपाल,78,80,पुरुष,CTV1832070,,,N,N,main,,2026-EROLLGEN-S24-86-SIR-FinalRoll-Revision1-HIN-11-WI.pdf,21,11,0.96,N,,name='ओम प्रकाश'(0.99) | relation_name='राम गोपाल'(0.98) | house_no='78'(1.00) | serial='551'(1.00) | epic='CTV1832070'(0.96) | age='80'(1.00) | house_no='78'(1.00),2
552,प्रेम प्रकाश,father,राम गोपाल,78,72,पुरुष,ZSY1837269,,,N,N,main,,2026-EROLLGEN-S24-86-SIR-FinalRoll-Revision1-HIN-11-WI.pdf,21,12,0.872,Y,low_ocr_confidence,name='प्रेम प्रकाश'(0.94) | relation_name='राम गोपाल'(0.94) | house_no='78'(1.00) | serial='552'(0.87) | epic='ZSY1837269'(1.00) | age='72'(1.00) | house_no='78'(1.00),17
553,सुशीला देवी,husband,प्रेमप्रकाश,78,69,महिला,CTV2872612,,,N,N,main,,2026-EROLLGEN-S24-86-SIR-FinalRoll-Revision1-HIN-11-WI.pdf,21,13,0.93,N,,name='सुशीला देवी'(0.93) | relation_name='प्रेमप्रकाश'(0.93) | house_no='78'(1.00) | serial='553'(1.00) | epic='CTV2872612'(1.00) | age='69'(1.00) | house_no='78'(1.00),2
554,हरिओम,father,ओमप्रकाश,78,55,पुरुष,CTV2871622,,,N,N,main,,2026-EROLLGEN-S24-86-SIR-FinalRoll-Revision1-HIN-11-WI.pdf,21,14,0.947,N,,name='हरिओम'(1.00) | relation_name='ओमप्रकाश'(0.95) | house_no='78'(1.00) | serial='554'(1.00) | epic='CTV2871622'(0.98) | age='55'(1.00) | house_no='78'(1.00),2
55,राधा जुरेल,husband,हरिओम सिं जुरेल,78,52,महिला,CTV1860881,#,# (not in legend),N,N,main,,2026-EROLLGEN-S24-86-SIR-FinalRoll-Revision1-HIN-11-WI.pdf,21,15,0.684,Y,serial_out_of_sequence|low_ocr_confidence,name='राधा जुरेल'(0.91) | relation_name='हरिओम सिं जुरेल'(0.96) | house_no='78'(1.00) | serial='55E'(0.68) | epic='CTV1860881'(0.96) | age='52'(1.00) | house_no='78'(0.94),15
55,हरपाल सिंह,father,ओमप्रकाश,78,52,पुरुष,CTV2872307,,,N,N,main,,2026-EROLLGEN-S24-86-SIR-FinalRoll-Revision1-HIN-11-WI.pdf,21,16,0.961,Y,serial_out_of_sequence,name='हरपाल सिंह'(0.98) | relation_name='ओमप्रकाश'(0.96) | house_no='78'(1.00) | serial='55'(1.00) | epic='CTV2872307'(1.00) | age='52'(1.00) | house_no='78'(1.00),1
557,मुकेश,father,ओमप्रकाश,78,50,पुरुष,ZSY1837277,,,N,N,main,,2026-EROLLGEN-S24-86-SIR-FinalRoll-Revision1-HIN-11-WI.pdf,21,17,0.951,Y,serial_out_of_sequence,name='मुकेश'(1.00) | relation_name='ओमप्रकाश'(0.95) | house_no='78'(1.00) | serial='557'(1.00) | epic='ZSY1837277'(1.00) | age='50'(1.00) | house_no='78'(1.00),1
558,विवेक कुमार,father,ओमप्रकाश,78,49,पुरुष,CTV2872828,,,N,N,main,,2026-EROLLGEN-S24-86-SIR-FinalRoll-Revision1-HIN-11-WI.pdf,21,18,0.885,Y,low_ocr_confidence,name='विवेक कुमार'(0.96) | relation_name='ओमप्रकाश'(0.98) | house_no='78'(1.00) | serial='558'(0.88) | epic='CTV2872828'(1.00) | age='49'(1.00) | house_no='78'(1.00),15
559,लक्ष्मन सिंह,father,प्रेमप्रकाश,78,47,पुरुष,CTV1859636,,,N,N,main,,2026-EROLLGEN-S24-86-SIR-FinalRoll-Revision1-HIN-11-WI.pdf,21,19,0.891,Y,low_ocr_confidence,name='लक्ष्मन सिंह'(0.89) | relation_name='प्रेमप्रकाश'(0.93) | house_no='78'(1.00) | serial='559'(1.00) | epic='CTV1859636'(1.00) | age='47'(1.00) | house_no='78'(1.00),1
560,अनीता जुरेल,husband,मुकेश जुरेल,78,45,महिला,ZSY3228103,,,N,N,main,,2026-EROLLGEN-S24-86-SIR-FinalRoll-Revision1-HIN-11-WI.pdf,21,20,0.924,N,,name='अनीता जुरेल'(0.96) | relation_name='मुकेश जुरेल'(0.92) | house_no='78'(1.00) | serial='560'(1.00) | epic='ZSY3228103'(0.94) | age='45'(1.00) | house_no='78'(1.00),2
561,कुमकुम जुरेल.,husband,संजीव जुरेल,78,44,महिला,ZSY3227758,,,N,N,main,,2026-EROLLGEN-S24-86-SIR-FinalRoll-Revision1-HIN-11-WI.pdf,21,21,0.874,Y,low_ocr_confidence,name='कुमकुम जुरेल.'(0.98) | relation_name='संजीव जुरेल'(0.87) | house_no='78'(1.00) | serial='561'(1.00) | epic='ZSY3227758'(1.00) | age='44'(1.00) | house_no='78'(1.00),16
562,शशी,husband,विवेक कुमार,78,42,महिला,ZSY3679909,,,N,N,main,,2026-EROLLGEN-S24-86-SIR-FinalRoll-Revision1-HIN-11-WI.pdf,21,22,0.959,N,,name='शशी'(1.00) | relation_name='विवेक कुमार'(0.96) | house_no='78'(1.00) | serial='562'(1.00) | epic='ZSY3679909'(1.00) | age='42'(1.00) | house_no='78'(1.00),1
563,संजीव जुरेल,father,प्रेमप्रकाश,78,41,पुरुष,ZSY3227741,,,N,N,main,,2026-EROLLGEN-S24-86-SIR-FinalRoll-Revision1-HIN-11-WI.pdf,21,23,0.866,Y,low_ocr_confidence,name='संजीव जुरेल'(0.98) | relation_name='प्रेमप्रकाश'(0.87) | house_no='78'(1.00) | serial='563'(1.00) | epic='ZSY3227741'(1.00) | age='41'(1.00) | house_no='78'(1.00),1
564,अंजली जुरेल,husband,शुभम जुरेल,78,35,महिला,ZSY3338696,,,N,N,main,,2026-EROLLGEN-S24-86-SIR-FinalRoll-Revision1-HIN-11-WI.pdf,21,24,0.961,N,,name='अंजली जुरेल'(0.96) | relation_name='शुभम जुरेल'(0.97) | house_no='78'(1.00) | serial='564'(1.00) | epic='ZSY3338696'(1.00) | age='35'(1.00) | house_no='78'(1.00),15
565,शुभम जुरैल..,father,'हरिओम जुरैल,78,31,पुरुष,ZSY2189876,,,N,N,main,,2026-EROLLGEN-S24-86-SIR-FinalRoll-Revision1-HIN-11-WI.pdf,21,25,0.89,Y,low_ocr_confidence,"name='शुभम जुरैल..'(0.89) | relation_name=""'हरिओम जुरैल""(0.95) | house_no='78'(1.00) | serial='565'(1.00) | epic='ZSY2189876'(1.00) | age='31'(1.00) | house_no='78'(1.00)",1
566,कऋषभ जूरेल,father,हरीओम सिंह जरैल,1OC,30,पुरुष,ZSY2262566,,,N,N,main,,2026-EROLLGEN-S24-86-SIR-FinalRoll-Revision1-HIN-11-WI.pdf,21,26,0.533,Y,relation_type_uncertain|low_ocr_confidence,name='कऋषभ जूरेल'(0.96) | relation_name='हरीओम सिंह जरैल'(0.91) | house_no='\\'(0.11) | serial='566'(1.00) | epic='ZSY2262566'(1.00) | age='30'(1.00) | house_no='1OC'(0.53),2
567,करन जुरेल,father,मुकेश जुरेल,78,24,पुरुष,ZSY3228111,,,N,N,main,,2026-EROLLGEN-S24-86-SIR-FinalRoll-Revision1-HIN-11-WI.pdf,21,27,0.965,Y,relation_type_uncertain,name='करन जुरेल'(0.99) | relation_name='मुकेश जुरेल'(0.98) | house_no='78'(1.00) | serial='567'(1.00) | epic='ZSY3228111'(0.97) | age='24'(1.00) | house_no='78'(1.00),16
568,दिशा जुरेल,father,विवेक कुमार,78,23,महिला,ZSY3679883,,,N,N,main,,2026-EROLLGEN-S24-86-SIR-FinalRoll-Revision1-HIN-11-WI.pdf,21,28,0.953,N,,name='दिशा जुरेल'(0.95) | relation_name='विवेक कुमार'(1.00) | house_no='78'(0.99) | serial='568'(1.00) | epic='ZSY3679883'(1.00) | age='23'(1.00) | house_no='78'(1.00),1
569,अनंत जुरेल,father,'हरपाल सिं,78,22,पुरुष,ZSY3547908,,,N,N,main,,2026-EROLLGEN-S24-86-SIR-FinalRoll-Revision1-HIN-11-WI.pdf,21,29,0.947,N,,"name='अनंत जुरेल'(0.99) | relation_name=""'हरपाल सिं""(0.95) | house_no='78'(1.00) | serial='569'(1.00) | epic='ZSY3547908'(1.00) | age='22'(1.00) | house_no='78'(1.00)",1
570,अनुज जुरेल,father,विवेक कुमार,78,21,पुरुष,ZSY3603123,,,N,N,main,,2026-EROLLGEN-S24-86-SIR-FinalRoll-Revision1-HIN-11-WI.pdf,21,30,0.959,N,,name='अनुज जुरेल'(0.96) | relation_name='विवेक कुमार'(1.00) | house_no='78'(0.99) | serial='570'(1.00) | epic='ZSY3603123'(1.00) | age='21'(1.00) | house_no='78'(1.00),14
571,सेजल जूरैल,husband,ऋषभ जूरेल,"78""",20,महिला,ZSY3703634,,,N,N,main,,2026-EROLLGEN-S24-86-SIR-FinalRoll-Revision1-HIN-11-WI.pdf,22,1,0.949,N,,"name='सेजल जूरैल'(0.98) | relation_name='ऋषभ जूरेल'(0.95) | house_no='78""'(0.98) | serial='571'(1.00) | epic='ZSY3703634'(1.00) | age='20'(1.00) | house_no='78 ""'(0.93)",1
572,श्रेया जुरेल,father,मुकेश जुरेल,78,19,महिला,ZSY3957511,,,N,N,main,,2026-EROLLGEN-S24-86-SIR-FinalRoll-Revision1-HIN-11-WI.pdf,22,2,0.966,N,,name='श्रेया जुरेल'(0.97) | relation_name='मुकेश जुरेल'(1.00) | house_no='78'(0.99) | serial='572'(1.00) | epic='ZSY3957511'(1.00) | age='19'(1.00) | house_no='78'(1.00),1
573,महावीर सिंह,father,महेनद्र सिंह,79,55,पुरुष,ZSY0374413,,,N,N,main,,2026-EROLLGEN-S24-86-SIR-FinalRoll-Revision1-HIN-11-WI.pdf,22,3,0.86,Y,low_ocr_confidence,name='महावीर सिंह'(1.00) | relation_name='महेनद्र सिंह'(0.86) | house_no='79'(0.99) | serial='573'(1.00) | epic='ZSY0374413'(1.00) | age='55'(1.00) | house_no='79'(1.00),14
574,शारदा देवी,husband,महावीर सिंह,79,53,महिला,ZSY1932714,,,N,N,main,,2026-EROLLGEN-S24-86-SIR-FinalRoll-Revision1-HIN-11-WI.pdf,22,4,0.958,N,,name='शारदा देवी'(1.00) | relation_name='महावीर सिंह'(0.96) | house_no='79'(0.99) | serial='574'(1.00) | epic='ZSY1932714'(1.00) | age='53'(1.00) | house_no='79'(1.00),1
575,सावित्रीदेवी,father,दियवीर सिंह,79,51,पुरुष,CTV2656601,,,N,N,main,,2026-EROLLGEN-S24-86-SIR-FinalRoll-Revision1-HIN-11-WI.pdf,22,5,0.8,Y,serial_corrected|low_ocr_confidence,name='सावित्रीदेवी'(0.97) | relation_name='दियवीर सिंह'(0.95) | house_no='79'(1.00) | serial='57E'(0.80) | epic='CTV2656601'(1.00) | age='51'(1.00) | house_no='79'(1.00),2
576,मुकेश कुमार.,father,महावीर सिंह,79,36,पुरुष,ZSY1933019,,,N,N,main,,2026-EROLLGEN-S24-86-SIR-FinalRoll-Revision1-HIN-11-WI.pdf,22,6,0.931,N,,name='मुकेश कुमार.'(0.93) | relation_name='महावीर सिंह'(0.97) | house_no='79'(0.99) | serial='576'(1.00) | epic='ZSY1933019'(0.98) | age='36'(1.00) | house_no='79'(1.00),17
577,विष्णू कुमार,father,उदयवीर सिंह,79,32,पुरुष,ZSY1411792,,,N,N,main,,2026-EROLLGEN-S24-86-SIR-FinalRoll-Revision1-HIN-11-WI.pdf,22,7,0.939,N,,name='विष्णू कुमार'(0.94) | relation_name='उदयवीर सिंह'(0.96) | house_no='79'(1.00) | serial='577'(1.00) | epic='ZSY1411792'(1.00) | age='32'(1.00) | house_no='79'(1.00),1
578,सोनवीर सिंह,father,महावीर,79,32,पुरुष,ZSY1932961,,,N,N,main,,2026-EROLLGEN-S24-86-SIR-FinalRoll-Revision1-HIN-11-WI.pdf,22,8,0.901,N,,name='सोनवीर सिंह'(0.99) | relation_name='महावीर'(0.90) | house_no='79'(0.99) | serial='578'(1.00) | epic='ZSY1932961'(1.00) | age='32'(1.00) | house_no='79'(1.00),1
579,लोकेश कुमार,father,उदयवीर सिंह,79,30,पुरुष,ZSY1932979,,,N,N,main,,2026-EROLLGEN-S24-86-SIR-FinalRoll-Revision1-HIN-11-WI.pdf,22,9,0.713,Y,low_ocr_confidence,name='लोकेश कुमार'(0.99) | relation_name='उदयवीर सिंह'(0.94) | house_no='७९'(0.71) | serial='579'(1.00) | epic='ZSY1932979'(1.00) | age='30'(1.00) | house_no='0'(0.71),14
580,गीता देवी,husband,मुकेश कुमार,79,30,महिला,ZSY1932656,,,N,N,main,,2026-EROLLGEN-S24-86-SIR-FinalRoll-Revision1-HIN-11-WI.pdf,22,10,0.931,N,,name='गीता देवी'(0.93) | relation_name='मुकेश कुमार'(1.00) | house_no='79'(0.81) | serial='580'(1.00) | epic='ZSY1932656'(1.00) | age='30'(1.00) | house_no='79'(0.96),1
581,निरंजन सिंह,father,भागीरथ सिंह,80,75,पुरुष,ZSY1115393,,,N,N,main,,2026-EROLLGEN-S24-86-SIR-FinalRoll-Revision1-HIN-11-WI.pdf,22,11,0.93,N,,name='निरंजन सिंह'(0.96) | relation_name='भागीरथ सिंह'(0.93) | house_no='80'(1.00) | serial='581'(1.00) | epic='ZSY1115393'(1.00) | age='75'(1.00) | house_no='80'(1.00),2
582,लाखन सिंह,father,रतन सिंह,81,63,पुरुष,ZSY0717603,,,N,N,main,,2026-EROLLGEN-S24-86-SIR-FinalRoll-Revision1-HIN-11-WI.pdf,22,12,0.936,N,,name='लाखन सिंह'(0.98) | relation_name='रतन सिंह'(0.94) | house_no='81'(1.00) | serial='582'(1.00) | epic='ZSY0717603'(1.00) | age='63'(1.00) | house_no='81'(1.00),17
583,कमलेश,husband,लाखन सिंह,81,60,महिला,ZSY0718080,,,N,N,main,,2026-EROLLGEN-S24-86-SIR-FinalRoll-Revision1-HIN-11-WI.pdf,22,13,0.969,N,,name='कमलेश'(1.00) | relation_name='लाखन सिंह'(0.97) | house_no='81'(0.99) | serial='583'(1.00) | epic='ZSY0718080'(1.00) | age='60'(1.00) | house_no='81'(1.00),2
584,राजवीर,father,रतन सिंह,81,55,पुरुष,ZSY0717587,,,N,N,main,,2026-EROLLGEN-S24-86-SIR-FinalRoll-Revision1-HIN-11-WI.pdf,22,14,0.954,N,,name='राजवीर'(0.95) | relation_name='रतन सिंह'(0.96) | house_no='81'(0.99) | serial='584'(1.00) | epic='ZSY0717587'(0.99) | age='55'(1.00) | house_no='81'(1.00),2
585,गुडी,husband,राजवीर,81,53,महिला,ZSY0718015,,,N,N,main,,2026-EROLLGEN-S24-86-SIR-FinalRoll-Revision1-HIN-11-WI.pdf,22,15,0.925,N,,name='गुडी'(0.99) | relation_name='राजवीर'(0.92) | house_no='81'(1.00) | serial='585'(1.00) | epic='ZSY0718015'(1.00) | age='53'(1.00) | house_no='81'(1.00),15
586,प्रवेनद्र,father,लाखन सिंह,81,30,पुरुष,ZSY1932813,,,N,N,main,,2026-EROLLGEN-S24-86-SIR-FinalRoll-Revision1-HIN-11-WI.pdf,22,16,0.729,Y,low_ocr_confidence,name='प्रवेनद्र'(0.84) | relation_name='लाखन सिंह'(1.00) | house_no='८१'(0.73) | serial='586'(1.00) | epic='ZSY1932813'(1.00) | age='30'(1.00) | house_no='∠3'(0.41),1
587,विकाश,father,राजवीर सिंह,81,27,पुरुष,ZSY3228152,,,N,N,main,,2026-EROLLGEN-S24-86-SIR-FinalRoll-Revision1-HIN-11-WI.pdf,22,17,0.919,N,,name='विकाश'(0.92) | relation_name='राजवीर सिंह'(0.98) | house_no='81'(0.99) | serial='587'(1.00) | epic='ZSY3228152'(1.00) | age='27'(1.00) | house_no='81'(1.00),1
588,विवेक जूरेल,father,लाखन सिंह,81,25,पुरुष,ZSY3228145,,,N,N,main,,2026-EROLLGEN-S24-86-SIR-FinalRoll-Revision1-HIN-11-WI.pdf,22,18,0.921,N,,name='विवेक जूरेल'(0.96) | relation_name='लाखन सिंह'(0.96) | house_no='81'(1.00) | serial='588'(1.00) | epic='ZSY3228145'(0.92) | age='25'(1.00) | house_no='81'(1.00),15
589,पंकज जुरेल,father,राजवीर सिंह,81,23,पुरुष,ZSY3365103,,,N,N,main,,2026-EROLLGEN-S24-86-SIR-FinalRoll-Revision1-HIN-11-WI.pdf,22,19,0.934,N,,name='पंकज जुरेल'(0.93) | relation_name='राजवीर सिंह'(0.95) | house_no='81'(0.99) | serial='589'(1.00) | epic='ZSY3365103'(1.00) | age='23'(1.00) | house_no='81'(1.00),1
590,प्राग देवी,husband,पूरन सिंह,82,82,महिला,ZSY1411842,,,N,N,main,,2026-EROLLGEN-S24-86-SIR-FinalRoll-Revision1-HIN-11-WI.pdf,22,20,0.934,N,,name='प्राग देवी'(0.98) | relation_name='पूरन सिंह'(0.93) | house_no='82'(0.99) | serial='590'(1.00) | epic='ZSY1411842'(0.98) | age='82'(1.00) | house_no='82'(0.72),2
591,हुक्म सिंह,father,पूरन सिंह,82,44,पुरुष,ZSY1411834,,,N,N,main,,2026-EROLLGEN-S24-86-SIR-FinalRoll-Revision1-HIN-11-WI.pdf,22,21,0.964,N,,name='हुक्म सिंह'(0.97) | relation_name='पूरन सिंह'(0.96) | house_no='$82'(0.64) | serial='591'(1.00) | epic='ZSY1411834'(1.00) | age='44'(1.00) | house_no='82'(1.00),16
592,संगीता,husband,हुक्म सिंह,82,44,पुरुष,ZSY1587096,#,# (not in legend),N,N,main,,2026-EROLLGEN-S24-86-SIR-FinalRoll-Revision1-HIN-11-WI.pdf,22,22,0.906,N,,name='संगीता'(0.91) | relation_name='हुक्म सिंह'(0.98) | house_no='82'(0.98) | serial='592'(1.00) | epic='ZSY1587096'(1.00) | age='44'(1.00) | house_no='82'(0.77),1
593,सचिन,father,हुकम सिंह,82,21,पुरुष,ZSY3757044,,,N,N,main,,2026-EROLLGEN-S24-86-SIR-FinalRoll-Revision1-HIN-11-WI.pdf,22,23,0.945,N,,name='सचिन'(1.00) | relation_name='हुकम सिंह'(0.97) | house_no='82'(0.94) | serial='593'(1.00) | epic='ZSY3757044'(1.00) | age='21'(1.00) | house_no='82'(0.95),1
594,हरिपाल,father,अचल सिंह,83,55,पुरुष,ZSY0365080,,,N,N,main,,2026-EROLLGEN-S24-86-SIR-FinalRoll-Revision1-HIN-11-WI.pdf,22,24,0.994,N,,name='हरिपाल'(1.00) | relation_name='अचल सिंह'(0.99) | house_no='83'(0.99) | serial='594'(1.00) | epic='ZSY0365080'(1.00) | age='55'(1.00) | house_no='83'(1.00),15
595,केशमती,husband,हरिपाल सिंह,83,54,महिला,ZSY1587112,,,N,N,main,,2026-EROLLGEN-S24-86-SIR-FinalRoll-Revision1-HIN-11-WI.pdf,22,25,0.966,N,,name='केशमती'(0.97) | relation_name='हरिपाल सिंह'(0.97) | house_no='83'(0.99) | serial='595'(1.00) | epic='ZSY1587112'(0.98) | age='54'(1.00) | house_no='83'(1.00),1
596,नैपाल सिंह,father,अंचल सिंह,83,49,पुरुष,CTV1490366,,,N,N,main,,2026-EROLLGEN-S24-86-SIR-FinalRoll-Revision1-HIN-11-WI.pdf,22,26,0.918,Y,relation_type_uncertain,name='नैपाल सिंह'(0.96) | relation_name='अंचल सिंह'(0.92) | house_no='83'(0.99) | serial='596'(1.00) | epic='CTV1490366'(1.00) | age='49'(1.00) | house_no='83'(1.00),2
597,बीरपाल,father,अचल सिंह,83,42,पुरुष,CTV2872042,,,N,N,main,,2026-EROLLGEN-S24-86-SIR-FinalRoll-Revision1-HIN-11-WI.pdf,22,27,0.914,Y,relation_type_uncertain,name='बीरपाल'(0.91) | relation_name='अचल सिंह'(0.99) | house_no='83'(0.99) | serial='597'(1.00) | epic='CTV2872042'(1.00) | age='42'(1.00) | house_no='83'(1.00),16
598,तेजवीर सिंह,father,छन्तर सिंह,83,41,पुरुष,CTV2056828,,,N,N,main,,2026-EROLLGEN-S24-86-SIR-FinalRoll-Revision1-HIN-11-WI.pdf,22,28,0.891,Y,low_ocr_confidence,name='तेजवीर सिंह'(0.96) | relation_name='छन्तर सिंह'(0.89) | house_no='83'(1.00) | serial='598'(1.00) | epic='CTV2056828'(1.00) | age='41'(1.00) | house_no='83'(1.00),1
599,अब्नू,father,अचल सिंह,83,41,पुरुष,CTV4330724,,,N,N,main,,2026-EROLLGEN-S24-86-SIR-FinalRoll-Revision1-HIN-11-WI.pdf,22,29,0.752,Y,low_ocr_confidence,name='अब्नू'(0.75) | relation_name='अचल सिंह'(0.98) | house_no='83'(0.99) | serial='599'(1.00) | epic='CTV4330724'(1.00) | age='41'(1.00) | house_no='83'(1.00),1
600,ममता देवी,husband,अच्र जूरेल,"83""",40,महिला,ZSY1411818,,,N,N,main,,2026-EROLLGEN-S24-86-SIR-FinalRoll-Revision1-HIN-11-WI.pdf,22,30,0.781,Y,low_ocr_confidence,"name='ममता देवी'(0.91) | relation_name='अच्र जूरेल'(0.78) | house_no='83""'(0.92) | serial='600'(1.00) | epic='ZSY1411818'(1.00) | age='40'(1.00) | house_no='83 ""'(0.77)",14
601,पिकी,husband,नेपाल सिंह,83,35,महिला,ZSY3228178,,,N,N,main,,2026-EROLLGEN-S24-86-SIR-FinalRoll-Revision1-HIN-11-WI.pdf,23,1,0.915,N,,name='पिकी'(0.92) | relation_name='नेपाल सिंह'(0.96) | house_no='83'(0.99) | serial='601'(1.00) | epic='ZSY3228178'(1.00) | age='35'(1.00) | house_no='83'(1.00),1
602,सत्यपाला सिंह,father,हरिपाल सिंह,83,32,पुरुष,ZSY1587120,,,N,N,main,,2026-EROLLGEN-S24-86-SIR-FinalRoll-Revision1-HIN-11-WI.pdf,23,2,0.967,N,,name='सत्यपाला सिंह'(0.98) | relation_name='हरिपाल सिंह'(0.97) | house_no='83'(0.97) | serial='602'(1.00) | epic='ZSY1587120'(1.00) | age='32'(1.00) | house_no='83'(1.00),1
603,सुमन देवी,husband,बन्टर कुमार,$,31,महिला,ZSY1932276,,,N,N,main,,2026-EROLLGEN-S24-86-SIR-FinalRoll-Revision1-HIN-11-WI.pdf,23,3,0.486,Y,low_ocr_confidence,name='सुमन देवी'(0.97) | relation_name='बन्टर कुमार'(0.94) | house_no='$'(0.49) | serial='603'(1.00) | epic='ZSY1932276'(1.00) | age='31'(1.00) | house_no='c3'(0.53),14
604,बन्टू कुमार,father,शिवराम सिंह,83,31,पुरुष,ZSY1933068,,,N,N,main,,2026-EROLLGEN-S24-86-SIR-FinalRoll-Revision1-HIN-11-WI.pdf,23,4,0.777,Y,low_ocr_confidence,name='बन्टू कुमार'(0.95) | relation_name='शिवराम सिंह'(0.99) | house_no='८३'(0.78) | serial='604'(1.00) | epic='ZSY1933068'(1.00) | age='31'(1.00) | house_no='3'(0.79),1
605,खुशबू,father,हरपाल सिंह,83,28,महिला,ZSY3228160,,,N,N,main,,2026-EROLLGEN-S24-86-SIR-FinalRoll-Revision1-HIN-11-WI.pdf,23,5,0.957,N,,name='खुशबू'(0.99) | relation_name='हरपाल सिंह'(0.97) | house_no='83'(1.00) | serial='605'(1.00) | epic='ZSY3228160'(0.96) | age='28'(1.00) | house_no='83'(1.00),2
606,अश्वस्थामा,father,शंकर लाल,84,82,पुरुष,ZSY1597277,,,N,N,main,,2026-EROLLGEN-S24-86-SIR-FinalRoll-Revision1-HIN-11-WI.pdf,23,6,0.988,N,,name='अश्वस्थामा'(1.00) | relation_name='शंकर लाल'(0.99) | house_no='84'(0.99) | serial='606'(0.99) | epic='ZSY1597277'(1.00) | age='82'(1.00) | house_no='84'(1.00),17
607,मुन्नी देवी,husband,अश्वस्थामा,84,74,महिला,ZSY1412162,,,N,N,main,,2026-EROLLGEN-S24-86-SIR-FinalRoll-Revision1-HIN-11-WI.pdf,23,7,0.96,N,,name='मुन्नी देवी'(0.98) | relation_name='अश्वस्थामा'(0.96) | house_no='84'(0.99) | serial='607'(1.00) | epic='ZSY1412162'(1.00) | age='74'(1.00) | house_no='84'(1.00),1
608,धन्श कुमार,father,अश्त्थामा,84,55,पुरुष,CTV1858729,#,# (not in legend),N,N,main,,2026-EROLLGEN-S24-86-SIR-FinalRoll-Revision1-HIN-11-WI.pdf,23,8,0.922,Y,serial_corrected,name='धन्श कुमार'(0.97) | relation_name='अश्त्थामा'(0.98) | house_no='84'(0.99) | serial='60ε'(0.92) | epic='CTV1858729'(0.97) | age='55'(0.93) | house_no='84'(1.00),1
609,कु राधा कुमारी,husband,धन्श कुमार,84,39,महिला,ZSY1412147,#,# (not in legend),N,N,main,,2026-EROLLGEN-S24-86-SIR-FinalRoll-Revision1-HIN-11-WI.pdf,23,9,0.882,Y,low_ocr_confidence,name='कु राधा कुमारी'(0.97) | relation_name='धन्श कुमार'(0.88) | house_no='84'(0.98) | serial='609'(0.99) | epic='ZSY1412147'(1.00) | age='39'(1.00) | house_no='84'(1.00),14
610,पवन कुमार,father,अश्वस्थामा,84,43,पुरुष,CTV1859032,,,N,N,main,,2026-EROLLGEN-S24-86-SIR-FinalRoll-Revision1-HIN-11-WI.pdf,23,10,0.948,N,,name='पवन कुमार'(0.95) | relation_name='अश्वस्थामा'(0.97) | house_no='84'(0.99) | serial='610'(0.99) | epic='CTV1859032'(1.00) | age='43'(1.00) | house_no='84'(1.00),1
611,प्रीती,husband,देदवें् ुमार,84,32,महिला,ZSY3228251,,,N,N,main,,2026-EROLLGEN-S24-86-SIR-FinalRoll-Revision1-HIN-11-WI.pdf,23,11,0.789,Y,low_ocr_confidence,name='प्रीती'(0.98) | relation_name='देदवें् ुमार'(0.79) | house_no='84°'(0.89) | serial='611'(1.00) | epic='ZSY3228251'(0.99) | age='32'(1.00) | house_no='84'(1.00),2
612,सत्यवीर सिंह,father,राम दिया,87,59,पुरुष,ZSY1261569,,,N,N,main,,2026-EROLLGEN-S24-86-SIR-FinalRoll-Revision1-HIN-11-WI.pdf,23,12,0.962,N,,name='सत्यवीर सिंह'(0.96) | relation_name='राम दिया'(0.96) | house_no='87'(1.00) | serial='612'(1.00) | epic='ZSY1261569'(1.00) | age='59'(1.00) | house_no='87'(1.00),17
613,रुखसाना,husband,फकीरा,87,48,महिला,CTV2872240,,,N,N,main,,2026-EROLLGEN-S24-86-SIR-FinalRoll-Revision1-HIN-11-WI.pdf,23,13,0.905,N,,name='रुखसाना'(0.99) | relation_name='फकीरा'(0.90) | house_no='87'(1.00) | serial='613'(1.00) | epic='CTV2872240'(0.97) | age='48'(1.00) | house_no='87'(1.00),2
614,नगीना,husband,नसीरा,87,46,महिला,ZSY0717926,,,N,N,main,,2026-EROLLGEN-S24-86-SIR-FinalRoll-Revision1-HIN-11-WI.pdf,23,14,0.996,N,,name='नगीना'(1.00) | relation_name='नसीरा'(1.00) | house_no='87'(1.00) | serial='614'(1.00) | epic='ZSY0717926'(1.00) | age='46'(1.00) | house_no='87'(1.00),2
615,तारा,father,रामदिया,87,45,पुरुष,CTV1858877,,,N,N,main,,2026-EROLLGEN-S24-86-SIR-FinalRoll-Revision1-HIN-11-WI.pdf,23,15,0.973,N,,name='तारा'(1.00) | relation_name='रामदिया'(0.97) | house_no='87'(0.99) | serial='615'(1.00) | epic='CTV1858877'(0.98) | age='45'(1.00) | house_no='87'(1.00),15
616,रफीक,father,फकीर,87,32,पुरुष,ZSY1932029,,,N,N,main,,2026-EROLLGEN-S24-86-SIR-FinalRoll-Revision1-HIN-11-WI.pdf,23,16,0.928,N,,name='रफीक'(1.00) | relation_name='फकीर'(0.95) | house_no='८७'(0.93) | serial='616'(1.00) | epic='ZSY1932029'(1.00) | age='32'(1.00) | house_no='C0'(0.44),1
617,रबी कुमार,father,ओम प्रकाश,87,31,पुरुष,ZSY1932920,,,N,N,main,,2026-EROLLGEN-S24-86-SIR-FinalRoll-Revision1-HIN-11-WI.pdf,23,17,0.871,Y,low_ocr_confidence,name='रबी कुमार'(0.96) | relation_name='ओम प्रकाश'(0.97) | house_no='८७'(0.87) | serial='617'(1.00) | epic='ZSY1932920'(1.00) | age='31'(1.00) | house_no='C0'(0.44),1
618,राहुल,father,ओम प्रकाश,87,30,पुरुष,ZSY1932953,,,N,N,main,,2026-EROLLGEN-S24-86-SIR-FinalRoll-Revision1-HIN-11-WI.pdf,23,18,0.911,N,,name='राहुल'(1.00) | relation_name='ओम प्रकाश'(0.99) | house_no='८७'(0.91) | serial='618'(1.00) | epic='ZSY1932953'(1.00) | age='30'(1.00) | house_no='C0'(0.41),15
619,गुडिया देवी,husband,रफीक,87,30,महिला,ZSY2262434,,,N,N,main,,2026-EROLLGEN-S24-86-SIR-FinalRoll-Revision1-HIN-11-WI.pdf,23,19,0.935,N,,name='गुडिया देवी'(0.98) | relation_name='रफीक'(0.93) | house_no='८७'(0.96) | serial='619'(1.00) | epic='ZSY2262434'(1.00) | age='30'(1.00) | house_no='C0'(0.58),1
620,मोहिनी,husband,रबी कुमार,87,28,महिला,ZSY3667722,,,N,N,main,,2026-EROLLGEN-S24-86-SIR-FinalRoll-Revision1-HIN-11-WI.pdf,23,20,0.94,N,,name='मोहिनी'(0.94) | relation_name='रबी कुमार'(0.95) | house_no='87'(1.00) | serial='620'(1.00) | epic='ZSY3667722'(1.00) | age='28'(1.00) | house_no='87'(0.97),2
621,विनोद,father,दीतरिया,89,55,पुरुष,ZSY0390658,,,N,N,main,,2026-EROLLGEN-S24-86-SIR-FinalRoll-Revision1-HIN-11-WI.pdf,23,21,0.965,N,,name='विनोद'(1.00) | relation_name='दीतरिया'(0.96) | house_no='89'(1.00) | serial='621'(1.00) | epic='ZSY0390658'(1.00) | age='55'(1.00) | house_no='89'(1.00),16
622,रजनी देवी,husband,विनोद कुमार,89,45,महिला,ZSY2611218,,,N,N,main,,2026-EROLLGEN-S24-86-SIR-FinalRoll-Revision1-HIN-11-WI.pdf,23,22,0.956,N,,name='रजनी देवी'(0.99) | relation_name='विनोद कुमार'(0.99) | house_no='89'(0.99) | serial='622'(1.00) | epic='ZSY2611218'(0.96) | age='45'(1.00) | house_no='89'(1.00),1
623,उमिला देवी,husband,भगवान दास,91,73,महिला,CTV2872703,,,N,N,main,,2026-EROLLGEN-S24-86-SIR-FinalRoll-Revision1-HIN-11-WI.pdf,23,23,0.91,N,,name='उमिला देवी'(0.93) | relation_name='भगवान दास'(0.91) | house_no='91'(0.94) | serial='623'(1.00) | epic='CTV2872703'(1.00) | age='73'(1.00) | house_no='91'(1.00),1
624,विन्ट्ू,father,भगवान दास,91,48,पुरुष,ZSY0397018,,,N,N,main,,2026-EROLLGEN-S24-86-SIR-FinalRoll-Revision1-HIN-11-WI.pdf,23,24,0.918,N,,name='विन्ट्ू'(0.92) | relation_name='भगवान दास'(0.97) | house_no='91'(0.99) | serial='624'(1.00) | epic='ZSY0397018'(0.99) | age='48'(1.00) | house_no='91'(1.00),15
625,प्रभू,father,रामस्वरूप,91,46,पुरुष,ZSY0397026,,,N,N,main,,2026-EROLLGEN-S24-86-SIR-FinalRoll-Revision1-HIN-11-WI.pdf,23,25,0.971,N,,name='प्रभू'(0.99) | relation_name='रामस्वरूप'(0.97) | house_no='91'(0.99) | serial='625'(0.98) | epic='ZSY0397026'(1.00) | age='46'(1.00) | house_no='91'(1.00),1
626,सीमा देवी,husband,प्रभू,91,35,महिला,ZSY1115484,,,N,N,main,,2026-EROLLGEN-S24-86-SIR-FinalRoll-Revision1-HIN-11-WI.pdf,23,26,0.872,Y,low_ocr_confidence,name='सीमा देवी'(0.92) | relation_name='प्रभू'(0.98) | house_no='91'(0.87) | serial='626'(1.00) | epic='ZSY1115484'(1.00) | age='35'(1.00) | house_no='91'(0.78),2
627,नीरज कुमार,father,भगवान दास,91,35,पुरुष,ZSY3571130,,,N,N,main,,2026-EROLLGEN-S24-86-SIR-FinalRoll-Revision1-HIN-11-WI.pdf,23,27,0.949,Y,relation_type_uncertain,name='नीरज कुमार'(0.95) | relation_name='भगवान दास'(0.97) | house_no='91'(1.00) | serial='627'(1.00) | epic='ZSY3571130'(1.00) | age='35'(1.00) | house_no='91'(1.00),16
628,रिंक्ू बाबू,father,भगवान दास,91,31,पुरुष,ZSY1932904,,,N,N,main,,2026-EROLLGEN-S24-86-SIR-FinalRoll-Revision1-HIN-11-WI.pdf,23,28,0.837,Y,low_ocr_confidence,name='रिंक्ू बाबू'(0.92) | relation_name='भगवान दास'(1.00) | house_no='९१'(0.84) | serial='628'(1.00) | epic='ZSY1932904'(1.00) | age='31'(1.00) | house_no=''(0.00),1
629,सपना,husband,रिकू,91,30,महिला,ZSY3586013,,,N,N,main,,2026-EROLLGEN-S24-86-SIR-FinalRoll-Revision1-HIN-11-WI.pdf,23,29,0.783,Y,low_ocr_confidence,name='सपना'(1.00) | relation_name='रिकू'(0.78) | house_no='91'(0.70) | serial='629'(1.00) | epic='ZSY3586013'(1.00) | age='30'(1.00) | house_no='91'(0.97),1
630,निशा देवी,husband,नीरज कुमार,91,28,महिला,ZSY3578234,,,N,N,main,,2026-EROLLGEN-S24-86-SIR-FinalRoll-Revision1-HIN-11-WI.pdf,23,30,0.945,N,,name='निशा देवी'(0.94) | relation_name='नीरज कुमार'(0.99) | house_no='91'(0.99) | serial='630'(1.00) | epic='ZSY3578234'(1.00) | age='28'(1.00) | house_no='91'(1.00),14
631,रामदत्त,father,महाराज सिंह,92,57,पुरुष,UP703550018071,,,N,N,main,,2026-EROLLGEN-S24-86-SIR-FinalRoll-Revision1-HIN-11-WI.pdf,24,1,0.976,Y,epic_format,name='रामदत्त'(0.98) | relation_name='महाराज सिंह'(0.99) | house_no='92'(0.98) | serial='631|'(0.98) | epic='UP/70/355/0018071'(1.00) | age='57'(1.00) | house_no='92'(1.00),1
632,विमला,husband,रामदत्त,92,56,महिला,ZSY0717553,,,N,N,main,,2026-EROLLGEN-S24-86-SIR-FinalRoll-Revision1-HIN-11-WI.pdf,24,2,0.965,N,,name='विमला'(0.99) | relation_name='रामदत्त'(0.97) | house_no='92'(0.99) | serial='632'(1.00) | epic='ZSY0717553'(1.00) | age='56'(1.00) | house_no='92'(1.00),1
633,पुष्पादेवी,husband,शिवद्त,92,53,महिला,ZSY0717546,,,N,N,main,,2026-EROLLGEN-S24-86-SIR-FinalRoll-Revision1-HIN-11-WI.pdf,24,3,0.915,N,,name='पुष्पादेवी'(0.91) | relation_name='शिवद्त'(0.99) | house_no='92'(0.99) | serial='633'(1.00) | epic='ZSY0717546'(0.99) | age='53'(1.00) | house_no='92'(1.00),14
634,वीरन्द्र,father,म: महाराज सिंह,92,52,पुरुष,ZSY0717538,,,N,N,main,,2026-EROLLGEN-S24-86-SIR-FinalRoll-Revision1-HIN-11-WI.pdf,24,4,0.89,Y,low_ocr_confidence,name='वीरन्द्र'(0.89) | relation_name='म: महाराज सिंह'(0.99) | house_no='92'(0.96) | serial='634'(1.00) | epic='ZSY0717538'(1.00) | age='52'(1.00) | house_no='92'(0.80),1
635,मछलादेवी,husband,विरं्र सिंह,92,49,महिला,ZSY0717520,,,N,N,main,,2026-EROLLGEN-S24-86-SIR-FinalRoll-Revision1-HIN-11-WI.pdf,24,5,0.88,Y,low_ocr_confidence,name='मछलादेवी'(1.00) | relation_name='विरं्र सिंह'(0.88) | house_no='92'(0.99) | serial='635'(0.98) | epic='ZSY0717520'(0.99) | age='49'(1.00) | house_no='92'(1.00),2
636,कन्हैयालाल,father,वीरिन्र सिंह,92,36,पुरुष,ZSY1411784,,,N,N,main,,2026-EROLLGEN-S24-86-SIR-FinalRoll-Revision1-HIN-11-WI.pdf,24,6,0.889,Y,low_ocr_confidence,name='कन्हैयालाल'(1.00) | relation_name='वीरिन्र सिंह'(0.90) | house_no='92'(0.99) | serial='636'(0.89) | epic='ZSY1411784'(0.95) | age='36'(1.00) | house_no='92'(1.00),17
637,देन्द्र कुमार,father,वीरन्र सिंह,92,31,पुरुष,ZSY1933092,,,N,N,main,,2026-EROLLGEN-S24-86-SIR-FinalRoll-Revision1-HIN-11-WI.pdf,24,7,0.878,Y,low_ocr_confidence,name='देन्द्र कुमार'(0.91) | relation_name='वीरन्र सिंह'(0.88) | house_no='९२'(0.99) | serial='637'(1.00) | epic='ZSY1933092'(1.00) | age='31'(1.00) | house_no='B2'(0.33),1
638,अंजना देवी,husband,क्हैया लाल,92,29,महिला,ZSY3737301,,,N,N,main,,2026-EROLLGEN-S24-86-SIR-FinalRoll-Revision1-HIN-11-WI.pdf,24,8,0.947,N,,name='अंजना देवी'(0.99) | relation_name='क्हैया लाल'(0.95) | house_no='92'(0.96) | serial='638'(1.00) | epic='ZSY3737301'(0.97) | age='29'(1.00) | house_no='92'(1.00),1
639,मनोज कुमार,father,रामदक्त सिंह,92,26,पुरुष,ZSY3228210,,,N,N,main,,2026-EROLLGEN-S24-86-SIR-FinalRoll-Revision1-HIN-11-WI.pdf,24,9,0.907,N,,name='मनोज कुमार'(0.97) | relation_name='रामदक्त सिंह'(0.91) | house_no='92'(0.99) | serial='639'(1.00) | epic='ZSY3228210'(1.00) | age='26'(1.00) | house_no='92'(1.00),14
640,नवीन कुमार,father,राम देत्त,92,25,पुरुष,ZSY3474913,,,N,N,main,,2026-EROLLGEN-S24-86-SIR-FinalRoll-Revision1-HIN-11-WI.pdf,24,10,0.87,Y,low_ocr_confidence,name='नवीन कुमार'(0.97) | relation_name='राम देत्त'(0.87) | house_no='92'(0.99) | serial='640'(1.00) | epic='ZSY3474913'(0.96) | age='25'(1.00) | house_no='92'(1.00),1
641,नीतू,father,वीरें्र सिंह,92,25,महिला,ZSY3737418,,,N,N,main,,2026-EROLLGEN-S24-86-SIR-FinalRoll-Revision1-HIN-11-WI.pdf,24,11,0.911,N,,name='नीतू'(0.99) | relation_name='वीरें्र सिंह'(0.91) | house_no='92'(0.98) | serial='641'(1.00) | epic='ZSY3737418'(1.00) | age='25'(1.00) | house_no='92'(1.00),2
642,शिवराम,father,बाबूलाल,93,61,पुरुष,ZSY0374330,,,N,N,main,,2026-EROLLGEN-S24-86-SIR-FinalRoll-Revision1-HIN-11-WI.pdf,24,12,0.761,Y,low_ocr_confidence,name='शिवराम'(0.93) | relation_name='बाबूलाल'(0.96) | house_no='93$'(0.63) | serial='642'(1.00) | epic='ZSY0374330'(1.00) | age='61'(1.00) | house_no='93'(0.76),17
643,सरोज,husband,शिवराम,93,58,महिला,ZSY0717512,,,N,N,main,,2026-EROLLGEN-S24-86-SIR-FinalRoll-Revision1-HIN-11-WI.pdf,24,13,0.886,Y,low_ocr_confidence,name='सरोज'(0.89) | relation_name='शिवराम'(1.00) | house_no='93'(1.00) | serial='643'(1.00) | epic='ZSY0717512'(0.98) | age='58'(1.00) | house_no='93'(1.00),2
644,नीरज,father,शिवराम सिंह,93,35,पुरुष,ZSY0968719,,,N,N,main,,2026-EROLLGEN-S24-86-SIR-FinalRoll-Revision1-HIN-11-WI.pdf,24,14,0.875,Y,low_ocr_confidence,name='नीरज'(0.87) | relation_name='शिवराम सिंह'(0.95) | house_no='93'(0.99) | serial='644'(1.00) | epic='ZSY0968719'(1.00) | age='35'(1.00) | house_no='93'(1.00),2
645,गीता देवी,husband,नीरज कुमार,93,32,महिला,ZSY1932698,,,N,N,main,,2026-EROLLGEN-S24-86-SIR-FinalRoll-Revision1-HIN-11-WI.pdf,24,15,0.97,N,,name='गीता देवी'(0.97) | relation_name='नीरज कुमार'(1.00) | house_no='९३'(0.97) | serial='645'(1.00) | epic='ZSY1932698'(1.00) | age='32'(1.00) | house_no='P3'(0.65),15
646,रेखा,father,शिवराम,93,29,महिला,ZSY3411725,,,N,N,main,,2026-EROLLGEN-S24-86-SIR-FinalRoll-Revision1-HIN-11-WI.pdf,24,16,0.956,N,,name='रेखा'(0.96) | relation_name='शिवराम'(0.99) | house_no='93'(0.99) | serial='646'(1.00) | epic='ZSY3411725'(0.96) | age='29'(1.00) | house_no='93'(1.00),1
647,कृष्ण कुमार,father,शिवराम,93,27,पुरुष,ZSY3411709,,,N,N,main,,2026-EROLLGEN-S24-86-SIR-FinalRoll-Revision1-HIN-11-WI.pdf,24,17,0.931,N,,name='कृष्ण कुमार'(0.95) | relation_name='शिवराम'(0.93) | house_no='93'(0.99) | serial='647'(1.00) | epic='ZSY3411709'(0.95) | age='27'(1.00) | house_no='93'(1.00),1
648,पंकज कुमार,father,शिवराम,93,26,पुरुष,ZSY3411683,,,N,N,main,,2026-EROLLGEN-S24-86-SIR-FinalRoll-Revision1-HIN-11-WI.pdf,24,18,0.919,N,,name='पंकज कुमार'(1.00) | relation_name='शिवराम'(0.92) | house_no='93'(0.99) | serial='648'(1.00) | epic='ZSY3411683'(1.00) | age='26'(1.00) | house_no='93'(1.00),15
649,अंकित कुमार,father,शिवराम,93,23,पुरुष,ZSY3475175,,,N,N,main,,2026-EROLLGEN-S24-86-SIR-FinalRoll-Revision1-HIN-11-WI.pdf,24,19,0.993,N,,name='अंकित कुमार'(0.99) | relation_name='शिवराम'(1.00) | house_no='93'(0.99) | serial='649'(1.00) | epic='ZSY3475175'(1.00) | age='23'(1.00) | house_no='93'(1.00),1
650,वनवारीलाल,father,रोशनलाल,94,73,पुरुष,ZSY0717504,,,N,N,main,,2026-EROLLGEN-S24-86-SIR-FinalRoll-Revision1-HIN-11-WI.pdf,24,20,0.839,Y,serial_corrected|low_ocr_confidence,name='वनवारीलाल'(0.95) | relation_name='रोशनलाल'(0.99) | house_no='94'(0.99) | serial='65C'(0.84) | epic='ZSY0717504'(1.00) | age='73'(1.00) | house_no='94'(1.00),2
651,शकुन्तला,husband,वनवारीलाल,94,71,महिला,ZSY0717496,,,N,N,main,,2026-EROLLGEN-S24-86-SIR-FinalRoll-Revision1-HIN-11-WI.pdf,24,21,0.986,N,,name='शकुन्तला'(1.00) | relation_name='वनवारीलाल'(0.99) | house_no='94'(0.99) | serial='651'(1.00) | epic='ZSY0717496'(1.00) | age='71'(1.00) | house_no='94'(1.00),16
652,गीता देवी,husband,प्रेमप्रकाश,94,36,महिला,ZSY0968313,,,N,N,main,,2026-EROLLGEN-S24-86-SIR-FinalRoll-Revision1-HIN-11-WI.pdf,24,22,0.877,Y,low_ocr_confidence,name='गीता देवी'(0.98) | relation_name='प्रेमप्रकाश'(0.88) | house_no='94'(0.99) | serial='652'(1.00) | epic='ZSY0968313'(1.00) | age='36'(1.00) | house_no='94'(1.00),1
653,बबलू,father,बनवारी लाल,94,35,पुरुष,ZSY0968321,,,N,N,main,,2026-EROLLGEN-S24-86-SIR-FinalRoll-Revision1-HIN-11-WI.pdf,24,23,0.897,Y,low_ocr_confidence,name='बबलू'(0.90) | relation_name='बनवारी लाल'(0.98) | house_no='94'(0.99) | serial='653'(1.00) | epic='ZSY0968321'(1.00) | age='35'(1.00) | house_no='94'(1.00),1
654,मौना देवी,husband,बबलू,94,34,महिला,ZSY0968339,,,N,N,main,,2026-EROLLGEN-S24-86-SIR-FinalRoll-Revision1-HIN-11-WI.pdf,24,24,0.874,Y,low_ocr_confidence,name='मौना देवी'(0.95) | relation_name='बबलू'(0.87) | house_no='94'(0.99) | serial='654'(1.00) | epic='ZSY0968339'(0.96) | age='34'(1.00) | house_no='94'(1.00),15
655,राकेश,father,गंगाप्रसाद,96,45,पुरुष,ZSY0390617,,,N,N,main,,2026-EROLLGEN-S24-86-SIR-FinalRoll-Revision1-HIN-11-WI.pdf,24,25,0.95,N,,name='राकेश'(1.00) | relation_name='गंगाप्रसाद'(0.95) | house_no='96'(0.99) | serial='655'(0.98) | epic='ZSY0390617'(0.97) | age='45'(1.00) | house_no='96'(1.00),1
656,वृजेश,father,गंगा प्रसाद,96,36,पुरुष,ZSY1115369,,,N,N,main,,2026-EROLLGEN-S24-86-SIR-FinalRoll-Revision1-HIN-11-WI.pdf,24,26,0.986,Y,relation_type_uncertain,name='वृजेश'(0.99) | relation_name='गंगा प्रसाद'(0.99) | house_no='96'(0.99) | serial='656'(1.00) | epic='ZSY1115369'(1.00) | age='36'(1.00) | house_no='96'(1.00),2
657,गगन,father,राकेश कुमार,96,20,पुरुष,ZSY3707726,,,N,N,main,,2026-EROLLGEN-S24-86-SIR-FinalRoll-Revision1-HIN-11-WI.pdf,24,27,0.952,Y,relation_type_uncertain,name='गगन'(1.00) | relation_name='राकेश कुमार'(0.95) | house_no='96'(0.87) | serial='657'(1.00) | epic='ZSY3707726'(1.00) | age='20'(1.00) | house_no='96'(1.00),16
658,रामबीर,father,मानिक चन्द,99,51,पुरुष,CTV2871523,,,N,N,main,,2026-EROLLGEN-S24-86-SIR-FinalRoll-Revision1-HIN-11-WI.pdf,24,28,0.92,N,,name='रामबीर'(0.92) | relation_name='मानिक चन्द'(0.99) | house_no='99'(1.00) | serial='658'(1.00) | epic='CTV2871523'(1.00) | age='51'(1.00) | house_no='99'(1.00),1
659,रानी,husband,रामवीर,99,47,महिला,ZSY1932755,,,N,N,main,,2026-EROLLGEN-S24-86-SIR-FinalRoll-Revision1-HIN-11-WI.pdf,24,29,0.82,Y,low_ocr_confidence,name='रानी'(0.84) | relation_name='रामवीर'(0.92) | house_no='९९'(0.82) | serial='659'(1.00) | epic='ZSY1932755'(0.99) | age='47'(1.00) | house_no='PP'(0.49),1
660,निरमला,father,अजीत सिंह,102,57,पुरुष,UP703550018073,,,N,N,main,,2026-EROLLGEN-S24-86-SIR-FinalRoll-Revision1-HIN-11-WI.pdf,24,30,0.906,Y,epic_format,name='निरमला'(0.91) | relation_name='अजीत सिंह'(1.00) | house_no='102'(1.00) | serial='660|'(0.97) | epic='UP/70/355/0018073'(1.00) | age='57'(1.00) | house_no='102'(1.00),14
661,बल्देव सिंह,father,कुमरपाल सिंह,102,52,पुरुष,ZSY2932663,,,N,N,main,,2026-EROLLGEN-S24-86-SIR-FinalRoll-Revision1-HIN-11-WI.pdf,25,1,0.95,N,,name='बल्देव सिंह'(0.95) | relation_name='कुमरपाल सिंह'(0.98) | house_no='102'(0.90) | serial='661'(1.00) | epic='ZSY2932663'(1.00) | age='52'(1.00) | house_no='102'(1.00),1
662,अनीता देवी,husband,बल्देव सिंह,102,51,महिला,ZSY2932630,,,N,N,main,,2026-EROLLGEN-S24-86-SIR-FinalRoll-Revision1-HIN-11-WI.pdf,25,2,0.957,N,,name='अनीता देवी'(0.96) | relation_name='बल्देव सिंह'(0.97) | house_no='102'(1.00) | serial='662'(1.00) | epic='ZSY2932630'(1.00) | age='51'(1.00) | house_no='102'(1.00),1
663,हरिपाल सिंह,father,कुंवर पाल सिंह,102,44,पुरुष,ZSY2510568,,,N,N,main,,2026-EROLLGEN-S24-86-SIR-FinalRoll-Revision1-HIN-11-WI.pdf,25,3,0.95,N,,name='हरिपाल सिंह'(0.96) | relation_name='कुंवर पाल सिंह'(0.95) | house_no='102'(0.97) | serial='663'(1.00) | epic='ZSY2510568'(1.00) | age='44'(1.00) | house_no='102'(1.00),14
664,रति देवी,husband,हरिपाल सिंह,102,43,महिला,ZSY2955029,,,N,N,main,,2026-EROLLGEN-S24-86-SIR-FinalRoll-Revision1-HIN-11-WI.pdf,25,4,0.964,N,,name='रति देवी'(0.96) | relation_name='हरिपाल सिंह'(0.98) | house_no='102'(1.00) | serial='664'(1.00) | epic='ZSY2955029'(1.00) | age='43'(1.00) | house_no='102'(1.00),1
665,राज कुमार,father,अजीत सिंह,102,25,पुरुष,ZSY3227790,,,N,N,main,,2026-EROLLGEN-S24-86-SIR-FinalRoll-Revision1-HIN-11-WI.pdf,25,5,0.934,N,,name='राज कुमार'(0.93) | relation_name='अजीत सिंह'(0.94) | house_no='102'(1.00) | serial='665'(1.00) | epic='ZSY3227790'(1.00) | age='25'(1.00) | house_no='102'(1.00),2
666,रिंतु कुमारी,father,बलदेव सिंह,102,24,महिला,ZSY3365434,,,N,N,main,,2026-EROLLGEN-S24-86-SIR-FinalRoll-Revision1-HIN-11-WI.pdf,25,6,0.935,N,,name='रिंतु कुमारी'(0.93) | relation_name='बलदेव सिंह'(0.97) | house_no='102'(1.00) | serial='666'(1.00) | epic='ZSY3365434'(1.00) | age='24'(1.00) | house_no='102'(1.00),17
667,प्रगति,father,हरिपाल सिंह,102,24,महिला,ZSY3365384,,,N,N,main,,2026-EROLLGEN-S24-86-SIR-FinalRoll-Revision1-HIN-11-WI.pdf,25,7,0.929,N,,name='प्रगति'(0.93) | relation_name='हरिपाल सिंह'(0.99) | house_no='102'(1.00) | serial='667'(1.00) | epic='ZSY3365384'(1.00) | age='24'(1.00) | house_no='102'(1.00),1
668,राम कुमार,father,अजीत सिंह,102,23,पुरुष,ZSY3411741,,,N,N,main,,2026-EROLLGEN-S24-86-SIR-FinalRoll-Revision1-HIN-11-WI.pdf,25,8,0.849,Y,low_ocr_confidence,name='राम कुमार'(0.85) | relation_name='अजीत सिंह'(0.94) | house_no='102'(1.00) | serial='668'(1.00) | epic='ZSY3411741'(1.00) | age='23'(1.00) | house_no='102'(1.00),1
669,प्राची,father,हरपाल सिंह,102,23,महिला,ZSY3365459,,,N,N,main,,2026-EROLLGEN-S24-86-SIR-FinalRoll-Revision1-HIN-11-WI.pdf,25,9,0.972,N,,name='प्राची'(1.00) | relation_name='हरपाल सिंह'(0.97) | house_no='102'(1.00) | serial='669'(1.00) | epic='ZSY3365459'(1.00) | age='23'(1.00) | house_no='102'(1.00),14
670,विवेक कुमार,father,'बलदेव सिंह,102,22,पुरुष,ZSY3457108,,,N,N,main,,2026-EROLLGEN-S24-86-SIR-FinalRoll-Revision1-HIN-11-WI.pdf,25,10,0.881,Y,low_ocr_confidence,"name='विवेक कुमार'(0.94) | relation_name=""'बलदेव सिंह""(0.88) | house_no='102'(1.00) | serial='670'(1.00) | epic='ZSY3457108'(1.00) | age='22'(1.00) | house_no='102'(1.00)",1
671,आदित्य जूरेल,father,हरिपाल सिंह,102,20,पुरुष,ZSY3817996,,,N,N,main,,2026-EROLLGEN-S24-86-SIR-FinalRoll-Revision1-HIN-11-WI.pdf,25,11,0.946,N,,name='आदित्य जूरेल'(0.95) | relation_name='हरिपाल सिंह'(1.00) | house_no='102'(1.00) | serial='671'(1.00) | epic='ZSY3817996'(1.00) | age='20'(1.00) | house_no='102'(1.00),2
672,छत्र सिंह,father,साहव सिंह,103,83,पुरुष,CTV2056786,,,N,N,main,,2026-EROLLGEN-S24-86-SIR-FinalRoll-Revision1-HIN-11-WI.pdf,25,12,0.921,N,,name='छत्र सिंह'(0.92) | relation_name='साहव सिंह'(0.95) | house_no='103'(1.00) | serial='672'(1.00) | epic='CTV2056786'(1.00) | age='83'(1.00) | house_no='103'(0.86),17
673,राजमती,husband,छत्तर सिंह,103,81,महिला,CTV2872653,,,N,N,main,,2026-EROLLGEN-S24-86-SIR-FinalRoll-Revision1-HIN-11-WI.pdf,25,13,0.912,N,,name='राजमती'(0.94) | relation_name='छत्तर सिंह'(0.91) | house_no='103'(1.00) | serial='673'(1.00) | epic='CTV2872653'(1.00) | age='81'(0.99) | house_no='103'(1.00),2
674,रनजीत,father,छत्तर सिंह,103,55,पुरुष,CTV2056836,,,N,N,main,,2026-EROLLGEN-S24-86-SIR-FinalRoll-Revision1-HIN-11-WI.pdf,25,14,0.931,N,,name='रनजीत'(0.93) | relation_name='छत्तर सिंह'(0.93) | house_no='103'(1.00) | serial='674'(1.00) | epic='CTV2056836'(1.00) | age='55'(1.00) | house_no='103'(1.00),2
675,रंगजीत सिंह,father,छतंतर सिंह,103,53,पुरुष,ZSY1837301,,,N,N,main,,2026-EROLLGEN-S24-86-SIR-FinalRoll-Revision1-HIN-11-WI.pdf,25,15,0.975,N,,name='रंगजीत सिंह'(1.00) | relation_name='छतंतर सिंह'(0.97) | house_no='103'(1.00) | serial='675'(1.00) | epic='ZSY1837301'(1.00) | age='53'(1.00) | house_no='103'(1.00),15
676,गुडी,husband,रंजीत,103,51,महिला,CTV2056851,,,N,N,main,,2026-EROLLGEN-S24-86-SIR-FinalRoll-Revision1-HIN-11-WI.pdf,25,16,0.954,N,,name='गुडी'(0.95) | relation_name='रंजीत'(0.99) | house_no='103'(1.00) | serial='676'(1.00) | epic='CTV2056851'(1.00) | age='51'(1.00) | house_no='103'(1.00),1
677,राजवीर,father,छतर सिंह,103,46,पुरुष,ZSY0374272,,,N,N,main,,2026-EROLLGEN-S24-86-SIR-FinalRoll-Revision1-HIN-11-WI.pdf,25,17,0.983,N,,name='राजवीर'(0.99) | relation_name='छतर सिंह'(0.98) | house_no='103'(1.00) | serial='677'(1.00) | epic='ZSY0374272'(1.00) | age='46'(1.00) | house_no='103'(1.00),1
678,राजेश देवी,husband,तेजवीर सिंह,103,39,महिला,ZSY1411958,,,N,N,main,,2026-EROLLGEN-S24-86-SIR-FinalRoll-Revision1-HIN-11-WI.pdf,25,18,0.942,N,,name='राजेश देवी'(0.99) | relation_name='तेजवीर सिंह'(0.94) | house_no='103'(1.00) | serial='678'(1.00) | epic='ZSY1411958'(1.00) | age='39'(1.00) | house_no='103'(1.00),15
679,नीतू देवी,husband,भीर सिंह,103,39,महिला,ZSY2774008,,,N,N,main,,2026-EROLLGEN-S24-86-SIR-FinalRoll-Revision1-HIN-11-WI.pdf,25,19,0.969,N,,name='नीतू देवी'(0.97) | relation_name='भीर सिंह'(0.98) | house_no='103'(1.00) | serial='679'(1.00) | epic='ZSY2774008'(1.00) | age='39'(1.00) | house_no='103'(1.00),1
680,अर्चना,husband,राजवीर सिंह,203,38,महिला,ZSY2510766,,,N,N,main,,2026-EROLLGEN-S24-86-SIR-FinalRoll-Revision1-HIN-11-WI.pdf,25,20,0.882,Y,low_ocr_confidence,name='अर्चना'(0.98) | relation_name='राजवीर सिंह'(1.00) | house_no='२०३'(0.88) | serial='680'(1.00) | epic='ZSY2510766'(1.00) | age='38'(1.00) | house_no='3o3'(0.43),2
681,सविता देवी,husband,गिरधारी सिंह,103,34,महिला,ZSY1261734,,,N,N,main,,2026-EROLLGEN-S24-86-SIR-FinalRoll-Revision1-HIN-11-WI.pdf,25,21,0.978,N,,name='सविता देवी'(1.00) | relation_name='गिरधारी सिंह'(0.98) | house_no='103'(1.00) | serial='681'(1.00) | epic='ZSY1261734'(1.00) | age='34'(1.00) | house_no='103'(1.00),16
682,मोहनजीत सिंह,father,रंजीत सिंह,203,30,पुरुष,ZSY1931997,,,N,N,main,,2026-EROLLGEN-S24-86-SIR-FinalRoll-Revision1-HIN-11-WI.pdf,25,22,0.89,Y,low_ocr_confidence,name='मोहनजीत सिंह'(0.97) | relation_name='रंजीत सिंह'(0.95) | house_no='२०३'(0.89) | serial='682'(1.00) | epic='ZSY1931997'(0.95) | age='30'(1.00) | house_no='$0$'(0.49),1
683,चंचल,husband,मोहन जीत,103,29,महिला,ZSY3227873,,,N,N,main,,2026-EROLLGEN-S24-86-SIR-FinalRoll-Revision1-HIN-11-WI.pdf,25,23,0.984,N,,name='चंचल'(1.00) | relation_name='मोहन जीत'(1.00) | house_no='103'(0.98) | serial='683'(1.00) | epic='ZSY3227873'(0.99) | age='29'(1.00) | house_no='103'(1.00),1
684,परमजीत सिंह,father,रंजीत सिंह,103,28,पुरुष,ZSY2774032,,,N,N,main,,2026-EROLLGEN-S24-86-SIR-FinalRoll-Revision1-HIN-11-WI.pdf,25,24,0.984,N,,name='परमजीत सिंह'(0.99) | relation_name='रंजीत सिंह'(0.98) | house_no='103'(1.00) | serial='684'(1.00) | epic='ZSY2774032'(1.00) | age='28'(1.00) | house_no='103'(1.00),15
685,आरती,father,जीत सिंह,103,21,महिला,ZSY3558673,,,N,N,main,,2026-EROLLGEN-S24-86-SIR-FinalRoll-Revision1-HIN-11-WI.pdf,25,25,0.86,Y,low_ocr_confidence,name='आरती'(1.00) | relation_name='जीत सिंह'(0.86) | house_no='103'(1.00) | serial='685'(1.00) | epic='ZSY3558673'(1.00) | age='21'(1.00) | house_no='103'(1.00),1
686,अनामिका,father,रंगजीत,103,20,महिला,ZSY3743929,,,N,N,main,,2026-EROLLGEN-S24-86-SIR-FinalRoll-Revision1-HIN-11-WI.pdf,25,26,0.814,Y,relation_type_uncertain|low_ocr_confidence,name='अनामिका'(0.92) | relation_name='रंगजीत'(1.00) | house_no='103'(1.00) | serial='686'(0.81) | epic='ZSY3743929'(1.00) | age='20'(1.00) | house_no='103'(1.00),2
687,वीरन्द्र,father,साधू,104,53,पुरुष,CTV2871671,,,N,N,main,,2026-EROLLGEN-S24-86-SIR-FinalRoll-Revision1-HIN-11-WI.pdf,25,27,0.903,Y,relation_type_uncertain,name='वीरन्द्र'(0.96) | relation_name='साधू'(0.90) | house_no='104'(0.99) | serial='687'(1.00) | epic='CTV2871671'(1.00) | age='53'(1.00) | house_no='104'(1.00),16
688,मिथिलेश,husband,वीरन्र,104,51,महिला,CTV1859404,,,N,N,main,,2026-EROLLGEN-S24-86-SIR-FinalRoll-Revision1-HIN-11-WI.pdf,25,28,0.881,Y,low_ocr_confidence,name='मिथिलेश'(0.99) | relation_name='वीरन्र'(0.88) | house_no='104'(1.00) | serial='688'(1.00) | epic='CTV1859404'(1.00) | age='51'(1.00) | house_no='104'(1.00),1
689,जितं् कुमार,father,बीरेंद्र,104,31,पुरुष,ZSY1933027,,,N,N,main,,2026-EROLLGEN-S24-86-SIR-FinalRoll-Revision1-HIN-11-WI.pdf,25,29,0.725,Y,low_ocr_confidence,name='जितं् कुमार'(0.90) | relation_name='बीरेंद्र'(0.73) | house_no='104'(1.00) | serial='689'(1.00) | epic='ZSY1933027'(0.97) | age='31'(1.00) | house_no='104'(0.99),1
690,अंकित सिंह,father,प्रहालाद सिंह,104,21,पुरुष,ZSY3547882,,,N,N,main,,2026-EROLLGEN-S24-86-SIR-FinalRoll-Revision1-HIN-11-WI.pdf,25,30,0.95,N,,name='अंकित सिंह'(0.95) | relation_name='प्रहालाद सिंह'(0.97) | house_no='104'(1.00) | serial='690'(1.00) | epic='ZSY3547882'(1.00) | age='21'(1.00) | house_no='104'(1.00),14
691,सुनीता देवी,husband,प्रमोद कुमार,107,54,महिला,ZSY2862993,,,N,N,main,,2026-EROLLGEN-S24-86-SIR-FinalRoll-Revision1-HIN-11-WI.pdf,26,1,0.882,Y,low_ocr_confidence,name='सुनीता देवी'(0.96) | relation_name='प्रमोद कुमार'(0.88) | house_no='१०७'(0.91) | serial='691'(1.00) | epic='ZSY2862993'(1.00) | age='54'(1.00) | house_no='200'(0.49),1
692,फकीरा,father,मंगला,109,53,पुरुष,CTV1858844,,,N,N,main,,2026-EROLLGEN-S24-86-SIR-FinalRoll-Revision1-HIN-11-WI.pdf,26,2,0.996,N,,name='फकीरा'(1.00) | relation_name='मंगला'(1.00) | house_no='109'(1.00) | serial='692'(1.00) | epic='CTV1858844'(1.00) | age='53'(1.00) | house_no='109'(1.00),1
693,नसीरा,father,मंगला,109,44,पुरुष,CTV1858885,#,# (not in legend),N,N,main,,2026-EROLLGEN-S24-86-SIR-FinalRoll-Revision1-HIN-11-WI.pdf,26,3,0.978,N,,name='नसीरा'(1.00) | relation_name='मंगला'(1.00) | house_no='109'(1.00) | serial='693'(0.98) | epic='CTV1858885'(0.98) | age='44'(1.00) | house_no='109'(1.00),14
694,रवि,father,फकीरा,109,34,पुरुष,ZSY1115500,,,N,N,main,,2026-EROLLGEN-S24-86-SIR-FinalRoll-Revision1-HIN-11-WI.pdf,26,4,0.973,N,,name='रवि'(0.98) | relation_name='फकीरा'(0.98) | house_no='109'(1.00) | serial='694'(1.00) | epic='ZSY1115500'(0.97) | age='34'(1.00) | house_no='109'(1.00),1
695,रूबीना,husband,रवि,109,31,महिला,ZSY2262426,,,N,N,main,,2026-EROLLGEN-S24-86-SIR-FinalRoll-Revision1-HIN-11-WI.pdf,26,5,0.831,Y,low_ocr_confidence,name='रूबीना'(0.83) | relation_name='रवि'(0.98) | house_no='१०९'(0.91) | serial='695'(1.00) | epic='ZSY2262426'(1.00) | age='31'(1.00) | house_no='2og'(0.48),2
696,सौनू,father,नसीरा,109,21,पुरुष,ZSY3647450,,,N,N,main,,2026-EROLLGEN-S24-86-SIR-FinalRoll-Revision1-HIN-11-WI.pdf,26,6,0.854,Y,low_ocr_confidence,name='सौनू'(0.85) | relation_name='नसीरा'(1.00) | house_no='109'(1.00) | serial='696'(1.00) | epic='ZSY3647450'(1.00) | age='21'(1.00) | house_no='109'(1.00),17
697,वनवारी,father,श्यामलाल,114,73,पुरुष,CTV3283009,,,N,N,main,,2026-EROLLGEN-S24-86-SIR-FinalRoll-Revision1-HIN-11-WI.pdf,26,7,0.919,N,,name='वनवारी'(0.92) | relation_name='श्यामलाल'(0.98) | house_no='114'(0.93) | serial='697'(1.00) | epic='CTV3283009'(1.00) | age='73'(1.00) | house_no='114'(1.00),1
698,मोहन सिंह,father,वनवारी,114,48,पुरुष,ZSY0374348,,,N,N,main,,2026-EROLLGEN-S24-86-SIR-FinalRoll-Revision1-HIN-11-WI.pdf,26,8,0.987,N,,name='मोहन सिंह'(0.99) | relation_name='वनवारी'(0.99) | house_no='114'(0.89) | serial='698'(1.00) | epic='ZSY0374348'(1.00) | age='48'(1.00) | house_no='114'(1.00),1
699,नीरू देवी,husband,मोहन सिंह,114,38,महिला,ZSY1261809,,,N,N,main,,2026-EROLLGEN-S24-86-SIR-FinalRoll-Revision1-HIN-11-WI.pdf,26,9,0.954,N,,name='नीरू देवी'(0.95) | relation_name='मोहन सिंह'(0.99) | house_no='114'(0.98) | serial='699'(1.00) | epic='ZSY1261809'(1.00) | age='38'(1.00) | house_no='114'(1.00),14
700,देवेन्र कुमार,father,नत्थी लाल,114,36,पुरुष,ZSY1756758,,,N,N,main,,2026-EROLLGEN-S24-86-SIR-FinalRoll-Revision1-HIN-11-WI.pdf,26,10,0.834,Y,low_ocr_confidence,name='देवेन्र कुमार'(0.83) | relation_name='नत्थी लाल'(0.98) | house_no='114'(0.95) | serial='700'(1.00) | epic='ZSY1756758'(1.00) | age='36'(1.00) | house_no='114'(1.00),1
701,अनीता देवी,husband,हरीबाबू,"115""",39,महिला,ZSY1756824,#,# (not in legend),N,N,main,,2026-EROLLGEN-S24-86-SIR-FinalRoll-Revision1-HIN-11-WI.pdf,26,11,0.889,Y,serial_corrected|low_ocr_confidence,"name='अनीता देवी'(0.99) | relation_name='हरीबाबू'(0.89) | house_no='115""'(0.97) | serial=""70'""(0.90) | epic='ZSY1756824'(1.00) | age='39'(1.00) | house_no='115'(0.88)",2
702,राहुल माहौर,father,मोहन सिंह,114,22,पुरुष,ZSY3457066,,,N,N,main,,2026-EROLLGEN-S24-86-SIR-FinalRoll-Revision1-HIN-11-WI.pdf,26,12,0.922,N,,name='राहुल माहौर'(0.92) | relation_name='मोहन सिंह'(0.95) | house_no='114'(0.89) | serial='702'(1.00) | epic='ZSY3457066'(1.00) | age='22'(1.00) | house_no='114'(1.00),17
703,रोहित माहोर,father,मोहन सिंह,114,20,पुरुष,ZSY3667748,,,N,N,main,,2026-EROLLGEN-S24-86-SIR-FinalRoll-Revision1-HIN-11-WI.pdf,26,13,0.945,N,,name='रोहित माहोर'(0.99) | relation_name='मोहन सिंह'(0.94) | house_no='114'(0.88) | serial='703'(1.00) | epic='ZSY3667748'(1.00) | age='20'(1.00) | house_no='114'(0.98),2
704,ज़ानदेवी,husband,नत्थी,115,83,महिला,CTV1859644,,,N,N,main,,2026-EROLLGEN-S24-86-SIR-FinalRoll-Revision1-HIN-11-WI.pdf,26,14,0.919,N,,name='ज़ानदेवी'(0.92) | relation_name='नत्थी'(0.97) | house_no='115'(0.98) | serial='704'(1.00) | epic='CTV1859644'(1.00) | age='83'(1.00) | house_no='115'(1.00),2
705,हरिबाबू,father,नत्थी,115,51,पुरुष,CTV2656221,,,N,N,main,,2026-EROLLGEN-S24-86-SIR-FinalRoll-Revision1-HIN-11-WI.pdf,26,15,0.93,N,,name='हरिबाबू'(0.93) | relation_name='नत्थी'(0.99) | house_no='115'(1.00) | serial='705'(1.00) | epic='CTV2656221'(1.00) | age='51'(1.00) | house_no='115'(1.00),15
706,इन्द्रजीत,father,नत्थी,115,43,पुरुष,ZSY1837293,,,N,N,main,,2026-EROLLGEN-S24-86-SIR-FinalRoll-Revision1-HIN-11-WI.pdf,26,16,0.974,N,,name='इन्द्रजीत'(0.97) | relation_name='नत्थी'(0.99) | house_no='115'(0.98) | serial='706'(1.00) | epic='ZSY1837293'(1.00) | age='43'(1.00) | house_no='115'(1.00),1
707,सुमन देवी,husband,इनद्रजीत,115,31,महिला,ZSY1756774,#,# (not in legend),N,N,main,,2026-EROLLGEN-S24-86-SIR-FinalRoll-Revision1-HIN-11-WI.pdf,26,17,0.916,N,,name='सुमन देवी'(0.92) | relation_name='इनद्रजीत'(0.95) | house_no='115'(1.00) | serial='707'(0.99) | epic='ZSY1756774'(1.00) | age='31'(1.00) | house_no='115'(0.98),1
708,सपना देवी,husband,देवेन्र कमार,115,30,महिला,ZSY2863108,,,N,N,main,,2026-EROLLGEN-S24-86-SIR-FinalRoll-Revision1-HIN-11-WI.pdf,26,18,0.91,N,,name='सपना देवी'(0.99) | relation_name='देवेन्र कमार'(0.91) | house_no='115°'(0.91) | serial='708'(1.00) | epic='ZSY2863108'(1.00) | age='30'(1.00) | house_no='115'(1.00),15
709,इमरती देवी,husband,छतर सिंह,119,83,महिला,CTV3283215,,,N,N,main,,2026-EROLLGEN-S24-86-SIR-FinalRoll-Revision1-HIN-11-WI.pdf,26,19,0.954,N,,name='इमरती देवी'(0.95) | relation_name='नाम: छतर सिंह'(0.96) | house_no='119'(1.00) | serial='709'(1.00) | epic='CTV3283215'(1.00) | age='83'(1.00) | house_no='119'(1.00),1
710,छत्तर सिंह,father,मोहन,119,73,पुरुष,CTV2872232,,,N,N,main,,2026-EROLLGEN-S24-86-SIR-FinalRoll-Revision1-HIN-11-WI.pdf,26,20,0.995,N,,name='छत्तर सिंह'(1.00) | relation_name='मोहन'(1.00) | house_no='119'(0.94) | serial='710'(1.00) | epic='CTV2872232'(1.00) | age='73'(1.00) | house_no='119'(0.99),2
711,मीना,husband,सुरेश,119,59,महिला,ZSY0717850,,,N,N,main,,2026-EROLLGEN-S24-86-SIR-FinalRoll-Revision1-HIN-11-WI.pdf,26,21,0.992,N,,name='मीना'(1.00) | relation_name='सुरेश'(1.00) | house_no='119'(0.99) | serial='711'(1.00) | epic='ZSY0717850'(0.99) | age='59'(1.00) | house_no='119'(0.99),16
712,रेखा देवी,husband,सुरेनत्र,119,57,महिला,ZSY0717843,,,N,N,main,,2026-EROLLGEN-S24-86-SIR-FinalRoll-Revision1-HIN-11-WI.pdf,26,22,0.812,Y,low_ocr_confidence,name='रेखा देवी'(0.92) | relation_name='सुरेनत्र'(0.81) | house_no='119'(0.89) | serial='712'(1.00) | epic='ZSY0717843'(1.00) | age='57'(1.00) | house_no='119'(0.99),1
713,बबीता,husband,रामबाबू,"119""",46,महिला,CTV2871879,,,N,N,main,,2026-EROLLGEN-S24-86-SIR-FinalRoll-Revision1-HIN-11-WI.pdf,26,23,0.936,N,,"name='बबीता'(1.00) | relation_name='रामबाबू'(0.94) | house_no='119""'(0.98) | serial='713'(1.00) | epic='CTV2871879'(0.98) | age='46'(1.00) | house_no='119""'(0.99)",1
714,रामबाबू,father,मानिक चन्द,119,46,पुरुष,CTV1859420,,,N,N,main,,2026-EROLLGEN-S24-86-SIR-FinalRoll-Revision1-HIN-11-WI.pdf,26,24,0.927,N,,name='रामबाबू'(0.93) | relation_name='मानिक चन्द'(0.96) | house_no='119'(1.00) | serial='714'(1.00) | epic='CTV1859420'(1.00) | age='46'(1.00) | house_no='119'(1.00),15
715,सोमवीर,father,इत्तर सिंह,119,43,पुरुष,CTV4331062,,,N,N,main,,2026-EROLLGEN-S24-86-SIR-FinalRoll-Revision1-HIN-11-WI.pdf,26,25,0.955,N,,name='सोमवीर'(0.95) | relation_name='इत्तर सिंह'(0.98) | house_no='119'(0.98) | serial='715'(1.00) | epic='CTV4331062'(1.00) | age='43'(1.00) | house_no='119'(1.00),1
716,पूनम,husband,सोनवीर,119,42,महिला,CTV3283207,,,N,N,main,,2026-EROLLGEN-S24-86-SIR-FinalRoll-Revision1-HIN-11-WI.pdf,26,26,0.976,N,,name='पूनम'(0.99) | relation_name='सोनवीर'(0.98) | house_no='119'(1.00) | serial='716'(1.00) | epic='CTV3283207'(1.00) | age='42'(1.00) | house_no='119'(1.00),2
717,मुकेश कुमार,father,छत्तर पाल सिंह,119,40,पुरुष,ZSY1115419,,,N,N,main,,2026-EROLLGEN-S24-86-SIR-FinalRoll-Revision1-HIN-11-WI.pdf,26,27,0.922,Y,relation_type_uncertain,name='मुकेश कुमार'(0.99) | relation_name='छत्तर पाल सिंह'(0.92) | house_no='119'(1.00) | serial='717'(1.00) | epic='ZSY1115419'(1.00) | age='40'(1.00) | house_no='119'(1.00),16
718,कमलेश देवी,husband,महाराज सिंह,119,39,महिला,ZSY3228566,,,N,N,main,,2026-EROLLGEN-S24-86-SIR-FinalRoll-Revision1-HIN-11-WI.pdf,26,28,0.916,N,,name='कमलेश देवी'(0.99) | relation_name='महाराज सिंह'(0.92) | house_no='119'(1.00) | serial='718'(1.00) | epic='ZSY3228566'(1.00) | age='39'(1.00) | house_no='119'(1.00),1
719,महाराज सिंह,father,सुरेश,119,38,पुरुष,ZSY1261825,,,N,N,main,,2026-EROLLGEN-S24-86-SIR-FinalRoll-Revision1-HIN-11-WI.pdf,26,29,0.917,N,,name='महाराज सिंह'(0.99) | relation_name='सुरेश'(0.92) | house_no='119'(1.00) | serial='719'(1.00) | epic='ZSY1261825'(1.00) | age='38'(1.00) | house_no='119'(0.99),1
720,रैनू,husband,मुकेश कुमार,119,37,महिला,ZSY1115401,,,N,N,main,,2026-EROLLGEN-S24-86-SIR-FinalRoll-Revision1-HIN-11-WI.pdf,26,30,0.97,N,,name='रैनू'(0.97) | relation_name='मुकेश कुमार'(1.00) | house_no='119'(0.97) | serial='720'(1.00) | epic='ZSY1115401'(0.98) | age='37'(1.00) | house_no='119'(0.99),14
721,संजय,father,सुरेश,119,37,पुरुष,ZSY1261601,,,N,N,main,,2026-EROLLGEN-S24-86-SIR-FinalRoll-Revision1-HIN-11-WI.pdf,27,1,0.899,Y,low_ocr_confidence,name='संजय'(0.97) | relation_name='सुरेश'(0.90) | house_no='119'(0.90) | serial='721'(1.00) | epic='ZSY1261601'(1.00) | age='37'(1.00) | house_no='119'(0.99),1
722,महावीर,father,सुरेश,119,36,पुरुष,ZSY1261817,,,N,N,main,,2026-EROLLGEN-S24-86-SIR-FinalRoll-Revision1-HIN-11-WI.pdf,27,2,0.951,N,,name='महावीर'(0.95) | relation_name='सुरेश'(1.00) | house_no='119'(1.00) | serial='722'(1.00) | epic='ZSY1261817'(1.00) | age='36'(1.00) | house_no='119'(0.99),1
723,रेखा,husband,महावीर,119,35,महिला,ZSY1932318,,,N,N,main,,2026-EROLLGEN-S24-86-SIR-FinalRoll-Revision1-HIN-11-WI.pdf,27,3,0.95,N,,name='रेखा'(0.95) | relation_name='महावीर'(0.98) | house_no='119'(1.00) | serial='723'(1.00) | epic='ZSY1932318'(1.00) | age='35'(1.00) | house_no='119'(1.00),14
724,सीमा,husband,संजय,119,33,महिला,ZSY1932334,,,N,N,main,,2026-EROLLGEN-S24-86-SIR-FinalRoll-Revision1-HIN-11-WI.pdf,27,4,0.955,N,,name='सीमा'(0.99) | relation_name='संजय'(0.97) | house_no='119'(0.95) | serial='724'(1.00) | epic='ZSY1932334'(1.00) | age='33'(1.00) | house_no='119'(1.00),1
725,पंकज,father,सुरें्र सिेहं,119,31,पुरुष,ZSY3608072,,,N,N,main,,2026-EROLLGEN-S24-86-SIR-FinalRoll-Revision1-HIN-11-WI.pdf,27,5,0.821,Y,low_ocr_confidence,name='पंकज'(0.93) | relation_name='सुरें्र सिेहं'(0.82) | house_no='119'(1.00) | serial='725'(1.00) | epic='ZSY3608072'(0.97) | age='31'(1.00) | house_no='119'(1.00),2
726,जीतू,father,सुरें्र सिंह,119,27,पुरुष,ZSY3586930,,,N,N,main,,2026-EROLLGEN-S24-86-SIR-FinalRoll-Revision1-HIN-11-WI.pdf,27,6,0.919,N,,name='जीतू'(0.99) | relation_name='सुरें्र सिंह'(0.92) | house_no='119'(1.00) | serial='726'(1.00) | epic='ZSY3586930'(1.00) | age='27'(1.00) | house_no='119'(0.84),17
727,दीपक,father,सुरें्र सिंह,119,25,पुरुष,ZSY3586856,,,N,N,main,,2026-EROLLGEN-S24-86-SIR-FinalRoll-Revision1-HIN-11-WI.pdf,27,7,0.922,N,,name='दीपक'(1.00) | relation_name='सुरें्र सिंह'(0.92) | house_no='119'(0.99) | serial='727'(1.00) | epic='ZSY3586856'(1.00) | age='25'(1.00) | house_no='119'(0.98),1
728,करिश्मा,husband,जीतू,119,21,महिला,ZSY3973872,,,N,N,main,,2026-EROLLGEN-S24-86-SIR-FinalRoll-Revision1-HIN-11-WI.pdf,27,8,0.964,N,,name='करिश्मा'(0.96) | relation_name='जीतू'(0.99) | house_no='119'(0.97) | serial='728'(1.00) | epic='ZSY3973872'(1.00) | age='21'(1.00) | house_no='119'(1.00),1
729,सनी बाबू,father,राम बाबू,"119""",20,पुरुष,ZSY3752540,,,N,N,main,,2026-EROLLGEN-S24-86-SIR-FinalRoll-Revision1-HIN-11-WI.pdf,27,9,0.888,Y,low_ocr_confidence,"name='सनी बाबू'(0.92) | relation_name='राम बाबू'(0.89) | house_no='119""'(0.99) | serial='729'(1.00) | epic='ZSY3752540'(1.00) | age='20'(1.00) | house_no='119 ""'(0.88)",14
730,सलोनी,father,सोनवीर,119,20,महिला,ZSY3974250,,,N,N,main,,2026-EROLLGEN-S24-86-SIR-FinalRoll-Revision1-HIN-11-WI.pdf,27,10,0.984,N,,name='सलोनी'(0.98) | relation_name='सोनवीर'(0.99) | house_no='119'(1.00) | serial='730'(1.00) | epic='ZSY3974250'(1.00) | age='20'(1.00) | house_no='119'(1.00),1
731,सुमित,father,संजय,119,19,पुरुष,ZSY3996048,,,N,N,main,,2026-EROLLGEN-S24-86-SIR-FinalRoll-Revision1-HIN-11-WI.pdf,27,11,0.904,N,,name='सुमित'(0.90) | relation_name='संजय'(0.98) | house_no='119'(1.00) | serial='731'(1.00) | epic='ZSY3996048'(1.00) | age='19'(1.00) | house_no='119'(1.00),2
732,प्रियंका,father,रामबाबू,"119""",19,महिला,ZSY3996071,,,N,N,main,,2026-EROLLGEN-S24-86-SIR-FinalRoll-Revision1-HIN-11-WI.pdf,27,12,0.973,N,,"name='प्रियंका'(0.98) | relation_name='रामबाबू'(0.97) | house_no='119""'(0.99) | serial='732'(1.00) | epic='ZSY3996071'(1.00) | age='19'(1.00) | house_no='119'(0.83)",17
733,सोमोती,husband,सामरे,120,69,महिला,CTV3283074,,,N,N,main,,2026-EROLLGEN-S24-86-SIR-FinalRoll-Revision1-HIN-11-WI.pdf,27,13,0.968,N,,name='सोमोती'(1.00) | relation_name='सामरे'(0.99) | house_no='120'(1.00) | serial='733'(1.00) | epic='CTV3283074'(0.97) | age='69'(1.00) | house_no='120'(1.00),2
734,गुड़ी देवी,husband,विजेन्र सिंह,220,56,महिला,ZSY2499580,,,N,N,main,,2026-EROLLGEN-S24-86-SIR-FinalRoll-Revision1-HIN-11-WI.pdf,27,14,0.893,Y,low_ocr_confidence,name='गुड़ी देवी'(0.96) | relation_name='विजेन्र सिंह'(0.96) | house_no='२२०'(0.89) | serial='734'(1.00) | epic='ZSY2499580'(1.00) | age='56'(1.00) | house_no='$30'(0.50),2
735,पप्पू,father,करन सिंह,120,53,पुरुष,CTV3283264,,,N,N,main,,2026-EROLLGEN-S24-86-SIR-FinalRoll-Revision1-HIN-11-WI.pdf,27,15,0.964,N,,name='पप्पू'(0.98) | relation_name='करन सिंह'(0.96) | house_no='120'(1.00) | serial='735'(1.00) | epic='CTV3283264'(1.00) | age='53'(1.00) | house_no='120'(1.00),15
736,सीमा देवी,husband,अजय,220,49,महिला,ZSY2510733,,,N,N,main,,2026-EROLLGEN-S24-86-SIR-FinalRoll-Revision1-HIN-11-WI.pdf,27,16,0.857,Y,low_ocr_confidence,name='सीमा देवी'(0.97) | relation_name='अजय'(1.00) | house_no='२२०'(0.86) | serial='736'(1.00) | epic='ZSY2510733'(0.96) | age='49'(1.00) | house_no='$30'(0.49),1
737,ममता,husband,निहाल सिंह,220,48,महिला,ZSY2510741,,,N,N,main,,2026-EROLLGEN-S24-86-SIR-FinalRoll-Revision1-HIN-11-WI.pdf,27,17,0.872,Y,low_ocr_confidence,name='ममता'(0.87) | relation_name='निहाल सिंह'(1.00) | house_no='२२०'(0.91) | serial='737'(1.00) | epic='ZSY2510741'(1.00) | age='48'(1.00) | house_no='$R0'(0.45),1
738,पूनम,husband,मनोज कुमार,120,45,महिला,ZSY3529336,,,N,N,main,,2026-EROLLGEN-S24-86-SIR-FinalRoll-Revision1-HIN-11-WI.pdf,27,18,0.934,N,,name='पूनम'(0.93) | relation_name='मनोज कुमार'(0.95) | house_no='120'(0.99) | serial='738'(1.00) | epic='ZSY3529336'(1.00) | age='45'(1.00) | house_no='120'(1.00),15
739,सुनयना,husband,अशोक,120,41,महिला,ZSY2499556,,,N,N,main,,2026-EROLLGEN-S24-86-SIR-FinalRoll-Revision1-HIN-11-WI.pdf,27,19,0.877,Y,low_ocr_confidence,name='सुनयना'(0.97) | relation_name='अशोक'(0.93) | house_no='१२०'(0.88) | serial='739'(1.00) | epic='ZSY2499556'(0.99) | age='41'(1.00) | house_no='320'(0.51),1
740,रेशमा,husband,विजय,220,38,महिला,ZSY2499572,,,N,N,main,,2026-EROLLGEN-S24-86-SIR-FinalRoll-Revision1-HIN-11-WI.pdf,27,20,0.896,Y,low_ocr_confidence,name='रेशमा'(0.91) | relation_name='विजय'(1.00) | house_no='२२०'(0.90) | serial='740'(1.00) | epic='ZSY2499572'(1.00) | age='38'(1.00) | house_no='330'(0.59),2
741,बबलू,father,विजेन्र सिंह,120,36,पुरुष,ZSY2499606,,,N,N,main,,2026-EROLLGEN-S24-86-SIR-FinalRoll-Revision1-HIN-11-WI.pdf,27,21,0.83,Y,low_ocr_confidence,name='बबलू'(1.00) | relation_name='विजेन्र सिंह'(0.94) | house_no='१२०'(0.83) | serial='741'(1.00) | epic='ZSY2499606'(1.00) | age='36'(1.00) | house_no='330'(0.83),16
742,रेखा,husband,बबलू,120,35,महिला,ZSY2499549,,,N,N,main,,2026-EROLLGEN-S24-86-SIR-FinalRoll-Revision1-HIN-11-WI.pdf,27,22,0.807,Y,low_ocr_confidence,name='रेखा'(0.98) | relation_name='बबलू'(0.99) | house_no='१२०'(0.81) | serial='742'(1.00) | epic='ZSY2499549'(1.00) | age='35'(1.00) | house_no='$\\0$'(0.58),1
743,नीलम,husband,धर्मवीर,220,35,महिला,ZSY2499564,,,N,N,main,,2026-EROLLGEN-S24-86-SIR-FinalRoll-Revision1-HIN-11-WI.pdf,27,23,0.916,N,,name='नीलम'(1.00) | relation_name='धर्मवीर'(0.97) | house_no='२२०'(0.92) | serial='743'(1.00) | epic='ZSY2499564'(1.00) | age='35'(1.00) | house_no='?R0'(0.43),1
744,ब्रजेश,father,करन सिंह,120,34,पुरुष,ZSY1412303,,,N,N,main,,2026-EROLLGEN-S24-86-SIR-FinalRoll-Revision1-HIN-11-WI.pdf,27,24,0.924,N,,name='ब्रजेश'(0.99) | relation_name='करन सिंह'(0.92) | house_no='120'(1.00) | serial='744'(1.00) | epic='ZSY1412303'(1.00) | age='34'(1.00) | house_no='120'(1.00),15
745,धर्मवीर,father,विजेन्र सिंह,120,34,पुरुष,ZSY2499598,,,N,N,main,,2026-EROLLGEN-S24-86-SIR-FinalRoll-Revision1-HIN-11-WI.pdf,27,25,0.878,Y,low_ocr_confidence,name='धर्मवीर'(0.99) | relation_name='विजेन्र सिंह'(0.97) | house_no='१२०'(0.88) | serial='745'(1.00) | epic='ZSY2499598'(1.00) | age='34'(1.00) | house_no='320'(0.52),1
746,सूरज,father,बिजेंद्र सिंह,120,31,पुरुष,ZSY3365178,,,N,N,main,,2026-EROLLGEN-S24-86-SIR-FinalRoll-Revision1-HIN-11-WI.pdf,27,26,0.856,Y,relation_type_uncertain|low_ocr_confidence,name='सूरज'(0.99) | relation_name='बिजेंद्र सिंह'(0.86) | house_no='120'(1.00) | serial='746'(1.00) | epic='ZSY3365178'(0.97) | age='31'(1.00) | house_no='120'(1.00),2
747,अनिल,father,विजेंद्र सिंह,120,29,पुरुष,ZSY3228368,,,N,N,main,,2026-EROLLGEN-S24-86-SIR-FinalRoll-Revision1-HIN-11-WI.pdf,27,27,0.88,Y,relation_type_uncertain|low_ocr_confidence,name='अनिल'(1.00) | relation_name='विजेंद्र सिंह'(0.88) | house_no='120'(1.00) | serial='747'(1.00) | epic='ZSY3228368'(0.97) | age='29'(1.00) | house_no='120'(1.00),16
748,द्वारिका,father,छोटेलाल,121,48,पुरुष,CTV3283173,,,N,N,main,,2026-EROLLGEN-S24-86-SIR-FinalRoll-Revision1-HIN-11-WI.pdf,27,28,0.973,N,,name='द्वारिका'(0.99) | relation_name='छोटेलाल'(0.97) | house_no='121'(1.00) | serial='748'(1.00) | epic='CTV3283173'(1.00) | age='48'(1.00) | house_no='121'(1.00),1
749,सरोज,husband,द्वारिका,121,46,महिला,CTV2871861,,,N,N,main,,2026-EROLLGEN-S24-86-SIR-FinalRoll-Revision1-HIN-11-WI.pdf,27,29,0.987,N,,name='सरोज'(1.00) | relation_name='द्वारिका'(0.99) | house_no='121'(1.00) | serial='749'(1.00) | epic='CTV2871861'(1.00) | age='46'(1.00) | house_no='121'(1.00),1
750,शिव देवी,husband,मेवाराम,124,73,महिला,CTV2650117,,,N,N,main,,2026-EROLLGEN-S24-86-SIR-FinalRoll-Revision1-HIN-11-WI.pdf,27,30,0.911,N,,name='शिव देवी'(0.96) | relation_name='मेवाराम'(0.91) | house_no='124'(0.97) | serial='750'(1.00) | epic='CTV2650117'(1.00) | age='73'(1.00) | house_no='124'(1.00),14
751,वेदराम,father,मेवाराम,124,43,पुरुष,ZSY1837319,,,N,N,main,,2026-EROLLGEN-S24-86-SIR-FinalRoll-Revision1-HIN-11-WI.pdf,28,1,0.879,Y,low_ocr_confidence,name='वेदराम'(0.95) | relation_name='मेवाराम'(0.88) | house_no='124'(0.97) | serial='751'(1.00) | epic='ZSY1837319'(0.95) | age='43'(1.00) | house_no='124'(1.00),1
752,जयचन्द,father,मेवा,126,58,पुरुष,ZSY0374280,,,N,N,main,,2026-EROLLGEN-S24-86-SIR-FinalRoll-Revision1-HIN-11-WI.pdf,28,2,0.97,N,,name='जयचन्द'(0.97) | relation_name='मेवा'(0.99) | house_no='126'(1.00) | serial='752'(1.00) | epic='ZSY0374280'(1.00) | age='58'(1.00) | house_no='126'(1.00),1
753,चन्रवती,husband,जयचन्द,126,52,महिला,ZSY0717439,,,N,N,main,,2026-EROLLGEN-S24-86-SIR-FinalRoll-Revision1-HIN-11-WI.pdf,28,3,0.864,Y,low_ocr_confidence,name='चन्रवती'(0.86) | relation_name='जयचन्द'(0.96) | house_no='126'(1.00) | serial='753'(1.00) | epic='ZSY0717439'(0.99) | age='52'(1.00) | house_no='126'(1.00),14
754,छोट्र,father,म: जय चन्द,126,34,पुरुष,ZSY1932797,,,N,N,main,,2026-EROLLGEN-S24-86-SIR-FinalRoll-Revision1-HIN-11-WI.pdf,28,4,0.822,Y,low_ocr_confidence,name='छोट्र'(0.90) | relation_name='म: जय चन्द'(0.82) | house_no='१२६'(0.98) | serial='754'(1.00) | epic='ZSY1932797'(1.00) | age='34'(1.00) | house_no='3R'(0.34),1
755,कविता,husband,छोट्ू,126,32,महिला,ZSY1932151,,,N,N,main,,2026-EROLLGEN-S24-86-SIR-FinalRoll-Revision1-HIN-11-WI.pdf,28,5,0.921,N,,name='कविता'(1.00) | relation_name='छोट्ू'(0.92) | house_no='१२६'(0.95) | serial='755'(1.00) | epic='ZSY1932151'(1.00) | age='32'(1.00) | house_no='?\\$'(0.40),2
756,पूनम,husband,ओमवीर,130,40,महिला,ZSY3586823,,,N,N,main,,2026-EROLLGEN-S24-86-SIR-FinalRoll-Revision1-HIN-11-WI.pdf,28,6,0.906,N,,name='पूनम'(0.91) | relation_name='ओमवीर'(0.98) | house_no='130'(1.00) | serial='756'(1.00) | epic='ZSY3586823'(1.00) | age='40'(1.00) | house_no='130'(1.00),17
757,ओमवीर,father,श्रीराम,130,40,पुरुष,CTV1859669,,,N,N,main,,2026-EROLLGEN-S24-86-SIR-FinalRoll-Revision1-HIN-11-WI.pdf,28,7,0.988,N,,name='ओमवीर'(0.99) | relation_name='श्रीराम'(1.00) | house_no='130'(1.00) | serial='757'(1.00) | epic='CTV1859669'(0.99) | age='40'(1.00) | house_no='130'(0.91),1
758,राजू सिंह,father,वीरंद्र,130,33,पुरुष,ZSY3755444,,,N,N,main,,2026-EROLLGEN-S24-86-SIR-FinalRoll-Revision1-HIN-11-WI.pdf,28,8,0.847,Y,low_ocr_confidence,name='राजू सिंह'(1.00) | relation_name='वीरंद्र'(0.85) | house_no='130'(1.00) | serial='758'(1.00) | epic='ZSY3755444'(0.97) | age='33'(1.00) | house_no='130'(1.00),1
759,वीकेश,father,वीर्ं्र सिंह,130,31,पुरुष,ZSY3608098,,,N,N,main,,2026-EROLLGEN-S24-86-SIR-FinalRoll-Revision1-HIN-11-WI.pdf,28,9,0.875,Y,low_ocr_confidence,name='वीकेश'(1.00) | relation_name='वीर्ं्र सिंह'(0.87) | house_no='130'(1.00) | serial='759'(1.00) | epic='ZSY3608098'(1.00) | age='31'(1.00) | house_no='130'(1.00),14
760,अनीता,husband,वीकेश,130,31,महिला,ZSY3586765,,,N,N,main,,2026-EROLLGEN-S24-86-SIR-FinalRoll-Revision1-HIN-11-WI.pdf,28,10,0.989,N,,name='अनीता'(0.99) | relation_name='वीकेश'(0.99) | house_no='130'(1.00) | serial='760'(1.00) | epic='ZSY3586765'(1.00) | age='31'(1.00) | house_no='130'(1.00),1
761,मीना,husband,वीरन्द्र,130,30,महिला,CTV1859503,,,N,N,main,,2026-EROLLGEN-S24-86-SIR-FinalRoll-Revision1-HIN-11-WI.pdf,28,11,0.961,Y,layout_unusual,name='मीना'(1.00) | relation_name='वीरन्द्र'(0.96) | house_no='130'(1.00) | serial='761'(1.00) | epic='CTV1859503'(0.98) | age='30'(1.00) | house_no='130'(1.00),2
762,अमन,father,वीरन्द्र,130,19,पुरुष,ZSY3957164,,,N,N,main,,2026-EROLLGEN-S24-86-SIR-FinalRoll-Revision1-HIN-11-WI.pdf,28,12,0.969,N,,name='अमन'(1.00) | relation_name='वीरन्द्र'(0.97) | house_no='130'(1.00) | serial='762'(1.00) | epic='ZSY3957164'(1.00) | age='19'(1.00) | house_no='130'(1.00),17
763,महन्र सिंह,father,ग्यासीराम,133,63,पुरुष,ZSY0717413,,,N,N,main,,2026-EROLLGEN-S24-86-SIR-FinalRoll-Revision1-HIN-11-WI.pdf,28,13,0.963,N,,name='महन्र सिंह'(0.97) | relation_name='ग्यासीराम'(0.96) | house_no='133'(1.00) | serial='763'(1.00) | epic='ZSY0717413'(1.00) | age='63'(1.00) | house_no='133'(1.00),2
764,रामवती,husband,महन्र सिंह,133,61,महिला,ZSY0374306,,,N,N,main,,2026-EROLLGEN-S24-86-SIR-FinalRoll-Revision1-HIN-11-WI.pdf,28,14,0.903,N,,name='रामवती'(0.91) | relation_name='महन्र सिंह'(0.95) | house_no='133'(0.96) | serial='764'(1.00) | epic='ZSY0374306'(1.00) | age='61'(0.90) | house_no='133'(1.00),2
765,सुधीर,father,महन्र सिंह,133,46,पुरुष,ZSY1411933,,,N,N,main,,2026-EROLLGEN-S24-86-SIR-FinalRoll-Revision1-HIN-11-WI.pdf,28,15,0.923,N,,name='सुधीर'(0.97) | relation_name='महन्र सिंह'(0.92) | house_no='133'(1.00) | serial='765'(1.00) | epic='ZSY1411933'(0.99) | age='46'(1.00) | house_no='133'(1.00),15
766,विकास,father,महंद्र सिंह,133,35,पुरुष,ZSY2774024,,,N,N,main,,2026-EROLLGEN-S24-86-SIR-FinalRoll-Revision1-HIN-11-WI.pdf,28,16,0.871,Y,low_ocr_confidence,name='विकास'(0.90) | relation_name='महंद्र सिंह'(0.87) | house_no='133'(0.98) | serial='766'(1.00) | epic='ZSY2774024'(1.00) | age='35'(1.00) | house_no='133'(0.99),1
767,विनीता,husband,संतोष कुमार,133,34,महिला,ZSY3374600,,,N,N,main,,2026-EROLLGEN-S24-86-SIR-FinalRoll-Revision1-HIN-11-WI.pdf,28,17,0.955,N,,name='विनीता'(0.96) | relation_name='संतोष कुमार'(1.00) | house_no='133'(1.00) | serial='767'(1.00) | epic='ZSY3374600'(1.00) | age='34'(1.00) | house_no='133'(1.00),1
768,रोशनी कुमारी,father,मेहंद्र सिंह,133,27,महिला,ZSY3565470,,,N,N,main,,2026-EROLLGEN-S24-86-SIR-FinalRoll-Revision1-HIN-11-WI.pdf,28,18,0.876,Y,low_ocr_confidence,name='रोशनी कुमारी'(0.96) | relation_name='मेहंद्र सिंह'(0.88) | house_no='133'(0.93) | serial='768'(1.00) | epic='ZSY3565470'(1.00) | age='27'(1.00) | house_no='133'(1.00),15
769,रोहित,father,महंद्र सिंह,133,22,पुरुष,ZSY3477684,,,N,N,main,,2026-EROLLGEN-S24-86-SIR-FinalRoll-Revision1-HIN-11-WI.pdf,28,19,0.959,N,,name='रोहित'(0.96) | relation_name='महंद्र सिंह'(0.96) | house_no='133'(0.91) | serial='769'(1.00) | epic='ZSY3477684'(1.00) | age='22'(1.00) | house_no='133'(1.00),1
770,बाबूराम,father,खुनखुनिया,136,68,पुरुष,UP703550018084,,,N,N,main,,2026-EROLLGEN-S24-86-SIR-FinalRoll-Revision1-HIN-11-WI.pdf,28,20,0.864,Y,epic_format|low_ocr_confidence,name='बाबूराम'(0.86) | relation_name='खुनखुनिया'(0.92) | house_no='136'(0.99) | serial='770|'(0.99) | epic='UP/70/355/0018084'(1.00) | age='68'(1.00) | house_no='136'(0.99),2
771,कमलेश,husband,बाबूराम,136,58,महिला,ZSY1756691,,,N,N,main,,2026-EROLLGEN-S24-86-SIR-FinalRoll-Revision1-HIN-11-WI.pdf,28,21,0.857,Y,low_ocr_confidence,name='कमलेश'(1.00) | relation_name='बाबूराम'(0.86) | house_no='136'(0.97) | serial='771'(1.00) | epic='ZSY1756691'(0.93) | age='58'(1.00) | house_no='136'(0.99),16
772,राकेश,father,मुन्शीलाल,40,51,पुरुष,ZSY0717397,,,N,N,main,,2026-EROLLGEN-S24-86-SIR-FinalRoll-Revision1-HIN-11-WI.pdf,28,22,0.944,N,,name='राकेश'(1.00) | relation_name='मुन्शीलाल'(0.94) | house_no='40'(1.00) | serial='772'(1.00) | epic='ZSY0717397'(0.99) | age='51'(1.00) | house_no='40'(1.00),1
773,योगेश जयन्त,father,राकेश जयन्त,140,34,पुरुष,ZSY0562439,,,N,N,main,,2026-EROLLGEN-S24-86-SIR-FinalRoll-Revision1-HIN-11-WI.pdf,28,23,0.986,N,,name='योगेश जयन्त'(0.99) | relation_name='राकेश जयन्त'(0.99) | house_no='140'(1.00) | serial='773'(1.00) | epic='ZSY0562439'(1.00) | age='34'(1.00) | house_no='140'(1.00),1
774,रेखा जर्ंन्त,husband,योगेश जयंन्त,140,32,महिला,ZSY2499408,,,N,N,main,,2026-EROLLGEN-S24-86-SIR-FinalRoll-Revision1-HIN-11-WI.pdf,28,24,0.92,N,,name='रेखा जर्ंन्त'(0.92) | relation_name='योगेश जयंन्त'(0.95) | house_no='१४०'(0.92) | serial='774'(1.00) | epic='ZSY2499408'(1.00) | age='32'(1.00) | house_no='$80'(0.74),15
775,प्रमोद कुमार जयंत,father,राकेश जयंत,140,27,पुरुष,ZSY3228137,,,N,N,main,,2026-EROLLGEN-S24-86-SIR-FinalRoll-Revision1-HIN-11-WI.pdf,28,25,0.957,N,,name='प्रमोद कुमार जयंत'(0.96) | relation_name='राकेश जयंत'(0.98) | house_no='140'(1.00) | serial='775'(1.00) | epic='ZSY3228137'(1.00) | age='27'(1.00) | house_no='140'(1.00),1
776,आल्हा,father,मगला,141,68,पुरुष,ZSY0374298,,,N,N,main,,2026-EROLLGEN-S24-86-SIR-FinalRoll-Revision1-HIN-11-WI.pdf,28,26,0.981,Y,relation_type_uncertain,name='आल्हा'(0.98) | relation_name='मगला'(1.00) | house_no='141'(1.00) | serial='776'(1.00) | epic='ZSY0374298'(1.00) | age='68'(1.00) | house_no='141'(1.00),2
777,उषा देवी,husband,वनी सिंह,141,57,महिला,CTV1858802,,,N,N,main,,2026-EROLLGEN-S24-86-SIR-FinalRoll-Revision1-HIN-11-WI.pdf,28,27,0.929,N,,name='उषा देवी'(0.93) | relation_name='वनी सिंह'(0.93) | house_no='141'(1.00) | serial='777'(1.00) | epic='CTV1858802'(0.98) | age='57'(1.00) | house_no='141'(1.00),16
778,छोटेलाल,father,मंगला,141,53,पुरुष,CTV1859685,,,N,N,main,,2026-EROLLGEN-S24-86-SIR-FinalRoll-Revision1-HIN-11-WI.pdf,28,28,0.958,N,,name='छोटेलाल'(0.99) | relation_name='मंगला'(0.96) | house_no='141'(0.99) | serial='778'(1.00) | epic='CTV1859685'(0.99) | age='53'(1.00) | house_no='141'(1.00),1
779,गंगा देवी,husband,छोटेलाल,141,52,महिला,CTV1859701,,,N,N,main,,2026-EROLLGEN-S24-86-SIR-FinalRoll-Revision1-HIN-11-WI.pdf,28,29,0.952,N,,name='गंगा देवी'(0.99) | relation_name='छोटेलाल'(0.97) | house_no='141'(0.99) | serial='779'(1.00) | epic='CTV1859701'(0.95) | age='52'(1.00) | house_no='141'(1.00),1
780,रवी,father,आल्हा,141,45,पुरुष,ZSY0717348,,,N,N,main,,2026-EROLLGEN-S24-86-SIR-FinalRoll-Revision1-HIN-11-WI.pdf,28,30,0.86,Y,low_ocr_confidence,name='रवी'(0.86) | relation_name='आल्हा'(0.99) | house_no='141'(1.00) | serial='780'(1.00) | epic='ZSY0717348'(1.00) | age='45'(0.87) | house_no='141'(1.00),14
781,प्रेमलता,husband,राज जयन्त,141,43,महिला,ZSY1597293,,,N,N,main,,2026-EROLLGEN-S24-86-SIR-FinalRoll-Revision1-HIN-11-WI.pdf,29,1,0.922,N,,name='प्रेमलता'(0.98) | relation_name='राज जयन्त'(0.99) | house_no='141'(0.99) | serial='781'(0.92) | epic='ZSY1597293'(1.00) | age='43'(1.00) | house_no='141'(1.00),1
782,राज जयंत,father,आल्हा,141,39,पुरुष,ZSY0365106,,,N,N,main,,2026-EROLLGEN-S24-86-SIR-FinalRoll-Revision1-HIN-11-WI.pdf,29,2,0.99,N,,name='राज जयंत'(0.99) | relation_name='आल्हा'(0.99) | house_no='141'(0.99) | serial='782'(1.00) | epic='ZSY0365106'(1.00) | age='39'(1.00) | house_no='141'(1.00),1
783,लौहरे,father,बनी सिंह,141,34,पुरुष,ZSY3228640,,,N,N,main,,2026-EROLLGEN-S24-86-SIR-FinalRoll-Revision1-HIN-11-WI.pdf,29,3,0.963,N,,name='लौहरे'(0.96) | relation_name='बनी सिंह'(0.99) | house_no='141'(0.99) | serial='783'(0.99) | epic='ZSY3228640'(1.00) | age='34'(1.00) | house_no='141'(1.00),14
784,प्रीती,father,जुगेन्र सिंह,241,33,महिला,ZSY1932367,,,N,N,main,,2026-EROLLGEN-S24-86-SIR-FinalRoll-Revision1-HIN-11-WI.pdf,29,4,0.768,Y,low_ocr_confidence,name='प्रीती'(1.00) | relation_name='जुगेन्र सिंह'(0.95) | house_no='२४१'(0.77) | serial='784'(1.00) | epic='ZSY1932367'(1.00) | age='33'(1.00) | house_no='8$'(0.47),1
785,जोगेद्र,father,म: बनी सिंह,141,30,पुरुष,ZSY1932987,,,N,N,main,,2026-EROLLGEN-S24-86-SIR-FinalRoll-Revision1-HIN-11-WI.pdf,29,5,0.887,Y,low_ocr_confidence,name='जोगेद्र'(0.91) | relation_name='म: बनी सिंह'(0.92) | house_no='१४१'(0.89) | serial='785'(0.99) | epic='ZSY1932987'(1.00) | age='30'(1.00) | house_no='38}'(0.58),2
786,कमल,father,बनी सिंह,141,28,पुरुष,ZSY3229465,,,N,N,main,,2026-EROLLGEN-S24-86-SIR-FinalRoll-Revision1-HIN-11-WI.pdf,29,6,0.914,N,,name='कमल'(1.00) | relation_name='बनी सिंह'(0.91) | house_no='141'(1.00) | serial='786'(0.99) | epic='ZSY3229465'(1.00) | age='28'(1.00) | house_no='141'(1.00),17
787,पूजा,husband,जोगेंद्र,141,28,महिला,ZSY3338415,,,N,N,main,,2026-EROLLGEN-S24-86-SIR-FinalRoll-Revision1-HIN-11-WI.pdf,29,7,0.929,N,,name='पूजा'(0.93) | relation_name='जोगेंद्र'(0.96) | house_no='141'(0.99) | serial='787'(1.00) | epic='ZSY3338415'(1.00) | age='28'(1.00) | house_no='141'(1.00),1
788,राहुल,father,छोटे लाल,141,26,पुरुष,ZSY3229440,,,N,N,main,,2026-EROLLGEN-S24-86-SIR-FinalRoll-Revision1-HIN-11-WI.pdf,29,8,0.969,N,,name='राहुल'(1.00) | relation_name='छोटे लाल'(0.97) | house_no='141'(0.99) | serial='788'(1.00) | epic='ZSY3229440'(1.00) | age='26'(1.00) | house_no='141'(1.00),1
789,नेहा,husband,कमल,141,26,महिला,ZSY3340106,,,N,N,main,,2026-EROLLGEN-S24-86-SIR-FinalRoll-Revision1-HIN-11-WI.pdf,29,9,0.889,Y,low_ocr_confidence,name='नेहा'(0.89) | relation_name='कमल'(1.00) | house_no='141'(0.99) | serial='789'(1.00) | epic='ZSY3340106'(1.00) | age='26'(1.00) | house_no='141'(1.00),14
790,मान सिंह,father,विपती,143,67,पुरुष,ZSY0374314,,,N,N,main,,2026-EROLLGEN-S24-86-SIR-FinalRoll-Revision1-HIN-11-WI.pdf,29,10,0.912,N,,name='मान सिंह'(0.91) | relation_name='विपती'(0.92) | house_no='143'(1.00) | serial='790'(1.00) | epic='ZSY0374314'(0.96) | age='67'(1.00) | house_no='143'(1.00),1
791,जगदीश,father,लेखराज,143,55,पुरुष,CTV1859198,,,N,N,main,,2026-EROLLGEN-S24-86-SIR-FinalRoll-Revision1-HIN-11-WI.pdf,29,11,0.881,Y,low_ocr_confidence,name='जगदीश'(0.98) | relation_name='लेखराज'(0.88) | house_no='143'(1.00) | serial='791'(1.00) | epic='CTV1859198'(1.00) | age='55'(1.00) | house_no='143'(1.00),2
792,प्रीती,husband,भंवर सिंह,143,52,महिला,ZSY1411867,,,N,N,main,,2026-EROLLGEN-S24-86-SIR-FinalRoll-Revision1-HIN-11-WI.pdf,29,12,0.949,N,,name='प्रीती'(1.00) | relation_name='भंवर सिंह'(0.95) | house_no='143'(1.00) | serial='792'(1.00) | epic='ZSY1411867'(1.00) | age='52'(1.00) | house_no='143'(1.00),17
793,मंजू देवी,husband,जगदीश,143,51,महिला,ZSY2499499,,,N,N,main,,2026-EROLLGEN-S24-86-SIR-FinalRoll-Revision1-HIN-11-WI.pdf,29,13,0.947,N,,name='मंजू देवी'(1.00) | relation_name='जगदीश'(0.95) | house_no='१४३'(0.96) | serial='793'(1.00) | epic='ZSY2499499'(1.00) | age='51'(1.00) | house_no='383'(0.81),2
794,दीन दयाल,father,लेखराज,143,44,पुरुष,ZSY1412121,,,N,N,main,,2026-EROLLGEN-S24-86-SIR-FinalRoll-Revision1-HIN-11-WI.pdf,29,14,0.914,N,,name='दीन दयाल'(1.00) | relation_name='लेखराज'(0.91) | house_no='143'(0.99) | serial='794'(1.00) | epic='ZSY1412121'(1.00) | age='44'(1.00) | house_no='143'(1.00),2
795,राजू,father,लेखराज,143,36,पुरुष,ZSY3565496,,,N,N,main,,2026-EROLLGEN-S24-86-SIR-FinalRoll-Revision1-HIN-11-WI.pdf,29,15,0.98,N,,name='राजू'(0.99) | relation_name='लेखराज'(0.98) | house_no='143'(1.00) | serial='795'(1.00) | epic='ZSY3565496'(1.00) | age='36'(1.00) | house_no='143'(1.00),15
796,प्रिया,husband,दीन दयाल,143,30,महिला,ZSY2499473,,,N,N,main,,2026-EROLLGEN-S24-86-SIR-FinalRoll-Revision1-HIN-11-WI.pdf,29,16,0.956,N,,name='प्रिया'(1.00) | relation_name='दीन दयाल'(0.99) | house_no='१४३'(0.96) | serial='796'(1.00) | epic='ZSY2499473'(0.98) | age='30'(1.00) | house_no='$8'(0.77),1
797,पूनम,husband,राजू,143,29,महिला,ZSY2499481,,,N,N,main,,2026-EROLLGEN-S24-86-SIR-FinalRoll-Revision1-HIN-11-WI.pdf,29,17,0.846,Y,low_ocr_confidence,name='पूनम'(0.99) | relation_name='राजू'(0.86) | house_no='१४३'(0.85) | serial='797'(1.00) | epic='ZSY2499481'(1.00) | age='29'(1.00) | house_no='83'(0.50),1
798,अंकित जयंत,father,जगदीश,143,25,पुरुष,ZSY3228665,,,N,N,main,,2026-EROLLGEN-S24-86-SIR-FinalRoll-Revision1-HIN-11-WI.pdf,29,18,0.958,N,,name='अंकित जयंत'(0.99) | relation_name='जगदीश'(0.99) | house_no='143'(0.96) | serial='798'(1.00) | epic='ZSY3228665'(1.00) | age='25'(1.00) | house_no='143'(1.00),15
799,पूजा जयंत,father,गदीश,143,20,महिला,ZSY3752573,,,N,N,main,,2026-EROLLGEN-S24-86-SIR-FinalRoll-Revision1-HIN-11-WI.pdf,29,19,0.948,N,,name='पूजा जयंत'(0.95) | relation_name='गदीश'(0.95) | house_no='143'(1.00) | serial='799'(0.96) | epic='ZSY3752573'(1.00) | age='20'(1.00) | house_no='143'(0.89),1
800,माना देवी,husband,बादबू राम,144,78,महिला,ZSY3228319,,,N,N,main,,2026-EROLLGEN-S24-86-SIR-FinalRoll-Revision1-HIN-11-WI.pdf,29,20,0.917,N,,name='माना देवी'(0.93) | relation_name='बादबू राम'(0.92) | house_no='144'(0.99) | serial='800'(1.00) | epic='ZSY3228319'(0.97) | age='78'(1.00) | house_no='144'(1.00),2
801,किताबश्री,husband,सूर्यकान्त,144,55,महिला,CTV1491158,,,N,N,main,,2026-EROLLGEN-S24-86-SIR-FinalRoll-Revision1-HIN-11-WI.pdf,29,21,0.943,N,,"name='किताबश्री'(0.96) | relation_name='सूर्यकान्त'(1.00) | house_no=""'44""(0.83) | serial='801'(1.00) | epic='CTV1491158'(0.94) | age='55'(1.00) | house_no='144'(0.97)",16
802,मनोजकुमार,father,बाबूराम,144,44,पुरुष,ZSY0374322,,,N,N,main,,2026-EROLLGEN-S24-86-SIR-FinalRoll-Revision1-HIN-11-WI.pdf,29,22,0.909,N,,name='मनोजकुमार'(0.99) | relation_name='बाबूराम'(0.91) | house_no='144'(1.00) | serial='802'(1.00) | epic='ZSY0374322'(1.00) | age='44'(1.00) | house_no='144'(1.00),1
803,सत्य प्रकाश,father,बाबूराम,144,43,पुरुष,ZSY1261742,,,N,N,main,,2026-EROLLGEN-S24-86-SIR-FinalRoll-Revision1-HIN-11-WI.pdf,29,23,0.957,N,,name='सत्य प्रकाश'(0.99) | relation_name='बाबूराम'(0.96) | house_no='144'(1.00) | serial='803'(1.00) | epic='ZSY1261742'(1.00) | age='43'(1.00) | house_no='144'(1.00),1
804,ललिता,husband,मनोज कुमार,144,38,महिला,ZSY1932623,,,N,N,main,,2026-EROLLGEN-S24-86-SIR-FinalRoll-Revision1-HIN-11-WI.pdf,29,24,0.945,N,,"name='ललिता'(0.95) | relation_name='मनोज कुमार'(0.99) | house_no='१४४'(0.98) | serial='804'(1.00) | epic='ZSY1932623'(1.00) | age='38'(1.00) | house_no='$88""'(0.47)",15
805,शशी,husband,सत्य प्रकाश,144,37,महिला,ZSY1261551,,,N,N,main,,2026-EROLLGEN-S24-86-SIR-FinalRoll-Revision1-HIN-11-WI.pdf,29,25,0.955,N,,name='शशी'(1.00) | relation_name='सत्य प्रकाश'(0.95) | house_no='144'(0.98) | serial='805'(1.00) | epic='ZSY1261551'(0.99) | age='37'(1.00) | house_no='144'(1.00),1
806,इतवारी,father,शिवलाल,147,67,पुरुष,CTV2872406,,,N,N,main,,2026-EROLLGEN-S24-86-SIR-FinalRoll-Revision1-HIN-11-WI.pdf,29,26,0.978,Y,relation_type_uncertain,name='इतवारी'(1.00) | relation_name='शिवलाल'(1.00) | house_no='147'(1.00) | serial='806'(0.98) | epic='CTV2872406'(1.00) | age='67'(1.00) | house_no='147'(1.00),2
807,भगवान सिंहं,father,शिवलाल,147,56,पुरुष,ZSY0717686,,,N,N,main,,2026-EROLLGEN-S24-86-SIR-FinalRoll-Revision1-HIN-11-WI.pdf,29,27,0.943,Y,relation_type_uncertain,name='भगवान सिंहं'(0.94) | relation_name='शिवलाल'(1.00) | house_no='147'(1.00) | serial='807'(1.00) | epic='ZSY0717686'(1.00) | age='56'(1.00) | house_no='147'(1.00),16
808,आशा देवी,husband,भगवान सिंहं,147,53,महिला,CTV2872679,,,N,N,main,,2026-EROLLGEN-S24-86-SIR-FinalRoll-Revision1-HIN-11-WI.pdf,29,28,0.891,Y,low_ocr_confidence,name='आशा देवी'(0.96) | relation_name='भगवान सिंहं'(0.89) | house_no='147'(1.00) | serial='808'(1.00) | epic='CTV2872679'(1.00) | age='53'(0.98) | house_no='147'(1.00),1
809,संध्या,husband,ओमप्रकाश,147,29,महिला,ZSY3227824,,,N,N,main,,2026-EROLLGEN-S24-86-SIR-FinalRoll-Revision1-HIN-11-WI.pdf,29,29,0.952,N,,name='संध्या'(1.00) | relation_name='ओमप्रकाश'(0.95) | house_no='147'(1.00) | serial='809'(0.99) | epic='ZSY3227824'(1.00) | age='29'(1.00) | house_no='147'(1.00),1
810,आकाश कुमार,father,भगवान सिंह,147,29,पुरुष,ZSY3761095,,,N,N,main,,2026-EROLLGEN-S24-86-SIR-FinalRoll-Revision1-HIN-11-WI.pdf,29,30,0.947,N,,name='आकाश कुमार'(0.95) | relation_name='भगवान सिंह'(0.99) | house_no='147'(1.00) | serial='810'(1.00) | epic='ZSY3761095'(1.00) | age='29'(1.00) | house_no='147'(1.00),14
811,सजनी,husband,आकाश कुमार,147,22,महिला,ZSY3774171,,,N,N,main,,2026-EROLLGEN-S24-86-SIR-FinalRoll-Revision1-HIN-11-WI.pdf,30,1,0.995,N,,name='सजनी'(1.00) | relation_name='आकाश कुमार'(0.99) | house_no='147'(1.00) | serial='811'(1.00) | epic='ZSY3774171'(1.00) | age='22'(1.00) | house_no='147'(1.00),1
812,चन्दरवती,husband,शिविसिहं,148,70,महिला,CTV2872133,,,N,N,main,,2026-EROLLGEN-S24-86-SIR-FinalRoll-Revision1-HIN-11-WI.pdf,30,2,0.911,N,,name='चन्दरवती'(0.91) | relation_name='शिविसिहं'(0.91) | house_no='148'(0.86) | serial='812'(1.00) | epic='CTV2872133'(1.00) | age='70'(1.00) | house_no='148'(1.00),1
813,श्रीनिवास,father,शिविसिंहं,148,47,पुरुष,ZSY0717678,,,N,N,main,,2026-EROLLGEN-S24-86-SIR-FinalRoll-Revision1-HIN-11-WI.pdf,30,3,0.913,N,,name='श्रीनिवास'(0.99) | relation_name='शिविसिंहं'(0.91) | house_no='148'(1.00) | serial='813'(1.00) | epic='ZSY0717678'(0.96) | age='47'(1.00) | house_no='148'(1.00),14
814,बब्बू,father,राम सहाय,149,36,पुरुष,ZSY4017976,,,N,N,main,,2026-EROLLGEN-S24-86-SIR-FinalRoll-Revision1-HIN-11-WI.pdf,30,4,0.86,Y,low_ocr_confidence,name='बब्बू'(0.86) | relation_name='राम सहाय'(1.00) | house_no='149'(1.00) | serial='814'(1.00) | epic='ZSY4017976'(0.98) | age='36'(1.00) | house_no='149'(1.00),1
815,विमलेश,husband,बबलू,149,32,महिला,ZSY2510782,,,N,N,main,,2026-EROLLGEN-S24-86-SIR-FinalRoll-Revision1-HIN-11-WI.pdf,30,5,0.971,N,,name='विमलेश'(0.98) | relation_name='बबलू'(0.97) | house_no='149'(0.97) | serial='815'(1.00) | epic='ZSY2510782'(1.00) | age='32'(1.00) | house_no='149'(0.98),2
816,उदय सिंह,other,पूरन,151,62,पुरुष,CTV1832435,#,# (not in legend),N,N,main,,2026-EROLLGEN-S24-86-SIR-FinalRoll-Revision1-HIN-11-WI.pdf,30,6,0.956,Y,serial_corrected,name='उदय सिंह'(0.96) | relation_name='पूरन'(1.00) | house_no='151'(1.00) | serial='81'(0.99) | epic='CTV1832435'(1.00) | age='62'(1.00) | house_no='151'(1.00),17
817,मुत्नी,husband,उदय,150,60,महिला,CTV1859479,,,N,N,main,,2026-EROLLGEN-S24-86-SIR-FinalRoll-Revision1-HIN-11-WI.pdf,30,7,0.761,Y,low_ocr_confidence,name='मुत्नी'(0.76) | relation_name='उदय'(0.97) | house_no='150'(1.00) | serial='817'(1.00) | epic='CTV1859479'(1.00) | age='60'(1.00) | house_no='150'(1.00),1
818,विपिन बिहारी,father,पूरन,150,65,पुरुष,ZSY0717660,#,# (not in legend),N,N,main,,2026-EROLLGEN-S24-86-SIR-FinalRoll-Revision1-HIN-11-WI.pdf,30,8,0.963,Y,serial_corrected,name='विपिन बिहारी'(1.00) | relation_name='पूरन'(0.99) | house_no='150'(0.99) | serial='81ε'(0.96) | epic='ZSY0717660'(1.00) | age='65'(1.00) | house_no='150'(1.00),1
819,कृष्णा देवी,husband,विपन बिहारी,150,54,महिला,CTV1859511,#,# (not in legend),N,N,main,,2026-EROLLGEN-S24-86-SIR-FinalRoll-Revision1-HIN-11-WI.pdf,30,9,0.907,N,,name='कृष्णा देवी'(0.91) | relation_name='विपन बिहारी'(0.95) | house_no='150'(1.00) | serial='819'(1.00) | epic='CTV1859511'(1.00) | age='54'(1.00) | house_no='150'(1.00),14
820,टिकू कुमार,father,उदय सिंह,150,37,पुरुष,ZSY1597368,,,N,N,main,,2026-EROLLGEN-S24-86-SIR-FinalRoll-Revision1-HIN-11-WI.pdf,30,10,0.942,N,,name='टिकू कुमार'(0.94) | relation_name='उदय सिंह'(0.99) | house_no='150'(1.00) | serial='820'(1.00) | epic='ZSY1597368'(1.00) | age='37'(1.00) | house_no='150'(1.00),1
821,रिंकू,father,उदय सिंह,150,35,पुरुष,ZSY1597376,,,N,N,main,,2026-EROLLGEN-S24-86-SIR-FinalRoll-Revision1-HIN-11-WI.pdf,30,11,0.79,Y,low_ocr_confidence,name='रिंकू'(0.79) | relation_name='उदय सिंह'(0.98) | house_no='150'(1.00) | serial='821'(1.00) | epic='ZSY1597376'(1.00) | age='35'(1.00) | house_no='150'(1.00),2
822,अंजीत सिंह,father,उदय सिंह,150,34,पुरुष,ZSY1597384,,,N,N,main,,2026-EROLLGEN-S24-86-SIR-FinalRoll-Revision1-HIN-11-WI.pdf,30,12,0.878,Y,low_ocr_confidence,name='अंजीत सिंह'(0.88) | relation_name='उदय सिंह'(0.97) | house_no='150'(1.00) | serial='822'(1.00) | epic='ZSY1597384'(0.99) | age='34'(1.00) | house_no='150'(1.00),17
823,अशोक कुमार,father,विपन बिहारी,150,34,पुरुष,ZSY1597335,,,N,N,main,,2026-EROLLGEN-S24-86-SIR-FinalRoll-Revision1-HIN-11-WI.pdf,30,13,0.98,N,,name='अशोक कुमार'(0.98) | relation_name='विपन बिहारी'(1.00) | house_no='150'(1.00) | serial='823'(1.00) | epic='ZSY1597335'(1.00) | age='34'(1.00) | house_no='150'(1.00),2
824,मंजू देवी,husband,रिकू,150,34,महिला,ZSY1932003,,,N,N,main,,2026-EROLLGEN-S24-86-SIR-FinalRoll-Revision1-HIN-11-WI.pdf,30,14,0.734,Y,low_ocr_confidence,name='मंजू देवी'(0.93) | relation_name='रिकू'(0.73) | house_no='१५०'(0.95) | serial='824'(1.00) | epic='ZSY1932003'(0.95) | age='34'(1.00) | house_no='$40'(0.40),2
825,मनोज कुमार,father,'विपिन बिहारी,150,32,पुरुष,ZSY1597343,,,N,N,main,,2026-EROLLGEN-S24-86-SIR-FinalRoll-Revision1-HIN-11-WI.pdf,30,15,0.969,N,,"name='मनोज कुमार'(0.97) | relation_name=""'विपिन बिहारी""(0.97) | house_no='150'(1.00) | serial='825'(1.00) | epic='ZSY1597343'(1.00) | age='32'(1.00) | house_no='150'(1.00)",15
826,गुन्जन देवी,husband,मनोज कुमार,140,28,महिला,ZSY2862597,,,N,N,main,,2026-EROLLGEN-S24-86-SIR-FinalRoll-Revision1-HIN-11-WI.pdf,30,16,0.928,N,,name='गुन्जन देवी'(0.93) | relation_name='मनोज कुमार'(0.93) | house_no='1५0'(0.76) | serial='826'(1.00) | epic='ZSY2862597'(1.00) | age='28'(1.00) | house_no='140'(1.00),1
827,अंजीत सिंह,father,मोहन दास,152,33,पुरुष,ZSY3228269,,,N,N,main,,2026-EROLLGEN-S24-86-SIR-FinalRoll-Revision1-HIN-11-WI.pdf,30,17,0.921,N,,name='अंजीत सिंह'(0.92) | relation_name='मोहन दास'(0.95) | house_no='152'(1.00) | serial='827'(1.00) | epic='ZSY3228269'(1.00) | age='33'(1.00) | house_no='152'(1.00),1
828,मंजू,husband,अजीत सिंह,152,32,महिला,ZSY3228293,,,N,N,main,,2026-EROLLGEN-S24-86-SIR-FinalRoll-Revision1-HIN-11-WI.pdf,30,18,0.93,N,,name='मंजू'(0.93) | relation_name='अजीत सिंह'(1.00) | house_no='152'(1.00) | serial='828'(1.00) | epic='ZSY3228293'(1.00) | age='32'(1.00) | house_no='152'(1.00),15
829,श्रीकृष्ण,father,पंचम,153अ,49,पुरुष,ZSY0717645,,,N,N,main,,2026-EROLLGEN-S24-86-SIR-FinalRoll-Revision1-HIN-11-WI.pdf,30,19,0.98,N,,name='श्रीकृष्ण'(0.98) | relation_name='पंचम'(1.00) | house_no='153अ'(0.99) | serial='829'(1.00) | epic='ZSY0717645'(1.00) | age='49'(1.00) | house_no='15331'(0.91),1
830,राजकुमारी,husband,विजेन्द्र,154,67,महिला,CTV1859388,,,N,N,main,,2026-EROLLGEN-S24-86-SIR-FinalRoll-Revision1-HIN-11-WI.pdf,30,20,0.952,Y,serial_corrected,name='राजकुमारी'(0.95) | relation_name='विजेन्द्र'(0.98) | house_no='154'(1.00) | serial='83C'(1.00) | epic='CTV1859388'(0.99) | age='67'(1.00) | house_no='154'(1.00),2
831,शशी,husband,सूरज सिंह,254,33,महिला,ZSY1932110,,,N,N,main,,2026-EROLLGEN-S24-86-SIR-FinalRoll-Revision1-HIN-11-WI.pdf,30,21,0.831,Y,low_ocr_confidence,name='शशी'(0.99) | relation_name='सूरज सिंह'(0.95) | house_no='२५४'(0.83) | serial='831'(1.00) | epic='ZSY1932110'(1.00) | age='33'(1.00) | house_no='$348'(0.71),16
832,सूरज सिंह,father,विजेन्र सिंह,154,32,पुरुष,ZSY1412246,,,N,N,main,,2026-EROLLGEN-S24-86-SIR-FinalRoll-Revision1-HIN-11-WI.pdf,30,22,0.867,Y,low_ocr_confidence,name='सूरज सिंह'(0.99) | relation_name='विजेन्र सिंह'(0.87) | house_no='154'(1.00) | serial='832'(1.00) | epic='ZSY1412246'(1.00) | age='32'(1.00) | house_no='154'(1.00),1
833,किम्मो,husband,पातीराम,155,63,महिला,CTV2872661,,,N,N,main,,2026-EROLLGEN-S24-86-SIR-FinalRoll-Revision1-HIN-11-WI.pdf,30,23,0.918,N,,name='किम्मो'(0.97) | relation_name='पातीराम'(0.92) | house_no='155'(1.00) | serial='833'(1.00) | epic='CTV2872661'(0.99) | age='63'(1.00) | house_no='155'(1.00),1
834,प्रीती,husband,महाशंकर,155,42,महिला,ZSY1597327,,,N,N,main,,2026-EROLLGEN-S24-86-SIR-FinalRoll-Revision1-HIN-11-WI.pdf,30,24,0.908,N,,name='प्रीती'(1.00) | relation_name='महाशंकर'(0.91) | house_no='155'(1.00) | serial='834'(1.00) | epic='ZSY1597327'(1.00) | age='42'(1.00) | house_no='155'(1.00),15
835,दीपक,father,पातीराम,155,38,पुरुष,ZSY1597301,,,N,N,main,,2026-EROLLGEN-S24-86-SIR-FinalRoll-Revision1-HIN-11-WI.pdf,30,25,0.944,N,,name='दीपक'(1.00) | relation_name='पातीराम'(0.94) | house_no='155'(1.00) | serial='835'(1.00) | epic='ZSY1597301'(0.98) | age='38'(1.00) | house_no='155'(1.00),1
836,विनोद,father,राम प्रसाद,155,37,पुरुष,ZSY2862951,,,N,N,main,,2026-EROLLGEN-S24-86-SIR-FinalRoll-Revision1-HIN-11-WI.pdf,30,26,0.949,Y,relation_type_uncertain,name='विनोद'(1.00) | relation_name='राम प्रसाद'(0.95) | house_no='१५५'(0.96) | serial='836'(1.00) | epic='ZSY2862951'(0.96) | age='37'(1.00) | house_no='?44'(0.90),2
837,रीना देवी,husband,विनोद,155,36,महिला,ZSY2862969,,,N,N,main,,2026-EROLLGEN-S24-86-SIR-FinalRoll-Revision1-HIN-11-WI.pdf,30,27,0.95,N,,name='रीना देवी'(1.00) | relation_name='विनोद'(1.00) | house_no='१५५'(0.95) | serial='837'(1.00) | epic='ZSY2862969'(1.00) | age='36'(1.00) | house_no='$44'(0.70),16
838,महाशंकर,father,पातीराम,155,32,पुरुष,ZSY1597319,,,N,N,main,,2026-EROLLGEN-S24-86-SIR-FinalRoll-Revision1-HIN-11-WI.pdf,30,28,0.99,N,,name='महाशंकर'(0.99) | relation_name='पातीराम'(0.99) | house_no='155'(1.00) | serial='838'(1.00) | epic='ZSY1597319'(1.00) | age='32'(1.00) | house_no='155'(1.00),1
839,रानी,husband,दीपक कुमार,155,30,महिला,ZSY3535630,,,N,N,main,,2026-EROLLGEN-S24-86-SIR-FinalRoll-Revision1-HIN-11-WI.pdf,30,29,0.839,Y,low_ocr_confidence,name='रानी'(0.84) | relation_name='दीपक कुमार'(0.95) | house_no='155'(1.00) | serial='839'(1.00) | epic='ZSY3535630'(1.00) | age='30'(1.00) | house_no='155'(1.00),1
840,सूरजमुखी,husband,बच्चू सिंह,156,57,महिला,CTV1859735,,,N,N,main,,2026-EROLLGEN-S24-86-SIR-FinalRoll-Revision1-HIN-11-WI.pdf,30,30,0.918,N,,name='सूरजमुखी'(0.94) | relation_name='बच्चू सिंह'(0.92) | house_no='156'(1.00) | serial='840'(1.00) | epic='CTV1859735'(1.00) | age='57'(1.00) | house_no='156'(1.00),14
841,बच्यूसिहं,father,सूरजपाल,56,57,पुरुष,CTV1859370,,,N,N,main,,2026-EROLLGEN-S24-86-SIR-FinalRoll-Revision1-HIN-11-WI.pdf,31,1,0.919,N,,name='बच्यूसिहं'(0.92) | relation_name='सूरजपाल'(0.95) | house_no='56'(1.00) | serial='841'(1.00) | epic='CTV1859370'(1.00) | age='57'(1.00) | house_no='56'(1.00),1
842,वीरू,father,बच्चू सिंह,156,36,पुरुष,ZSY3936143,,,N,N,main,,2026-EROLLGEN-S24-86-SIR-FinalRoll-Revision1-HIN-11-WI.pdf,31,2,0.862,Y,low_ocr_confidence,name='वीरू'(0.86) | relation_name='बच्चू सिंह'(0.91) | house_no='156'(0.96) | serial='842'(1.00) | epic='ZSY3936143'(1.00) | age='36'(1.00) | house_no='156'(1.00),1
843,मुज्नी देवी,husband,वीरू,156,32,महिला,ZSY2499507,,,N,N,main,,2026-EROLLGEN-S24-86-SIR-FinalRoll-Revision1-HIN-11-WI.pdf,31,3,0.91,N,,name='मुज्नी देवी'(0.91) | relation_name='वीरू'(1.00) | house_no='156'(1.00) | serial='843'(1.00) | epic='ZSY2499507'(1.00) | age='32'(1.00) | house_no='156'(1.00),14
844,संदीप कुमार,father,बच्यू सिंह,156,30,पुरुष,ZSY3936192,,,N,N,main,,2026-EROLLGEN-S24-86-SIR-FinalRoll-Revision1-HIN-11-WI.pdf,31,4,0.834,Y,low_ocr_confidence,name='संदीप कुमार'(0.96) | relation_name='बच्यू सिंह'(0.83) | house_no='156'(0.99) | serial='844'(1.00) | epic='ZSY3936192'(1.00) | age='30'(1.00) | house_no='156'(0.85),1
845,सुन्दर,father,म: बच्चू सिंह,156,26,पुरुष,ZSY3936101,,,N,N,main,,2026-EROLLGEN-S24-86-SIR-FinalRoll-Revision1-HIN-11-WI.pdf,31,5,0.89,Y,low_ocr_confidence,name='सुन्दर'(0.96) | relation_name='म: बच्चू सिंह'(0.89) | house_no='156'(0.99) | serial='845'(1.00) | epic='ZSY3936101'(1.00) | age='26'(1.00) | house_no='156'(0.99),2
846,लक्ष्मी,husband,संदीप कुमार,156,22,महिला,ZSY3936259,,,N,N,main,,2026-EROLLGEN-S24-86-SIR-FinalRoll-Revision1-HIN-11-WI.pdf,31,6,0.994,N,,"name='लक्ष्मी'(0.99) | relation_name='संदीप कुमार'(1.00) | house_no='156""'(0.87) | serial='846'(1.00) | epic='ZSY3936259'(1.00) | age='22'(1.00) | house_no='156'(1.00)",17
847,संजना,husband,सुन्दर,156,21,महिला,ZSY3940582,,,N,N,main,,2026-EROLLGEN-S24-86-SIR-FinalRoll-Revision1-HIN-11-WI.pdf,31,7,0.948,N,,name='संजना'(0.95) | relation_name='सुन्दर'(0.98) | house_no='156'(1.00) | serial='847'(1.00) | epic='ZSY3940582'(1.00) | age='21'(1.00) | house_no='156'(1.00),1
848,अशोक,father,रामसहाय,157,53,पुरुष,ZSY3227832,,,N,N,main,,2026-EROLLGEN-S24-86-SIR-FinalRoll-Revision1-HIN-11-WI.pdf,31,8,0.918,N,,name='अशोक'(0.96) | relation_name='रामसहाय'(0.96) | house_no='157'(1.00) | serial='848'(0.92) | epic='ZSY3227832'(0.97) | age='53'(0.95) | house_no='157'(1.00),1
849,कृष्णा देवी,husband,अशोक,157,42,महिला,ZSY3228558,,,N,N,main,,2026-EROLLGEN-S24-86-SIR-FinalRoll-Revision1-HIN-11-WI.pdf,31,9,0.923,N,,name='कृष्णा देवी'(0.93) | relation_name='अशोक'(0.92) | house_no='157'(1.00) | serial='849'(1.00) | epic='ZSY3228558'(0.98) | age='42'(1.00) | house_no='157'(1.00),14
850,केशव,father,लाखन सिंह,158,37,पुरुष,ZSY3535648,,,N,N,main,,2026-EROLLGEN-S24-86-SIR-FinalRoll-Revision1-HIN-11-WI.pdf,31,10,0.979,N,,name='केशव'(1.00) | relation_name='लाखन सिंह'(0.98) | house_no='158'(1.00) | serial='850'(1.00) | epic='ZSY3535648'(1.00) | age='37'(1.00) | house_no='158'(1.00),1
851,सूर्यकांत,father,बाबूराम,434,65,पुरुष,CTV2872356,,,N,N,main,,2026-EROLLGEN-S24-86-SIR-FinalRoll-Revision1-HIN-11-WI.pdf,31,11,0.903,N,,name='सूर्यकांत'(1.00) | relation_name='बाबूराम'(0.90) | house_no='434'(0.98) | serial='851'(1.00) | epic='CTV2872356'(1.00) | age='65'(1.00) | house_no='434'(1.00),2
852,संजय जयन्त,father,बाबूराम,434,51,पुरुष,CTV1859677,,,N,N,main,,2026-EROLLGEN-S24-86-SIR-FinalRoll-Revision1-HIN-11-WI.pdf,31,12,0.96,N,,name='संजय जयन्त'(0.96) | relation_name='बाबूराम'(0.97) | house_no='434'(0.96) | serial='852'(1.00) | epic='CTV1859677'(1.00) | age='51'(1.00) | house_no='434'(1.00),17
853,रेखा रानी,husband,संजय जयन्त,434,48,महिला,ZSY0396952,,,N,N,main,,2026-EROLLGEN-S24-86-SIR-FinalRoll-Revision1-HIN-11-WI.pdf,31,13,0.969,N,,name='रेखा रानी'(0.98) | relation_name='संजय जयन्त'(0.97) | house_no='434'(0.99) | serial='853'(1.00) | epic='ZSY0396952'(1.00) | age='48'(1.00) | house_no='434'(1.00),2
854,संदीप कुमार,father,सूर्यकान्त,434,43,पुरुष,ZSY0498584,,,N,N,main,,2026-EROLLGEN-S24-86-SIR-FinalRoll-Revision1-HIN-11-WI.pdf,31,14,0.965,N,,name='संदीप कुमार'(1.00) | relation_name='सूर्यकान्त'(0.97) | house_no='434'(0.99) | serial='854'(1.00) | epic='ZSY0498584'(1.00) | age='43'(1.00) | house_no='434'(1.00),2
855,प्रवीन कुमार,father,सूर्यकान्त,434,32,पुरुष,ZSY1597285,,,N,N,main,,2026-EROLLGEN-S24-86-SIR-FinalRoll-Revision1-HIN-11-WI.pdf,31,15,0.959,N,,name='प्रवीन कुमार'(0.98) | relation_name='सूर्यकान्त'(0.96) | house_no='434'(1.00) | serial='855'(1.00) | epic='ZSY1597285'(1.00) | age='32'(1.00) | house_no='434'(1.00),15
856,राजेन्द्र,father,रामस्वरूप,435,58,पुरुष,ZSY1261775,,,N,N,main,,2026-EROLLGEN-S24-86-SIR-FinalRoll-Revision1-HIN-11-WI.pdf,31,16,0.806,Y,low_ocr_confidence,name='राजेन्द्र'(0.93) | relation_name='रामस्वरूप'(1.00) | house_no='435'(1.00) | serial='856'(0.81) | epic='ZSY1261775'(1.00) | age='58'(1.00) | house_no='435'(1.00),1
857,पप्पू,father,रामस्वरूप,435,48,पुरुष,ZSY0390682,,,N,N,main,,2026-EROLLGEN-S24-86-SIR-FinalRoll-Revision1-HIN-11-WI.pdf,31,17,0.923,N,,name='पप्पू'(0.92) | relation_name='रामस्वरूप'(0.99) | house_no='435'(1.00) | serial='857'(1.00) | epic='ZSY0390682'(1.00) | age='48'(1.00) | house_no='435'(1.00),1
858,विजय सिंह,father,गनपति,435,45,पुरुष,ZSY0968735,,,N,N,main,,2026-EROLLGEN-S24-86-SIR-FinalRoll-Revision1-HIN-11-WI.pdf,31,18,0.99,N,,name='विजय सिंह'(1.00) | relation_name='गनपति'(0.99) | house_no='435'(1.00) | serial='858'(1.00) | epic='ZSY0968735'(1.00) | age='45'(1.00) | house_no='435'(1.00),15
859,मुन्ना,father,रामस्वरूप,435,45,पुरुष,ZSY1261759,,,N,N,main,,2026-EROLLGEN-S24-86-SIR-FinalRoll-Revision1-HIN-11-WI.pdf,31,19,0.937,N,,name='मुन्ना'(0.99) | relation_name='रामस्वरूप'(0.94) | house_no='435'(1.00) | serial='859'(1.00) | epic='ZSY1261759'(1.00) | age='45'(1.00) | house_no='435'(1.00),1
860,प्रहलाद,father,रामस्वरूप,435,45,पुरुष,ZSY0390690,,,N,N,main,,2026-EROLLGEN-S24-86-SIR-FinalRoll-Revision1-HIN-11-WI.pdf,31,20,0.988,Y,serial_corrected,name='प्रहलाद'(0.99) | relation_name='रामस्वरूप'(0.99) | house_no='435'(1.00) | serial='86C'(0.99) | epic='ZSY0390690'(1.00) | age='45'(1.00) | house_no='435'(1.00),2
861,संजय,father,रामस्वरूप,435,42,पुरुष,ZSY1261767,,,N,N,main,,2026-EROLLGEN-S24-86-SIR-FinalRoll-Revision1-HIN-11-WI.pdf,31,21,0.978,N,,name='संजय'(0.99) | relation_name='रामस्वरूप'(0.98) | house_no='435'(1.00) | serial='861'(1.00) | epic='ZSY1261767'(1.00) | age='42'(1.00) | house_no='435'(1.00),16
862,रूकमणी,husband,विजय सिंह,435,41,महिला,ZSY2862902,,,N,N,main,,2026-EROLLGEN-S24-86-SIR-FinalRoll-Revision1-HIN-11-WI.pdf,31,22,0.975,N,,name='रूकमणी'(0.99) | relation_name='विजय सिंह'(0.98) | house_no='४३५'(1.00) | serial='862'(1.00) | epic='ZSY2862902'(0.98) | age='41'(1.00) | house_no='834'(0.97),1
863,चम्पा,husband,प्रहलाद,435,33,महिला,ZSY0717868,,,N,N,main,,2026-EROLLGEN-S24-86-SIR-FinalRoll-Revision1-HIN-11-WI.pdf,31,23,0.942,N,,name='चम्पा'(0.94) | relation_name='प्रहलाद'(0.99) | house_no='435'(1.00) | serial='863'(1.00) | epic='ZSY0717868'(1.00) | age='33'(1.00) | house_no='435'(1.00),1
864,रीना देवी,husband,संजय,435,31,महिला,ZSY2499424,,,N,N,main,,2026-EROLLGEN-S24-86-SIR-FinalRoll-Revision1-HIN-11-WI.pdf,31,24,0.927,N,,name='रीना देवी'(0.93) | relation_name='संजय'(0.99) | house_no='435'(1.00) | serial='864'(1.00) | epic='ZSY2499424'(1.00) | age='31'(1.00) | house_no='435'(0.84),15
865,शिंकी,husband,राजू,435,30,महिला,ZSY2862647,,,N,N,main,,2026-EROLLGEN-S24-86-SIR-FinalRoll-Revision1-HIN-11-WI.pdf,31,25,0.898,Y,low_ocr_confidence,name='शिंकी'(0.95) | relation_name='राजू'(0.93) | house_no='४३५'(0.90) | serial='865'(1.00) | epic='ZSY2862647'(1.00) | age='30'(1.00) | house_no='$8^$'(0.70),1
866,धीरी सिंह,father,वेजय सिंह,435,26,पुरुष,ZSY2862944,,,N,N,main,,2026-EROLLGEN-S24-86-SIR-FinalRoll-Revision1-HIN-11-WI.pdf,31,26,0.903,Y,relation_type_uncertain,name='धीरी सिंह'(0.96) | relation_name='वेजय सिंह'(0.90) | house_no='४३५'(1.00) | serial='866'(1.00) | epic='ZSY2862944'(1.00) | age='26'(1.00) | house_no='834'(0.99),2
867,बाबू,father,विजय सिंह,435,21,पुरुष,ZSY3943040,,,N,N,main,,2026-EROLLGEN-S24-86-SIR-FinalRoll-Revision1-HIN-11-WI.pdf,31,27,0.905,Y,relation_type_uncertain,name='बाबू'(0.90) | relation_name='विजय सिंह'(1.00) | house_no='435'(0.99) | serial='867'(1.00) | epic='ZSY3943040'(1.00) | age='21'(1.00) | house_no='435'(1.00),16
868,माया,husband,दौजी,439,83,महिला,CTV1859461,,,N,N,main,,2026-EROLLGEN-S24-86-SIR-FinalRoll-Revision1-HIN-11-WI.pdf,31,28,0.839,Y,low_ocr_confidence,name='माया'(1.00) | relation_name='दौजी'(0.95) | house_no='439'(1.00) | serial='868'(1.00) | epic='CTV1859461'(1.00) | age='83'(0.84) | house_no='439'(1.00),1
869,सुनील,father,दौजी,439,48,पुरुष,ZSY0390708,,,N,N,main,,2026-EROLLGEN-S24-86-SIR-FinalRoll-Revision1-HIN-11-WI.pdf,31,29,0.895,Y,low_ocr_confidence,name='सुनील'(0.98) | relation_name='दौजी'(0.89) | house_no='439'(1.00) | serial='869'(1.00) | epic='ZSY0390708'(1.00) | age='48'(1.00) | house_no='439'(1.00),1
870,लक्ष्मी,husband,सुनील,439,45,महिला,CTV1859453,,,N,N,main,,2026-EROLLGEN-S24-86-SIR-FinalRoll-Revision1-HIN-11-WI.pdf,31,30,0.866,Y,low_ocr_confidence,name='लक्ष्मी'(0.98) | relation_name='सुनील'(1.00) | house_no='439'(1.00) | serial='870'(1.00) | epic='CTV1859453'(0.95) | age='45'(0.87) | house_no='439'(1.00),14
871,गौरव कुमार,father,सुनील कुमार,439,24,पुरुष,ZSY3228335,,,N,N,main,,2026-EROLLGEN-S24-86-SIR-FinalRoll-Revision1-HIN-11-WI.pdf,32,1,0.975,N,,name='गौरव कुमार'(0.99) | relation_name='सुनील कुमार'(0.97) | house_no='439'(0.99) | serial='871'(1.00) | epic='ZSY3228335'(1.00) | age='24'(1.00) | house_no='439'(0.99),1
872,कुनिका कुमारी,father,सुनील कुमार,439,24,महिला,ZSY3586716,#,# (not in legend),N,N,main,,2026-EROLLGEN-S24-86-SIR-FinalRoll-Revision1-HIN-11-WI.pdf,32,2,0.87,Y,low_ocr_confidence,name='कुनिका कुमारी'(0.98) | relation_name='सुनील कुमार'(0.87) | house_no='439'(1.00) | serial='872'(1.00) | epic='ZSY3586716'(1.00) | age='24'(1.00) | house_no='439'(0.97),1
873,मनीषा कुमारी,father,'सुनील कुमार,439,22,महिला,ZSY3587391,,,N,N,main,,2026-EROLLGEN-S24-86-SIR-FinalRoll-Revision1-HIN-11-WI.pdf,32,3,0.87,Y,low_ocr_confidence,"name='मनीषा कुमारी'(0.97) | relation_name=""'सुनील कुमार""(0.96) | house_no='439'(0.99) | serial='873'(1.00) | epic='ZSY3587391'(0.96) | age='22'(0.87) | house_no='439'(0.98)",14
874,मंजू देवी,husband,भगवती प्रसाद,658,56,महिला,ZSY1756915,,,N,N,main,,2026-EROLLGEN-S24-86-SIR-FinalRoll-Revision1-HIN-11-WI.pdf,32,4,0.905,N,,name='मंजू देवी'(0.91) | relation_name='भगवती प्रसाद'(0.93) | house_no='658'(1.00) | serial='874'(1.00) | epic='ZSY1756915'(1.00) | age='56'(1.00) | house_no='658'(1.00),1
875,गंगादेवी,husband,चोखेलाल,1,79,महिला,CTV1490770,,,N,N,main,,2026-EROLLGEN-S24-86-SIR-FinalRoll-Revision1-HIN-11-WI.pdf,33,1,0.964,N,,name='गंगादेवी'(0.99) | relation_name='चोखेलाल'(0.96) | house_no='1'(0.99) | serial='875'(1.00) | epic='CTV1490770'(1.00) | age='79'(1.00) | house_no='1'(1.00),1
876,उमिला,husband,चन्दभान,1,73,महिला,CTV1860824,,,N,N,main,,2026-EROLLGEN-S24-86-SIR-FinalRoll-Revision1-HIN-11-WI.pdf,33,2,0.876,Y,low_ocr_confidence,name='उमिला'(0.88) | relation_name='चन्दभान'(0.98) | house_no='1'(0.97) | serial='876'(0.99) | epic='CTV1860824'(1.00) | age='73'(1.00) | house_no='1'(1.00),1
877,रामवीर,father,शिव सिंह,1,67,पुरुष,UP703550018001,,,N,N,main,,2026-EROLLGEN-S24-86-SIR-FinalRoll-Revision1-HIN-11-WI.pdf,33,3,0.898,Y,epic_format|low_ocr_confidence,name='रामवीर'(0.96) | relation_name='शिव सिंह'(0.90) | house_no='1'(0.98) | serial='877|'(0.98) | epic='UP/70/355/0018001'(1.00) | age='67'(1.00) | house_no='1'(1.00),14
878,उमिला देवी,husband,समुदर सिंह,1,63,महिला,CTV2056216,,,N,N,main,,2026-EROLLGEN-S24-86-SIR-FinalRoll-Revision1-HIN-11-WI.pdf,33,4,0.91,N,,name='उमिला देवी'(0.98) | relation_name='समुदर सिंह'(0.91) | house_no='1'(0.98) | serial='878'(1.00) | epic='CTV2056216'(1.00) | age='63'(1.00) | house_no='1'(0.93),1
879,उ्मिला देवी,husband,रामवीर सिंह,1,57,महिला,ZSY1933126,,,N,N,main,,2026-EROLLGEN-S24-86-SIR-FinalRoll-Revision1-HIN-11-WI.pdf,33,5,0.961,N,,name='उ्मिला देवी'(0.96) | relation_name='रामवीर सिंह'(0.98) | house_no='1'(0.99) | serial='879'(1.00) | epic='ZSY1933126'(1.00) | age='57'(1.00) | house_no='1'(1.00),2
880,मछला देवी,husband,प्पू सिंह,01,51,महिला,ZSY2611291,,,N,N,main,,2026-EROLLGEN-S24-86-SIR-FinalRoll-Revision1-HIN-11-WI.pdf,33,6,0.876,Y,low_ocr_confidence,name='मछला देवी'(0.99) | relation_name='प्पू सिंह'(0.95) | house_no='0$'(0.56) | serial='880'(1.00) | epic='ZSY2611291'(1.00) | age='51'(1.00) | house_no='01'(0.88),17
881,विनीता सिंह,husband,हरपाल सिंह,1,49,महिला,CTV3300381,,,N,N,main,,2026-EROLLGEN-S24-86-SIR-FinalRoll-Revision1-HIN-11-WI.pdf,33,7,0.977,N,,name='विनीता सिंह'(0.99) | relation_name='हरपाल सिंह'(0.98) | house_no='1'(0.99) | serial='881'(1.00) | epic='CTV3300381'(1.00) | age='49'(1.00) | house_no='1'(1.00),1
882,निहाल सिंह,father,भूरी सिंह,1,46,पुरुष,ZSY0493783,,,N,N,main,,2026-EROLLGEN-S24-86-SIR-FinalRoll-Revision1-HIN-11-WI.pdf,33,8,0.719,Y,low_ocr_confidence,name='निहाल सिंह'(1.00) | relation_name='भूरी सिंह'(0.97) | house_no='i'(0.36) | serial='882'(1.00) | epic='ZSY0493783'(1.00) | age='46'(1.00) | house_no='1'(0.72),1
883,डोली,husband,बरल्देव सिंह,1,46,महिला,CTV1860923,,,N,N,main,,2026-EROLLGEN-S24-86-SIR-FinalRoll-Revision1-HIN-11-WI.pdf,33,9,0.875,Y,low_ocr_confidence,name='डोली'(0.89) | relation_name='बरल्देव सिंह'(0.94) | house_no='1'(0.98) | serial='883'(0.88) | epic='CTV1860923'(1.00) | age='46'(1.00) | house_no='1'(1.00),14
884,कमलेश,husband,संजीव कुमार,1,44,महिला,ZSY0718247,,,N,N,main,,2026-EROLLGEN-S24-86-SIR-FinalRoll-Revision1-HIN-11-WI.pdf,33,10,0.879,Y,low_ocr_confidence,name='कमलेश'(0.94) | relation_name='संजीव कुमार'(1.00) | house_no='1'(0.88) | serial='884'(1.00) | epic='ZSY0718247'(1.00) | age='44'(1.00) | house_no='1 ×'(0.71),1
885,मनोज कुमार,father,सामरे सिंह,1,43,पुरुष,CTV3283181,,,N,N,main,,2026-EROLLGEN-S24-86-SIR-FinalRoll-Revision1-HIN-11-WI.pdf,33,11,0.927,N,,name='मनोज कुमार'(0.97) | relation_name='सामरे सिंह'(0.93) | house_no='1'(0.99) | serial='885'(1.00) | epic='CTV3283181'(1.00) | age='43'(1.00) | house_no='1'(1.00),2
886,विजय सिंह,father,भूरी सिंह,i,42,पुरुष,CTV2871838,,,N,N,main,,2026-EROLLGEN-S24-86-SIR-FinalRoll-Revision1-HIN-11-WI.pdf,33,12,0.867,Y,low_ocr_confidence,name='विजय सिंह'(1.00) | relation_name='भूरी सिंह'(0.97) | house_no='i'(0.40) | serial='886'(1.00) | epic='CTV2871838'(0.98) | age='42'(1.00) | house_no='i'(0.87),17
887,गिरधारी,father,राजन सिंह,1,42,पुरुष,CTV2871945,,,N,N,main,,2026-EROLLGEN-S24-86-SIR-FinalRoll-Revision1-HIN-11-WI.pdf,33,13,0.931,N,,name='गिरधारी'(0.98) | relation_name='राजन सिंह'(0.93) | house_no='1'(0.98) | serial='887'(1.00) | epic='CTV2871945'(0.96) | age='42'(1.00) | house_no='1'(1.00),2
888,जगवीर सिंह,father,प्पू सिंह,"1""",40,पुरुष,ZSY0037689,,,N,N,main,,2026-EROLLGEN-S24-86-SIR-FinalRoll-Revision1-HIN-11-WI.pdf,33,14,0.878,Y,low_ocr_confidence,"name='जगवीर सिंह'(1.00) | relation_name='प्पू सिंह'(0.88) | house_no='1""'(0.94) | serial='888'(1.00) | epic='ZSY0037689'(1.00) | age='40'(1.00) | house_no='1 ""'(0.92)",2
889,कृष्ण कुमार,father,वेद प्रकाश,1,37,पुरुष,ZSY0037622,,,N,N,main,,2026-EROLLGEN-S24-86-SIR-FinalRoll-Revision1-HIN-11-WI.pdf,33,15,0.918,N,,name='कृष्ण कुमार'(0.92) | relation_name='वेद प्रकाश'(0.99) | house_no='1'(0.98) | serial='889'(1.00) | epic='ZSY0037622'(0.93) | age='37'(1.00) | house_no='1'(1.00),15
890,प्रीती,husband,कृष्ण कुमार,01,33,महिला,ZSY1933290,,,N,N,main,,2026-EROLLGEN-S24-86-SIR-FinalRoll-Revision1-HIN-11-WI.pdf,33,16,0.53,Y,low_ocr_confidence,name='प्रीती'(1.00) | relation_name='कृष्ण कुमार'(0.99) | house_no='0१'(0.53) | serial='890'(1.00) | epic='ZSY1933290'(1.00) | age='33'(1.00) | house_no='$o f'(0.56),1
891,रेखा देवी,husband,राजू सिंह,1,36,महिला,ZSY0717280,#,# (not in legend),N,N,main,,2026-EROLLGEN-S24-86-SIR-FinalRoll-Revision1-HIN-11-WI.pdf,33,17,0.895,Y,serial_corrected|low_ocr_confidence,"name='रेखा देवी'(0.91) | relation_name='राजू सिंह'(0.98) | house_no='1'(0.91) | serial=""89'""(0.90) | epic='ZSY0717280'(1.00) | age='36'(1.00) | house_no='1'(0.99)",1
892,गायत्री देवी,husband,जय पाल सिंह,3,32,महिला,ZSY1933324,,,N,N,main,,2026-EROLLGEN-S24-86-SIR-FinalRoll-Revision1-HIN-11-WI.pdf,33,18,0.697,Y,low_ocr_confidence,name='गायत्री देवी'(0.93) | relation_name='जय पाल सिंह'(0.99) | house_no='२'(0.59) | serial='892'(1.00) | epic='ZSY1933324'(1.00) | age='32'(1.00) | house_no='3'(0.70),15
893,मंन्जूदेवी,husband,गगवीर सिंह,01,32,महिला,ZSY2863082,,,N,N,main,,2026-EROLLGEN-S24-86-SIR-FinalRoll-Revision1-HIN-11-WI.pdf,33,19,0.949,N,,name='मंन्जूदेवी'(1.00) | relation_name='गगवीर सिंह'(0.95) | house_no='01'(0.97) | serial='893'(1.00) | epic='ZSY2863082'(1.00) | age='32'(1.00) | house_no='01'(1.00),1
894,सोनिया,husband,अंजीत सिंह,01,30,महिला,ZSY3358892,,,N,N,main,,2026-EROLLGEN-S24-86-SIR-FinalRoll-Revision1-HIN-11-WI.pdf,33,20,0.982,N,,name='सोनिया'(0.99) | relation_name='अंजीत सिंह'(0.98) | house_no='01'(0.99) | serial='894'(1.00) | epic='ZSY3358892'(1.00) | age='30'(1.00) | house_no='01'(1.00),2
895,प्रेमलता खैनवार,husband,देवेश जूरेल,"01""",27,महिला,ZSY3847779,,,N,N,main,,2026-EROLLGEN-S24-86-SIR-FinalRoll-Revision1-HIN-11-WI.pdf,33,21,0.895,Y,low_ocr_confidence,"name='प्रेमलता खैनवार'(0.96) | relation_name='देवेश जूरेल'(0.90) | house_no='01""'(0.93) | serial='895'(1.00) | epic='ZSY3847779'(1.00) | age='27'(1.00) | house_no='01 ""'(0.92)",16
896,देवेश जुरेल,father,वेद प्रकाश जुरेल,01,26,पुरुष,ZSY2774040,,,N,N,main,,2026-EROLLGEN-S24-86-SIR-FinalRoll-Revision1-HIN-11-WI.pdf,33,22,0.926,N,,name='देवेश जुरेल'(0.95) | relation_name='वेद प्रकाश जुरेल'(0.94) | house_no='01'(0.93) | serial='896'(1.00) | epic='ZSY2774040'(1.00) | age='26'(1.00) | house_no='01'(0.85),1
897,शान्तीदेवयी,husband,लेख सिंह,2,76,महिला,CTV2056364,,,N,N,main,,2026-EROLLGEN-S24-86-SIR-FinalRoll-Revision1-HIN-11-WI.pdf,33,23,0.882,Y,low_ocr_confidence,name='शान्तीदेवयी'(0.88) | relation_name='लेख सिंह'(0.97) | house_no='2'(0.99) | serial='897'(1.00) | epic='CTV2056364'(0.99) | age='76'(1.00) | house_no='2'(1.00),1
898,राकेश कुमार,father,चोखेलाल,2,52,पुरुष,ZSY1261627,,,N,N,main,,2026-EROLLGEN-S24-86-SIR-FinalRoll-Revision1-HIN-11-WI.pdf,33,24,0.932,N,,name='राकेश कुमार'(1.00) | relation_name='चोखेलाल'(0.93) | house_no='2'(0.99) | serial='898'(1.00) | epic='ZSY1261627'(1.00) | age='52'(1.00) | house_no='2'(1.00),15
899,भूरी देवी,husband,कोमल सिंह,2,52,महिला,ZSY2510824,,,N,N,main,,2026-EROLLGEN-S24-86-SIR-FinalRoll-Revision1-HIN-11-WI.pdf,33,25,0.442,Y,low_ocr_confidence,name='भूरी देवी'(1.00) | relation_name='कोमल सिंह'(0.99) | house_no='२'(0.33) | serial='899'(1.00) | epic='ZSY2510824'(0.98) | age='52'(1.00) | house_no='2'(0.44),1
900,मीना देवी,husband,प्रताप सिंह,3,51,महिला,ZSY2510709,,,N,N,main,,2026-EROLLGEN-S24-86-SIR-FinalRoll-Revision1-HIN-11-WI.pdf,33,26,0.81,Y,low_ocr_confidence,name='मीना देवी'(0.97) | relation_name='प्रताप सिंह'(1.00) | house_no='२'(0.48) | serial='900'(1.00) | epic='ZSY2510709'(1.00) | age='51'(1.00) | house_no='3'(0.81),2
901,श्यामवती देवी,husband,राकेश कुमार,2,49,महिला,ZSY1261635,,,N,N,main,,2026-EROLLGEN-S24-86-SIR-FinalRoll-Revision1-HIN-11-WI.pdf,33,27,0.98,N,,name='श्यामवती देवी'(1.00) | relation_name='राकेश कुमार'(1.00) | house_no='2'(0.98) | serial='901'(1.00) | epic='ZSY1261635'(1.00) | age='49'(1.00) | house_no='2'(0.94),16
902,परताप सिंह,father,लेख सिंह,2,48,पुरुष,ZSY0374371,,,N,N,main,,2026-EROLLGEN-S24-86-SIR-FinalRoll-Revision1-HIN-11-WI.pdf,33,28,0.986,N,,name='परताप सिंह'(1.00) | relation_name='लेख सिंह'(0.99) | house_no='2'(0.99) | serial='902'(1.00) | epic='ZSY0374371'(1.00) | age='48'(1.00) | house_no='2'(1.00),1
903,कोमल सिंह,father,लेख सिंह,2,47,पुरुष,ZSY0374389,,,N,N,main,,2026-EROLLGEN-S24-86-SIR-FinalRoll-Revision1-HIN-11-WI.pdf,33,29,0.936,N,,name='कोमल सिंह'(0.94) | relation_name='लेख सिंह'(0.97) | house_no='2'(0.99) | serial='903'(1.00) | epic='ZSY0374389'(1.00) | age='47'(1.00) | house_no='2'(1.00),1
904,मिथलेश,husband,सहाब सिं,2,43,महिला,CTV2872380,?,?,Y,Y,main,,2026-EROLLGEN-S24-86-SIR-FinalRoll-Revision1-HIN-11-WI.pdf,33,30,0.964,Y,status_letter_unclear,name='मिथलेश'(0.99) | relation_name='सहाब सिं'(0.96) | house_no='2'(0.97) | name~='मिथलेश'(0.98) | relation_name~='साहाए मिं़'(0.86) | house_no~='2'(0.67) | serial='904'(1.00) | epic='CTV2872380'(1.00) | age='43'(1.00) | house_no='2'(0.98) | age~='43'(1.00) | house_no~='2'(0.99),223
905,बल्देव जूरैल,father,प्रताप सिंह,02,35,पुरुष,ZSY2611275,,,N,N,main,,2026-EROLLGEN-S24-86-SIR-FinalRoll-Revision1-HIN-11-WI.pdf,34,1,0.881,Y,low_ocr_confidence,name='बल्देव जूरैल'(0.88) | relation_name='प्रताप सिंह'(0.99) | house_no='02'(0.99) | serial='905'(1.00) | epic='ZSY2611275'(0.98) | age='35'(1.00) | house_no='02'(1.00),1
906,पवन कुमार,father,राकेश कुमार,02,32,पुरुष,ZSY1933159,,,N,N,main,,2026-EROLLGEN-S24-86-SIR-FinalRoll-Revision1-HIN-11-WI.pdf,34,2,0.812,Y,low_ocr_confidence,name='पवन कुमार'(0.95) | relation_name='राकेश कुमार'(0.96) | house_no='०२'(0.81) | serial='906'(1.00) | epic='ZSY1933159'(0.98) | age='32'(1.00) | house_no='o2'(0.54),1
907,रैेनू देवी,husband,बरल्देव जूरेल,"02""",28,महिला,ZSY2863090,,,N,N,main,,2026-EROLLGEN-S24-86-SIR-FinalRoll-Revision1-HIN-11-WI.pdf,34,3,0.909,N,,"name='रैेनू देवी'(0.91) | relation_name='बरल्देव जूरेल'(0.95) | house_no='02""'(0.91) | serial='907'(1.00) | epic='ZSY2863090'(0.99) | age='28'(1.00) | house_no='02'(0.89)",14
908,जितेंद्र संह,father,म प्रताप सिंह,02,26,पुरुष,ZSY2850550,,,N,N,main,,2026-EROLLGEN-S24-86-SIR-FinalRoll-Revision1-HIN-11-WI.pdf,34,4,0.932,N,,name='जितेंद्र संह'(0.93) | relation_name='म प्रताप सिंह'(0.95) | house_no='02'(0.99) | serial='908'(1.00) | epic='ZSY2850550'(1.00) | age='26'(1.00) | house_no='02'(1.00),1
909,पंकज जूरेल,father,कोमल सिंह,02,26,पुरुष,ZSY2851483,,,N,N,main,,2026-EROLLGEN-S24-86-SIR-FinalRoll-Revision1-HIN-11-WI.pdf,34,5,0.951,N,,name='पंकज जूरेल'(0.95) | relation_name='कोमल सिंह'(0.99) | house_no='02'(0.99) | serial='909'(1.00) | epic='ZSY2851483'(1.00) | age='26'(1.00) | house_no='02'(1.00),2
910,संजू देवी,husband,पंकज जुरैल,2,26,महिला,ZSY3227147,,,N,N,main,,2026-EROLLGEN-S24-86-SIR-FinalRoll-Revision1-HIN-11-WI.pdf,34,6,0.951,N,,name='संजू देवी'(0.95) | relation_name='पंकज जुरैल'(1.00) | house_no='2'(0.98) | serial='910'(1.00) | epic='ZSY3227147'(1.00) | age='26'(1.00) | house_no='2'(0.95),17
911,हरिओम जुरेल,father,कोमल सिंह,2,24,पुरुष,ZSY3227113,,,N,N,main,,2026-EROLLGEN-S24-86-SIR-FinalRoll-Revision1-HIN-11-WI.pdf,34,7,0.901,N,,name='हरिओम जुरेल'(0.99) | relation_name='कोमल सिंह'(0.90) | house_no='2'(0.99) | serial='911'(1.00) | epic='ZSY3227113'(0.96) | age='24'(1.00) | house_no='2'(1.00),1
912,प्रेमवती,husband,गंगाराम,4,83,महिला,CTV2056448,,,N,N,main,,2026-EROLLGEN-S24-86-SIR-FinalRoll-Revision1-HIN-11-WI.pdf,34,8,0.951,N,,name='प्रेमवती'(0.95) | relation_name='गंगाराम'(1.00) | house_no='4'(0.98) | serial='912'(1.00) | epic='CTV2056448'(1.00) | age='83'(1.00) | house_no='4'(1.00),1
913,शकुन्तला देवी,husband,गीतम सिंह,4,71,महिला,CTV2056455,,,N,N,main,,2026-EROLLGEN-S24-86-SIR-FinalRoll-Revision1-HIN-11-WI.pdf,34,9,0.951,N,,name='शकुन्तला देवी'(0.97) | relation_name='गीतम सिंह'(0.95) | house_no='4'(0.97) | serial='913'(1.00) | epic='CTV2056455'(1.00) | age='71'(1.00) | house_no='4'(1.00),14
914,हुकम सिंह,father,गंगाराम,4,65,पुरुष,CTV2056430,,,N,N,main,,2026-EROLLGEN-S24-86-SIR-FinalRoll-Revision1-HIN-11-WI.pdf,34,10,0.981,N,,name='हुकम सिंह'(0.98) | relation_name='गंगाराम'(0.99) | house_no='4'(0.99) | serial='914'(1.00) | epic='CTV2056430'(1.00) | age='65'(1.00) | house_no='4'(1.00),1
915,गीतम सिंह,father,गंगाराम,4,58,पुरुष,UP703550018005,,,N,N,main,,2026-EROLLGEN-S24-86-SIR-FinalRoll-Revision1-HIN-11-WI.pdf,34,11,0.958,Y,epic_format,name='गीतम सिंह'(0.98) | relation_name='गंगाराम'(0.99) | house_no='4'(0.97) | serial='915|'(0.96) | epic='UP/70/355/0018005'(0.99) | age='58'(1.00) | house_no='4'(1.00),2
916,विजय सिंह,father,गंगाराम,4,54,पुरुष,ZSY0718023,,,N,N,main,,2026-EROLLGEN-S24-86-SIR-FinalRoll-Revision1-HIN-11-WI.pdf,34,12,0.972,N,,name='विजय सिंह'(1.00) | relation_name='गंगाराम'(0.99) | house_no='4'(0.99) | serial='916'(1.00) | epic='ZSY0718023'(0.97) | age='54'(1.00) | house_no='4'(1.00),17
917,पदमावती,husband,विजय सिंह,4,53,महिला,ZSY1836832,,,N,N,main,,2026-EROLLGEN-S24-86-SIR-FinalRoll-Revision1-HIN-11-WI.pdf,34,13,0.984,N,,name='पदमावती'(0.99) | relation_name='विजय सिंह'(1.00) | house_no='4'(0.98) | serial='917'(1.00) | epic='ZSY1836832'(1.00) | age='53'(1.00) | house_no='4'(1.00),2
918,गराज सिंह,father,हुकम सिंह,4,41,पुरुष,CTV4330690,,,N,N,main,,2026-EROLLGEN-S24-86-SIR-FinalRoll-Revision1-HIN-11-WI.pdf,34,14,0.934,N,,name='गराज सिंह'(0.93) | relation_name='हुकम सिंह'(0.97) | house_no='4'(0.94) | serial='918'(1.00) | epic='CTV4330690'(1.00) | age='41'(1.00) | house_no='4'(0.98),2
919,सोनवीर सिंह,father,गौतम सिंह,4,41,पुरुष,CTV4330682,,,N,N,main,,2026-EROLLGEN-S24-86-SIR-FinalRoll-Revision1-HIN-11-WI.pdf,34,15,0.965,N,,name='सोनवीर सिंह'(0.99) | relation_name='गौतम सिंह'(0.97) | house_no='4'(0.96) | serial='919'(1.00) | epic='CTV4330682'(1.00) | age='41'(1.00) | house_no='4'(1.00),15
920,बौबी देवी,husband,गिर्राज सिंह,4,40,महिला,ZSY0968230,,,N,N,main,,2026-EROLLGEN-S24-86-SIR-FinalRoll-Revision1-HIN-11-WI.pdf,34,16,0.873,Y,low_ocr_confidence,name='बौबी देवी'(0.87) | relation_name='गिर्राज सिंह'(0.89) | house_no='4'(0.99) | serial='920'(1.00) | epic='ZSY0968230'(1.00) | age='40'(1.00) | house_no='4'(1.00),1
921,जूली देवी,husband,सोनवीर सिंह,4,40,महिला,ZSY1836840,,,N,N,main,,2026-EROLLGEN-S24-86-SIR-FinalRoll-Revision1-HIN-11-WI.pdf,34,17,0.925,N,,name='जूली देवी'(0.92) | relation_name='सोनवीर सिंह'(0.96) | house_no='4'(0.97) | serial='921'(1.00) | epic='ZSY1836840'(1.00) | age='40'(1.00) | house_no='4'(1.00),1
922,पदम सिंह,father,हुकम सिंह,4,38,पुरुष,CTV3282977,,,N,N,main,,2026-EROLLGEN-S24-86-SIR-FinalRoll-Revision1-HIN-11-WI.pdf,34,18,0.964,N,,name='पदम सिंह'(0.98) | relation_name='हुकम सिंह'(0.99) | house_no='4'(0.96) | serial='922'(1.00) | epic='CTV3282977'(1.00) | age='38'(1.00) | house_no='4'(0.98),15
923,सुमन देवी,husband,पदम सिंह,4,37,महिला,ZSY0968248,,,N,N,main,,2026-EROLLGEN-S24-86-SIR-FinalRoll-Revision1-HIN-11-WI.pdf,34,19,0.98,N,,name='सुमन देवी'(0.98) | relation_name='पदम सिंह'(0.99) | house_no='4'(0.99) | serial='923'(1.00) | epic='ZSY0968248'(1.00) | age='37'(1.00) | house_no='4'(1.00),1
924,महावीर सिंह,father,तिम सिंह,4,37,पुरुष,ZSY0037630,,,N,N,main,,2026-EROLLGEN-S24-86-SIR-FinalRoll-Revision1-HIN-11-WI.pdf,34,20,0.919,N,,name='महावीर सिंह'(0.93) | relation_name='तिम सिंह'(0.92) | house_no='4'(0.97) | serial='924'(1.00) | epic='ZSY0037630'(1.00) | age='37'(1.00) | house_no='4'(1.00),2
925,बवीता देवी,husband,महावीर सिंह,4,36,महिला,ZSY0037648,,,N,N,main,,2026-EROLLGEN-S24-86-SIR-FinalRoll-Revision1-HIN-11-WI.pdf,34,21,0.932,N,,name='बवीता देवी'(0.93) | relation_name='महावीर सिंह'(0.98) | house_no='4'(0.67) | serial='925'(1.00) | epic='ZSY0037648'(1.00) | age='36'(1.00) | house_no='4'(1.00),16
926,रुूप सिंह,father,विजय सिंह,04,34,पुरुष,ZSY0717157,,,N,N,main,,2026-EROLLGEN-S24-86-SIR-FinalRoll-Revision1-HIN-11-WI.pdf,34,22,0.957,N,,name='रुूप सिंह'(0.96) | relation_name='विजय सिंह'(0.99) | house_no='04'(1.00) | serial='926'(1.00) | epic='ZSY0717157'(1.00) | age='34'(1.00) | house_no='04'(1.00),1
927,पुनम कुमारी,husband,रुप सिंह,04,34,महिला,ZSY0717165,,,N,N,main,,2026-EROLLGEN-S24-86-SIR-FinalRoll-Revision1-HIN-11-WI.pdf,34,23,0.844,Y,low_ocr_confidence,name='पुनम कुमारी'(0.99) | relation_name='रुप सिंह'(0.84) | house_no='04'(1.00) | serial='927'(1.00) | epic='ZSY0717165'(0.99) | age='34'(1.00) | house_no='04'(1.00),1
928,वसंत कुमार,father,विजय सिंह,4,32,पुरुष,ZSY1411909,,,N,N,main,,2026-EROLLGEN-S24-86-SIR-FinalRoll-Revision1-HIN-11-WI.pdf,34,24,0.972,N,,name='वसंत कुमार'(0.97) | relation_name='विजय सिंह'(0.98) | house_no='4'(0.97) | serial='928'(1.00) | epic='ZSY1411909'(1.00) | age='32'(1.00) | house_no='4'(1.00),15
929,राखी देवी,husband,बलवंत सिंह,04,31,महिला,ZSY3365426,,,N,N,main,,2026-EROLLGEN-S24-86-SIR-FinalRoll-Revision1-HIN-11-WI.pdf,34,25,0.95,N,,name='राखी देवी'(0.95) | relation_name='बलवंत सिंह'(0.99) | house_no='04'(0.99) | serial='929'(1.00) | epic='ZSY3365426'(1.00) | age='31'(1.00) | house_no='04'(1.00),1
930,बलवंत सिंह,father,गीतम सिंह,4,27,पुरुष,ZSY3227287,,,N,N,main,,2026-EROLLGEN-S24-86-SIR-FinalRoll-Revision1-HIN-11-WI.pdf,34,26,0.936,Y,relation_type_uncertain,name='बलवंत सिंह'(0.94) | relation_name='गीतम सिंह'(0.94) | house_no='4'(0.97) | serial='930'(1.00) | epic='ZSY3227287'(0.96) | age='27'(1.00) | house_no='4'(1.00),2
931,मंजू देवी,husband,किशन कुमार,04,27,महिला,ZSY3964269,,,N,N,main,,2026-EROLLGEN-S24-86-SIR-FinalRoll-Revision1-HIN-11-WI.pdf,34,27,0.945,N,,name='मंजू देवी'(0.94) | relation_name='किशन कुमार'(0.99) | house_no='04'(0.99) | serial='931'(1.00) | epic='ZSY3964269'(1.00) | age='27'(1.00) | house_no='04'(0.84),16
932,राधा,father,गराज सिंह,4,20,महिला,ZSY3936119,,,N,N,main,,2026-EROLLGEN-S24-86-SIR-FinalRoll-Revision1-HIN-11-WI.pdf,34,28,0.89,Y,low_ocr_confidence,name='राधा'(0.89) | relation_name='गराज सिंह'(0.95) | house_no='4'(0.99) | serial='932'(1.00) | epic='ZSY3936119'(1.00) | age='20'(1.00) | house_no='4'(1.00),1
933,सुरेश,father,सुरन्र सिंें,5,58,पुरुष,ZSY0374363,,,N,N,main,,2026-EROLLGEN-S24-86-SIR-FinalRoll-Revision1-HIN-11-WI.pdf,34,29,0.676,Y,low_ocr_confidence,name='सुरेश'(0.94) | relation_name='सुरन्र सिंें'(0.68) | house_no='५'(0.38) | serial='933'(0.99) | epic='ZSY0374363'(1.00) | age='58'(1.00) | house_no='5'(0.99),1
934,अंजना देवी,husband,दिनेश कुमार,5,49,महिला,ZSY1261619,,,N,N,main,,2026-EROLLGEN-S24-86-SIR-FinalRoll-Revision1-HIN-11-WI.pdf,34,30,0.96,N,,name='अंजना देवी'(0.99) | relation_name='दिनेश कुमार'(0.96) | house_no='5'(0.98) | serial='934'(1.00) | epic='ZSY1261619'(0.99) | age='49'(1.00) | house_no='5'(0.87),14
935,लक्ष्मी,husband,बनी सिंह,05,42,महिला,ZSY3365160,,,N,N,main,,2026-EROLLGEN-S24-86-SIR-FinalRoll-Revision1-HIN-11-WI.pdf,35,1,0.99,N,,name='लक्ष्मी'(0.99) | relation_name='बनी सिंह'(0.99) | house_no='05'(1.00) | serial='935'(1.00) | epic='ZSY3365160'(1.00) | age='42'(1.00) | house_no='05'(1.00),1
936,नित्या देवी,husband,रवीनद्र,05,32,महिला,ZSY3646817,,,N,N,main,,2026-EROLLGEN-S24-86-SIR-FinalRoll-Revision1-HIN-11-WI.pdf,35,2,0.856,Y,low_ocr_confidence,name='नित्या देवी'(0.93) | relation_name='रवीनद्र'(0.86) | house_no='05'(1.00) | serial='936'(1.00) | epic='ZSY3646817'(1.00) | age='32'(1.00) | house_no='05'(1.00),1
937,रविन्द्र,father,सुरेश सिंह जूरेल,5,31,पुरुष,ZSY2189835,,,N,N,main,,2026-EROLLGEN-S24-86-SIR-FinalRoll-Revision1-HIN-11-WI.pdf,35,3,0.844,Y,low_ocr_confidence,name='रविन्द्र'(0.96) | relation_name='सुरेश सिंह जूरेल'(0.95) | house_no=''(0.00) | serial='937'(1.00) | epic='ZSY2189835'(1.00) | age='31'(1.00) | house_no='5'(0.84),14
938,लक्ष्मी,husband,प्रताप,6,63,महिला,CTV2056547,,,N,N,main,,2026-EROLLGEN-S24-86-SIR-FinalRoll-Revision1-HIN-11-WI.pdf,35,4,0.961,N,,name='लक्ष्मी'(0.96) | relation_name='प्रताप'(1.00) | house_no='6'(0.97) | serial='938'(1.00) | epic='CTV2056547'(1.00) | age='63'(1.00) | house_no='6'(1.00),1
939,सावित्री,husband,हकिम सिंह,6,51,महिला,ZSY0718239,,,N,N,main,,2026-EROLLGEN-S24-86-SIR-FinalRoll-Revision1-HIN-11-WI.pdf,35,5,0.975,N,,name='सावित्री'(1.00) | relation_name='हकिम सिंह'(0.98) | house_no='6'(0.99) | serial='939'(1.00) | epic='ZSY0718239'(0.99) | age='51'(1.00) | house_no='6'(1.00),2
940,कन्हैया,father,हाकिम सिंह,6,34,पुरुष,ZSY0717264,,,N,N,main,,2026-EROLLGEN-S24-86-SIR-FinalRoll-Revision1-HIN-11-WI.pdf,35,6,0.976,N,,name='कन्हैया'(0.98) | relation_name='हाकिम सिंह'(0.99) | house_no='6'(0.98) | serial='940'(1.00) | epic='ZSY0717264'(1.00) | age='34'(1.00) | house_no='6'(1.00),17
941,अर्चना,husband,श्री कृष्ण,6,28,महिला,ZSY3227311,,,N,N,main,,2026-EROLLGEN-S24-86-SIR-FinalRoll-Revision1-HIN-11-WI.pdf,35,7,0.926,N,,name='अर्चना'(0.93) | relation_name='श्री कृष्ण'(1.00) | house_no='6'(0.78) | serial='941'(1.00) | epic='ZSY3227311'(1.00) | age='28'(1.00) | house_no='6'(1.00),1
942,आशु चौधरी,husband,कनहैया,6,25,महिला,ZSY3227337,,,N,N,main,,2026-EROLLGEN-S24-86-SIR-FinalRoll-Revision1-HIN-11-WI.pdf,35,8,0.872,Y,low_ocr_confidence,name='आशु चौधरी'(0.99) | relation_name='कनहैया'(0.87) | house_no='6'(0.95) | serial='942'(1.00) | epic='ZSY3227337'(0.99) | age='25'(1.00) | house_no='6'(1.00),1
943,श्री कृष्ण,father,हकिम सिंह,6,35,पुरुष,ZSY0717272,#,# (not in legend),N,N,main,,2026-EROLLGEN-S24-86-SIR-FinalRoll-Revision1-HIN-11-WI.pdf,35,9,0.85,Y,low_ocr_confidence,name='श्री कृष्ण'(0.85) | relation_name='हकिम सिंह'(1.00) | house_no='6'(0.87) | serial='943'(1.00) | epic='ZSY0717272'(0.99) | age='35'(1.00) | house_no='6'(1.00),14
944,दीपक कुमार,father,'हाकिम सिंह,06,20,पुरुष,ZSY1933142,,,N,N,main,,2026-EROLLGEN-S24-86-SIR-FinalRoll-Revision1-HIN-11-WI.pdf,35,10,0.861,Y,low_ocr_confidence,"name='दीपक कुमार'(0.86) | relation_name=""'हाकिम सिंह""(0.95) | house_no='06'(0.93) | serial='944'(1.00) | epic='ZSY1933142'(1.00) | age='20'(1.00) | house_no='06'(1.00)",1
945,गुल्लो देवी,husband,नेकसेराम,7,68,महिला,UP703550018008,,,N,N,main,,2026-EROLLGEN-S24-86-SIR-FinalRoll-Revision1-HIN-11-WI.pdf,35,11,0.953,Y,epic_format,name='गुल्लो देवी'(0.95) | relation_name='नेकसेराम'(0.96) | house_no='7'(0.96) | serial='945|'(0.97) | epic='UP/70/355/0018008'(0.99) | age='68'(1.00) | house_no='7'(1.00),2
946,साहव सिंह,father,नेकसेराम,7,50,पुरुष,ZSY0390625,,,N,N,main,,2026-EROLLGEN-S24-86-SIR-FinalRoll-Revision1-HIN-11-WI.pdf,35,12,0.95,N,,name='साहव सिंह'(0.96) | relation_name='नेकसेराम'(0.95) | house_no='7'(0.94) | serial='946'(1.00) | epic='ZSY0390625'(1.00) | age='50'(1.00) | house_no='7'(1.00),17
947,आओमप्रकाश,father,नेकसेराम,7,48,पुरुष,CTV2056422,,,N,N,main,,2026-EROLLGEN-S24-86-SIR-FinalRoll-Revision1-HIN-11-WI.pdf,35,13,0.929,N,,name='आओमप्रकाश'(0.93) | relation_name='नेकसेराम'(0.93) | house_no='7'(0.97) | serial='947'(1.00) | epic='CTV2056422'(1.00) | age='48'(1.00) | house_no='7'(1.00),2
948,सोदान सिंह,father,नेकसेराम,7,46,पुरुष,ZSY0396960,,,N,N,main,,2026-EROLLGEN-S24-86-SIR-FinalRoll-Revision1-HIN-11-WI.pdf,35,14,0.942,N,,name='सोदान सिंह'(0.94) | relation_name='नेकसेराम'(0.99) | house_no='7'(0.97) | serial='948'(0.97) | epic='ZSY0396960'(1.00) | age='46'(1.00) | house_no='7'(1.00),2
949,ओमवीर,father,विजेन्र सिंह,7,45,पुरुष,UP703550018007,,,N,N,main,,2026-EROLLGEN-S24-86-SIR-FinalRoll-Revision1-HIN-11-WI.pdf,35,15,0.963,Y,epic_format,name='ओमवीर'(0.99) | relation_name='विजेन्र सिंह'(0.96) | house_no='7'(0.83) | serial='949|'(0.97) | epic='UP/70/355/0018007'(1.00) | age='45'(1.00) | house_no='7'(1.00),15
950,जगवीरी देवी,husband,ओमप्रकाश,7,45,महिला,UP703550018009,,,N,N,main,,2026-EROLLGEN-S24-86-SIR-FinalRoll-Revision1-HIN-11-WI.pdf,35,16,0.91,Y,epic_format,name='जगवीरी देवी'(0.93) | relation_name='ओमप्रकाश'(0.91) | house_no='7'(0.93) | serial='950|'(0.99) | epic='UP/70/355/0018009'(1.00) | age='45'(1.00) | house_no='7'(1.00),1
951,योगेन्र सिंह,father,राजवीर सिंह,7,33,पुरुष,ZSY0968271,,,N,N,main,,2026-EROLLGEN-S24-86-SIR-FinalRoll-Revision1-HIN-11-WI.pdf,35,17,0.853,Y,low_ocr_confidence,name='योगेन्र सिंह'(0.85) | relation_name='राजवीर सिंह'(0.97) | house_no='7'(0.96) | serial='951'(1.00) | epic='ZSY0968271'(1.00) | age='33'(1.00) | house_no='7'(1.00),1
952,चंचल,husband,योगन्र सिंह,7,31,महिला,ZSY2614402,,,N,N,main,,2026-EROLLGEN-S24-86-SIR-FinalRoll-Revision1-HIN-11-WI.pdf,35,18,0.965,N,,name='चंचल'(1.00) | relation_name='योगन्र सिंह'(0.97) | house_no='7'(0.68) | serial='952'(1.00) | epic='ZSY2614402'(1.00) | age='31'(1.00) | house_no='7'(0.97),15
953,कुमारी ज्योति,father,ओमवीर सिंह,07,21,महिला,ZSY3569456,,,N,N,main,,2026-EROLLGEN-S24-86-SIR-FinalRoll-Revision1-HIN-11-WI.pdf,35,19,0.932,N,,name='कुमारी ज्योति'(1.00) | relation_name='ओमवीर सिंह'(0.93) | house_no='07'(1.00) | serial='953'(1.00) | epic='ZSY3569456'(1.00) | age='21'(1.00) | house_no='07'(1.00),1
954,गोपाल सिंह,father,ओमवीर सिंह,07,19,पुरुष,ZSY3964194,,,N,N,main,,2026-EROLLGEN-S24-86-SIR-FinalRoll-Revision1-HIN-11-WI.pdf,35,20,0.935,N,,name='गोपाल सिंह'(0.94) | relation_name='ओमवीर सिंह'(0.98) | house_no='07'(1.00) | serial='954'(1.00) | epic='ZSY3964194'(1.00) | age='19'(1.00) | house_no='07'(1.00),2
955,हरवीर सिंह,father,बनी सिंह,8,42,पुरुष,CTV2056463,,,N,N,main,,2026-EROLLGEN-S24-86-SIR-FinalRoll-Revision1-HIN-11-WI.pdf,35,21,0.873,Y,low_ocr_confidence,name='हरवीर सिंह'(1.00) | relation_name='बनी सिंह'(0.87) | house_no='8'(0.99) | serial='955'(1.00) | epic='CTV2056463'(1.00) | age='42'(1.00) | house_no='8'(1.00),16
956,सरोज देवी,husband,हरवीर सिंह,8,41,महिला,ZSY2611283,,,N,N,main,,2026-EROLLGEN-S24-86-SIR-FinalRoll-Revision1-HIN-11-WI.pdf,35,22,0.95,N,,name='सरोज देवी'(0.99) | relation_name='हरवीर सिंह'(0.95) | house_no='8'(0.95) | serial='956'(1.00) | epic='ZSY2611283'(0.98) | age='41'(1.00) | house_no='8'(1.00),1
957,राजकुमार,father,उदयवीर सिंह,8,37,पुरुष,CTV4653614,,,N,N,main,,2026-EROLLGEN-S24-86-SIR-FinalRoll-Revision1-HIN-11-WI.pdf,35,23,0.961,N,,name='राजकुमार'(0.96) | relation_name='उदयवीर सिंह'(0.98) | house_no='8'(0.98) | serial='957'(1.00) | epic='CTV4653614'(1.00) | age='37'(1.00) | house_no='8'(1.00),1
958,कृष्ण कुमार जूरैल,father,बनी सिंह,8,35,पुरुष,ZSY0968255,,,N,N,main,,2026-EROLLGEN-S24-86-SIR-FinalRoll-Revision1-HIN-11-WI.pdf,35,24,0.826,Y,low_ocr_confidence,name='कृष्ण कुमार जूरैल'(0.93) | relation_name='बनी सिंह'(0.83) | house_no='8'(0.98) | serial='958'(1.00) | epic='ZSY0968255'(1.00) | age='35'(1.00) | house_no='8'(1.00),15
959,यशवीर सिंह,father,उदयवीर सिंह,8,35,पुरुष,ZSY0968263,,,N,N,main,,2026-EROLLGEN-S24-86-SIR-FinalRoll-Revision1-HIN-11-WI.pdf,35,25,0.937,N,,name='यशवीर सिंह'(0.99) | relation_name='उदयवीर सिंह'(0.94) | house_no='8'(0.96) | serial='959'(1.00) | epic='ZSY0968263'(1.00) | age='35'(1.00) | house_no='8'(1.00),1
960,पुष्पा देवी,husband,कृष्ण कुमार जुरैल,8,31,महिला,ZSY2510717,,,N,N,main,,2026-EROLLGEN-S24-86-SIR-FinalRoll-Revision1-HIN-11-WI.pdf,35,26,0.94,N,,"name='पुष्पा देवी'(0.94) | relation_name='कृष्ण कुमार जुरैल'(0.98) | house_no='8'(0.94) | serial='960'(1.00) | epic='ZSY2510717'(0.99) | age='31'(1.00) | house_no='8 """"'(0.60)",2
961,दीपक सिंह,father,भीष्म सिंह,8,26,पुरुष,ZSY2851640,,,N,N,main,,2026-EROLLGEN-S24-86-SIR-FinalRoll-Revision1-HIN-11-WI.pdf,35,27,0.945,Y,relation_type_uncertain,name='दीपक सिंह'(0.96) | relation_name='भीष्म सिंह'(0.95) | house_no='8'(0.99) | serial='961'(1.00) | epic='ZSY2851640'(1.00) | age='26'(1.00) | house_no='8'(1.00),16
962,देवेन्द्र,father,भीप्मासिंह,08,26,पुरुष,ZSY2863041,,,N,N,main,,2026-EROLLGEN-S24-86-SIR-FinalRoll-Revision1-HIN-11-WI.pdf,35,28,0.857,Y,low_ocr_confidence,name='देवेन्द्र'(0.86) | relation_name='भीप्मासिंह'(0.88) | house_no='08'(0.99) | serial='962'(1.00) | epic='ZSY2863041'(1.00) | age='26'(1.00) | house_no='08'(1.00),1
963,खुशी देवी,husband,यशवीर सिंह,08,26,महिला,ZSY2863074,,,N,N,main,,2026-EROLLGEN-S24-86-SIR-FinalRoll-Revision1-HIN-11-WI.pdf,35,29,0.924,N,,name='खुशी देवी'(0.92) | relation_name='यशवीर सिंह'(0.99) | house_no='08'(0.99) | serial='963'(1.00) | epic='ZSY2863074'(1.00) | age='26'(1.00) | house_no='08'(1.00),1
964,धमेद्र सिंग,father,उदयवीर सिंह,8,21,पुरुष,ZSY3547833,,,N,N,main,,2026-EROLLGEN-S24-86-SIR-FinalRoll-Revision1-HIN-11-WI.pdf,35,30,0.946,N,,name='धमेद्र सिंग'(0.95) | relation_name='उदयवीर सिंह'(0.95) | house_no='8'(0.98) | serial='964'(1.00) | epic='ZSY3547833'(1.00) | age='21'(1.00) | house_no='8'(1.00),14
965,रविन्र सिंह,father,भीप्म सिंह,08,20,पुरुष,ZSY3705951,,,N,N,main,,2026-EROLLGEN-S24-86-SIR-FinalRoll-Revision1-HIN-11-WI.pdf,36,1,0.854,Y,low_ocr_confidence,name='रविन्र सिंह'(0.85) | relation_name='भीप्म सिंह'(0.92) | house_no='08'(1.00) | serial='965'(1.00) | epic='ZSY3705951'(1.00) | age='20'(1.00) | house_no='08'(1.00),1
966,मछला देवी,husband,गोपाल सिंह,20,67,महिला,ZSY1933175,,,N,N,main,,2026-EROLLGEN-S24-86-SIR-FinalRoll-Revision1-HIN-11-WI.pdf,36,2,0.844,Y,low_ocr_confidence,name='मछला देवी'(0.98) | relation_name='गोपाल सिंह'(0.97) | house_no='२०'(0.84) | serial='966'(1.00) | epic='ZSY1933175'(1.00) | age='67'(1.00) | house_no='$o$'(0.54),1
967,मभूपेंद्र संह,father,गोपाल सिंह,10,39,पुरुष,CTV2872000,,,N,N,main,,2026-EROLLGEN-S24-86-SIR-FinalRoll-Revision1-HIN-11-WI.pdf,36,3,0.883,Y,low_ocr_confidence,name='मभूपेंद्र संह'(0.88) | relation_name='गोपाल सिंह'(0.95) | house_no='10'(0.99) | serial='967'(1.00) | epic='CTV2872000'(0.98) | age='39'(1.00) | house_no='10'(1.00),14
968,बबली देवी,husband,शेव कुमार,10,39,महिला,ZSY2333714,,,N,N,main,,2026-EROLLGEN-S24-86-SIR-FinalRoll-Revision1-HIN-11-WI.pdf,36,4,0.87,Y,low_ocr_confidence,name='बबली देवी'(0.97) | relation_name='शेव कुमार'(0.93) | house_no='१०'(0.87) | serial='968'(1.00) | epic='ZSY2333714'(1.00) | age='39'(1.00) | house_no='$\\o$'(0.60),1
969,ऊषा देवी,husband,रामकुमार,10,30,महिला,ZSY2333722,,,N,N,main,,2026-EROLLGEN-S24-86-SIR-FinalRoll-Revision1-HIN-11-WI.pdf,36,5,0.448,Y,low_ocr_confidence,name='ऊषा देवी'(0.92) | relation_name='रामकुमार'(0.95) | house_no='१0'(0.45) | serial='969'(1.00) | epic='ZSY2333722'(1.00) | age='30'(1.00) | house_no='$o'(0.30),2
970,चेतनदेव,father,धनीराम,33,54,पुरुष,ZSY2333748,,,N,N,main,,2026-EROLLGEN-S24-86-SIR-FinalRoll-Revision1-HIN-11-WI.pdf,36,6,0.817,Y,low_ocr_confidence,name='चेतनदेव'(0.95) | relation_name='धनीराम'(0.94) | house_no='२१'(0.55) | serial='970'(1.00) | epic='ZSY2333748'(1.00) | age='54'(1.00) | house_no='33'(0.82),17
971,विनोद,father,माधबन सिंह,11,39,पुरुष,CTV2871424,,,N,N,main,,2026-EROLLGEN-S24-86-SIR-FinalRoll-Revision1-HIN-11-WI.pdf,36,7,0.983,N,,name='विनोद'(1.00) | relation_name='माधबन सिंह'(0.98) | house_no='11'(0.99) | serial='971'(1.00) | epic='CTV2871424'(1.00) | age='39'(1.00) | house_no='11'(1.00),1
972,मनोज जुरैल,father,वेनामी सिंह,11,35,पुरुष,ZSY0717223,,,N,N,main,,2026-EROLLGEN-S24-86-SIR-FinalRoll-Revision1-HIN-11-WI.pdf,36,8,0.931,N,,name='मनोज जुरैल'(0.95) | relation_name='वेनामी सिंह'(0.93) | house_no='11'(0.99) | serial='972'(1.00) | epic='ZSY0717223'(1.00) | age='35'(1.00) | house_no='11'(1.00),1
973,गोविन्द जरैल,father,वैनामी सिंह,11,33,पुरुष,ZSY0717215,,,N,N,main,,2026-EROLLGEN-S24-86-SIR-FinalRoll-Revision1-HIN-11-WI.pdf,36,9,0.923,N,,name='गोविन्द जरैल'(0.95) | relation_name='वैनामी सिंह'(0.92) | house_no='11'(0.99) | serial='973'(1.00) | epic='ZSY0717215'(0.96) | age='33'(1.00) | house_no='11'(1.00),14
974,राजेश जूरेल,father,माधव सिंह,12,30,पुरुष,ZSY1933134,,,N,N,main,,2026-EROLLGEN-S24-86-SIR-FinalRoll-Revision1-HIN-11-WI.pdf,36,10,0.624,Y,low_ocr_confidence,name='राजेश जूरेल'(0.99) | relation_name='माधव सिंह'(0.97) | house_no='१२'(0.62) | serial='974'(1.00) | epic='ZSY1933134'(1.00) | age='30'(1.00) | house_no='3'(0.66),1
975,नीतू देवी,husband,गोविन्द जूरेल,11,30,महिला,ZSY1933241,,,N,N,main,,2026-EROLLGEN-S24-86-SIR-FinalRoll-Revision1-HIN-11-WI.pdf,36,11,0.837,Y,low_ocr_confidence,name='नीतू देवी'(0.99) | relation_name='गोविन्द जूरेल'(0.93) | house_no='११'(0.84) | serial='975'(1.00) | epic='ZSY1933241'(1.00) | age='30'(1.00) | house_no='33'(0.74),2
976,हेमन्त कुमार,father,राम बाबू सिंह,12,30,पुरुष,ZSY1933118,,,N,N,main,,2026-EROLLGEN-S24-86-SIR-FinalRoll-Revision1-HIN-11-WI.pdf,36,12,0.865,Y,low_ocr_confidence,name='हेमन्त कुमार'(0.96) | relation_name='राम बाबू सिंह'(0.99) | house_no='१२'(0.86) | serial='976'(1.00) | epic='ZSY1933118'(1.00) | age='30'(1.00) | house_no='${'(0.49),17
977,महन्र प्ताप सिंह,father,रामबाबूं सिंह,"12 """,29,पुरुष,ZSY2333771,,,N,N,main,,2026-EROLLGEN-S24-86-SIR-FinalRoll-Revision1-HIN-11-WI.pdf,36,13,0.805,Y,low_ocr_confidence,"name='महन्र प्ताप सिंह'(0.92) | relation_name='रामबाबूं सिंह'(0.87) | house_no='१२ ""'(0.80) | serial='977'(1.00) | epic='ZSY2333771'(1.00) | age='29'(1.00) | house_no='332 ""'(0.62)",2
978,कृष्णगवीर सिंह,father,रनवीर सिंह,13,49,पुरुष,ZSY2637247,,,N,N,main,,2026-EROLLGEN-S24-86-SIR-FinalRoll-Revision1-HIN-11-WI.pdf,36,14,0.905,N,,name='कृष्णगवीर सिंह'(0.91) | relation_name='रनवीर सिंह'(0.94) | house_no='13'(0.99) | serial='978'(1.00) | epic='ZSY2637247'(1.00) | age='49'(1.00) | house_no='13'(1.00),2
979,सौम्या,husband,कृष्णवीर सिंह,13,44,महिला,ZSY2637254,,,N,N,main,,2026-EROLLGEN-S24-86-SIR-FinalRoll-Revision1-HIN-11-WI.pdf,36,15,0.916,N,,"name='सौम्या'(0.92) | relation_name='कृष्णवीर सिंह'(1.00) | house_no=""'13""(0.73) | serial='979'(1.00) | epic='ZSY2637254'(1.00) | age='44'(1.00) | house_no='13'(1.00)",15
980,राघवेंद्र िंह,father,राजन सिंह,13,39,पुरुष,CTV4330468,,,N,N,main,,2026-EROLLGEN-S24-86-SIR-FinalRoll-Revision1-HIN-11-WI.pdf,36,16,0.881,Y,low_ocr_confidence,name='राघवेंद्र िंह'(0.88) | relation_name='राजन सिंह'(0.95) | house_no='13'(0.89) | serial='980'(1.00) | epic='CTV4330468'(1.00) | age='39'(1.00) | house_no='13'(1.00),1
981,नीतू,husband,राघवेंद्र सिंह,13,38,महिला,CTV4330377,,,N,N,main,,2026-EROLLGEN-S24-86-SIR-FinalRoll-Revision1-HIN-11-WI.pdf,36,17,0.927,N,,name='नीतू'(1.00) | relation_name='राघवेंद्र सिंह'(0.93) | house_no='13'(0.99) | serial='981'(1.00) | epic='CTV4330377'(1.00) | age='38'(1.00) | house_no='13'(1.00),1
982,दीपक चौधरी,father,महावीर सिंह,13,32,पुरुष,ZSY1597426,,,N,N,main,,2026-EROLLGEN-S24-86-SIR-FinalRoll-Revision1-HIN-11-WI.pdf,36,18,0.963,N,,name='दीपक चौधरी'(0.96) | relation_name='महावीर सिंह'(0.99) | house_no='13'(0.99) | serial='982'(1.00) | epic='ZSY1597426'(0.99) | age='32'(1.00) | house_no='13'(1.00),15
983,उमेश चन्द्र,father,सत्य वीर सिंह,14,38,पुरुष,CTV2872018,,,N,N,main,,2026-EROLLGEN-S24-86-SIR-FinalRoll-Revision1-HIN-11-WI.pdf,36,19,0.946,N,,name='उमेश चन्द्र'(0.98) | relation_name='सत्य वीर सिंह'(0.95) | house_no='14'(0.91) | serial='983'(1.00) | epic='CTV2872018'(1.00) | age='38'(1.00) | house_no='14'(1.00),1
984,रशमी,husband,उमेश चन्द्र,14,32,महिला,ZSY2333730,,,N,N,main,,2026-EROLLGEN-S24-86-SIR-FinalRoll-Revision1-HIN-11-WI.pdf,36,20,0.888,Y,low_ocr_confidence,name='रशमी'(0.93) | relation_name='उमेश चन्द्र'(0.95) | house_no='१४'(0.89) | serial='984'(1.00) | epic='ZSY2333730'(1.00) | age='32'(1.00) | house_no='38'(0.84),2
985,विष्णु कुमार जूरेल,father,ओम प्रंकाश,15,37,पुरुष,CTV4330344,,,N,N,main,,2026-EROLLGEN-S24-86-SIR-FinalRoll-Revision1-HIN-11-WI.pdf,36,21,0.926,N,,name='विष्णु कुमार जूरेल'(0.97) | relation_name='ओम प्रंकाश'(0.93) | house_no='15'(0.99) | serial='985'(1.00) | epic='CTV4330344'(1.00) | age='37'(1.00) | house_no='15'(1.00),16
986,मीना,husband,विष्णु,15,37,महिला,CTV4330302,#,# (not in legend),N,N,main,,2026-EROLLGEN-S24-86-SIR-FinalRoll-Revision1-HIN-11-WI.pdf,36,22,0.866,Y,serial_corrected|low_ocr_confidence,name='मीना'(0.92) | relation_name='विष्णु'(0.95) | house_no='15'(0.94) | serial='98t'(0.87) | epic='CTV4330302'(1.00) | age='37'(1.00) | house_no='15'(0.84),1
987,योगें्व,father,राजवीर सिंह,15,36,पुरुष,ZSY0390526,,,N,N,main,,2026-EROLLGEN-S24-86-SIR-FinalRoll-Revision1-HIN-11-WI.pdf,36,23,0.853,Y,low_ocr_confidence,name='योगें्व'(0.85) | relation_name='राजवीर सिंह'(0.98) | house_no='15'(0.99) | serial='987'(1.00) | epic='ZSY0390526'(0.97) | age='36'(1.00) | house_no='15'(1.00),1
988,बीता देवी,father,योगेन्र सिंह,15,34,महिला,ZSY1933225,,,N,N,main,,2026-EROLLGEN-S24-86-SIR-FinalRoll-Revision1-HIN-11-WI.pdf,36,24,0.873,Y,low_ocr_confidence,name='बीता देवी'(0.97) | relation_name='योगेन्र सिंह'(0.89) | house_no='१५'(0.87) | serial='988'(0.99) | epic='ZSY1933225'(0.96) | age='34'(1.00) | house_no='$4'(0.61),15
989,मनोज सिंह,father,जुगे्र सेह,21,39,पुरुष,CTV2871648,#,# (not in legend),N,N,main,,2026-EROLLGEN-S24-86-SIR-FinalRoll-Revision1-HIN-11-WI.pdf,36,25,0.822,Y,low_ocr_confidence,name='मनोज सिंह'(0.98) | relation_name='जुगे्र सेह'(0.82) | house_no='21'(0.96) | serial='989'(0.96) | epic='CTV2871648'(1.00) | age='39'(1.00) | house_no='21'(0.99),1
990,अजय कुमार,father,'भूरी सिंह,22,41,पुरुष,CTV2871663,,,N,N,main,,2026-EROLLGEN-S24-86-SIR-FinalRoll-Revision1-HIN-11-WI.pdf,36,26,0.918,Y,relation_type_uncertain,"name='अजय कुमार'(0.94) | relation_name=""'भूरी सिंह""(0.94) | house_no='22'(0.92) | serial='990'(1.00) | epic='CTV2871663'(0.96) | age='41'(1.00) | house_no='22'(0.96)",2
991,भूदेव सिंह,father,गेंदालाल,23,78,पुरुष,CTV2056398,,,N,N,main,,2026-EROLLGEN-S24-86-SIR-FinalRoll-Revision1-HIN-11-WI.pdf,36,27,0.93,Y,relation_type_uncertain,name='भूदेव सिंह'(0.93) | relation_name='गेंदालाल'(0.98) | house_no='23'(0.96) | serial='991'(1.00) | epic='CTV2056398'(1.00) | age='78'(1.00) | house_no='23'(1.00),16
992,गोमतीदेवी,husband,भूदेव सिंह,23,75,महिला,CTV2056406,,,N,N,main,,2026-EROLLGEN-S24-86-SIR-FinalRoll-Revision1-HIN-11-WI.pdf,36,28,0.96,N,,name='गोमतीदेवी'(0.98) | relation_name='भूदेव सिंह'(0.96) | house_no='23'(0.87) | serial='992'(1.00) | epic='CTV2056406'(1.00) | age='75'(1.00) | house_no='23'(1.00),1
993,मंन्जूदेवी,husband,घूरेलाल,23,66,महिला,CTV2056380,,,N,N,main,,2026-EROLLGEN-S24-86-SIR-FinalRoll-Revision1-HIN-11-WI.pdf,36,29,0.956,N,,name='मंन्जूदेवी'(0.96) | relation_name='घूरेलाल'(0.96) | house_no='23'(0.99) | serial='993'(1.00) | epic='CTV2056380'(1.00) | age='66'(1.00) | house_no='23'(0.98),1
994,पदम सिंह,father,गेदालाल,23,58,पुरुष,CTV1832286,,,N,N,main,,2026-EROLLGEN-S24-86-SIR-FinalRoll-Revision1-HIN-11-WI.pdf,36,30,0.975,N,,name='पदम सिंह'(0.99) | relation_name='गेदालाल'(0.98) | house_no='23'(0.98) | serial='994'(1.00) | epic='CTV1832286'(1.00) | age='58'(1.00) | house_no='23'(1.00),14
995,रामवीरीदेवी,husband,पदम सिंह,23,55,महिला,CTV2056414,,,N,N,main,,2026-EROLLGEN-S24-86-SIR-FinalRoll-Revision1-HIN-11-WI.pdf,37,1,0.918,N,,name='रामवीरीदेवी'(0.92) | relation_name='पदम सिंह'(0.95) | house_no='23'(0.98) | serial='995'(0.95) | epic='CTV2056414'(1.00) | age='55'(1.00) | house_no='23'(1.00),1
996,साहब सिंह,father,भूदेव सिंह,23,47,पुरुष,UP703550018002,,,N,N,main,,2026-EROLLGEN-S24-86-SIR-FinalRoll-Revision1-HIN-11-WI.pdf,37,2,0.937,Y,epic_format,name='साहब सिंह'(0.94) | relation_name='भूदेव सिंह'(1.00) | house_no='23$'(0.79) | serial='996|'(0.95) | epic='UP/70/355/0018002'(0.98) | age='47'(1.00) | house_no='23'(0.99),1
997,प्रेम सिंह,father,भूदेव सिंह,23,46,पुरुष,ZSY0374397,,,N,N,main,,2026-EROLLGEN-S24-86-SIR-FinalRoll-Revision1-HIN-11-WI.pdf,37,3,0.931,N,,name='प्रेम सिंह'(0.95) | relation_name='भूदेव सिंह'(0.99) | house_no='23$'(0.67) | serial='997'(0.93) | epic='ZSY0374397'(1.00) | age='46'(0.99) | house_no='23'(0.99),14
998,राजमती देवी,husband,साहब सिंह,23,45,पुरुष,ZSY3529534,#,# (not in legend),N,N,main,,2026-EROLLGEN-S24-86-SIR-FinalRoll-Revision1-HIN-11-WI.pdf,37,4,0.97,Y,serial_corrected,name='राजमती देवी'(0.98) | relation_name='साहब सिंह'(0.98) | house_no='23'(0.98) | serial='99ε'(0.97) | epic='ZSY3529534'(1.00) | age='45'(1.00) | house_no='23'(1.00),1
999,हर वीर,father,भूदेव,23,40,पुरुष,ZSY1836857,,,N,N,main,,2026-EROLLGEN-S24-86-SIR-FinalRoll-Revision1-HIN-11-WI.pdf,37,5,0.975,N,,name='हर वीर'(0.99) | relation_name='भूदेव'(0.99) | house_no='23$'(0.76) | serial='999'(1.00) | epic='ZSY1836857'(1.00) | age='40'(1.00) | house_no='23'(0.97),2
1000,बबलू सिंह,father,घूरे लाल,23,38,पुरुष,ZSY0236877,,,N,N,main,,2026-EROLLGEN-S24-86-SIR-FinalRoll-Revision1-HIN-11-WI.pdf,37,6,0.942,N,,name='बबलू सिंह'(0.96) | relation_name='घूरे लाल'(0.94) | house_no='23$'(0.82) | serial='1000'(1.00) | epic='ZSY0236877'(1.00) | age='38'(1.00) | house_no='23'(0.98),17
1001,मधूबाला,husband,श्यामराज सिंह,75,38,महिला,ZSY0717231,#,# (not in legend),N,N,main,,2026-EROLLGEN-S24-86-SIR-FinalRoll-Revision1-HIN-11-WI.pdf,37,7,0.908,Y,serial_corrected,name='मधूबाला'(0.98) | relation_name='श्यामराज सिंह'(0.95) | house_no='75'(1.00) | serial='100'(0.91) | epic='ZSY0717231'(1.00) | age='38'(1.00) | house_no='75'(1.00),1
1002,नरेन्द्र सिंह,father,घूरे लाल,23,37,पुरुष,ZSY0236893,,,N,N,main,,2026-EROLLGEN-S24-86-SIR-FinalRoll-Revision1-HIN-11-WI.pdf,37,8,0.919,N,,name='नरेन्द्र सिंह'(0.92) | relation_name='घूरे लाल'(0.98) | house_no='23'(0.87) | serial='1002'(1.00) | epic='ZSY0236893'(1.00) | age='37'(1.00) | house_no='23'(1.00),1
1003,टीकम सिंह,father,भूदेव,23,37,पुरुष,ZSY0037655,,,N,N,main,,2026-EROLLGEN-S24-86-SIR-FinalRoll-Revision1-HIN-11-WI.pdf,37,9,0.958,N,,name='टीकम सिंह'(1.00) | relation_name='भूदेव'(0.98) | house_no='23$'(0.66) | serial='1003'(0.97) | epic='ZSY0037655'(0.96) | age='37'(1.00) | house_no='23'(0.99),14
1004,कमलेश,husband,नरेन्र सिंह,23,34,महिला,ZSY2614428,,,N,N,main,,2026-EROLLGEN-S24-86-SIR-FinalRoll-Revision1-HIN-11-WI.pdf,37,10,0.898,Y,low_ocr_confidence,name='कमलेश'(0.94) | relation_name='नरेन्र सिंह'(0.90) | house_no='23'(0.99) | serial='1004'(1.00) | epic='ZSY2614428'(1.00) | age='34'(1.00) | house_no='23'(0.83),1
1005,आरती,husband,बबलू सिंह,23,30,महिला,ZSY2333755,,,N,N,main,,2026-EROLLGEN-S24-86-SIR-FinalRoll-Revision1-HIN-11-WI.pdf,37,11,0.771,Y,low_ocr_confidence,name='आरती'(1.00) | relation_name='बबलू सिंह'(0.98) | house_no='२३'(0.54) | serial='1005'(0.99) | epic='ZSY2333755'(0.99) | age='30'(1.00) | house_no='23'(0.77),2
1006,गजेन्र सिंह,father,पदम सिंह,23,29,पुरुष,ZSY2611325,,,N,N,main,,2026-EROLLGEN-S24-86-SIR-FinalRoll-Revision1-HIN-11-WI.pdf,37,12,0.964,N,,name='गजेन्र सिंह'(0.98) | relation_name='पदम सिंह'(0.96) | house_no='23'(0.99) | serial='1006'(1.00) | epic='ZSY2611325'(1.00) | age='29'(1.00) | house_no='23'(1.00),17
1007,दयाल सिंह,father,साहब सिंह,23,24,पुरुष,ZSY3529526,,,N,N,main,,2026-EROLLGEN-S24-86-SIR-FinalRoll-Revision1-HIN-11-WI.pdf,37,13,0.95,N,,name='दयाल सिंह'(0.98) | relation_name='साहब सिंह'(0.95) | house_no='23'(0.98) | serial='1007'(1.00) | epic='ZSY3529526'(1.00) | age='24'(1.00) | house_no='23'(1.00),2
1008,चंद्रवीर सिंह,father,साहब सिंह,23,23,पुरुष,ZSY3529542,,,N,N,main,,2026-EROLLGEN-S24-86-SIR-FinalRoll-Revision1-HIN-11-WI.pdf,37,14,0.905,Y,serial_corrected,name='चंद्रवीर सिंह'(0.91) | relation_name='साहब सिंह'(0.98) | house_no='23'(0.99) | serial='100ε'(0.95) | epic='ZSY3529542'(1.00) | age='23'(1.00) | house_no='23'(1.00),2
1009,काजल देवी,husband,गर्ं्र सिेंह,23,22,महिला,ZSY3545043,,,N,N,main,,2026-EROLLGEN-S24-86-SIR-FinalRoll-Revision1-HIN-11-WI.pdf,37,15,0.739,Y,low_ocr_confidence,name='काजल देवी'(0.98) | relation_name='गर्ं्र सिेंह'(0.74) | house_no='23'(0.98) | serial='1009'(1.00) | epic='ZSY3545043'(1.00) | age='22'(1.00) | house_no='23'(1.00),15
101,अंजली,husband,दयाल सिंह,23,22,महिला,ZSY3849742,,,N,N,main,,2026-EROLLGEN-S24-86-SIR-FinalRoll-Revision1-HIN-11-WI.pdf,37,16,0.922,Y,serial_out_of_sequence,name='अंजली'(1.00) | relation_name='दयाल सिंह'(0.96) | house_no='23'(0.98) | serial='101C'(0.92) | epic='ZSY3849742'(1.00) | age='22'(1.00) | house_no='23'(1.00),1
101,तुलसी देवी,husband,हरिप्रसाद,25,77,महिला,ZSY2333789,#,# (not in legend),N,N,main,,2026-EROLLGEN-S24-86-SIR-FinalRoll-Revision1-HIN-11-WI.pdf,37,17,0.959,Y,serial_out_of_sequence,name='तुलसी देवी'(1.00) | relation_name='हरिप्रसाद'(0.96) | house_no='25'(0.97) | serial='101'(1.00) | epic='ZSY2333789'(1.00) | age='77'(1.00) | house_no='25'(1.00),1
1012,संजय सिंह,father,बृज बल्लभ,25,37,पुरुष,CTV2871705,,,N,N,main,,2026-EROLLGEN-S24-86-SIR-FinalRoll-Revision1-HIN-11-WI.pdf,37,18,0.905,Y,serial_out_of_sequence,name='संजय सिंह'(0.91) | relation_name='बृज बल्लभ'(0.98) | house_no='25'(0.74) | serial='1012'(1.00) | epic='CTV2871705'(1.00) | age='37'(1.00) | house_no='25'(0.91),15
1013,आरती जूरेल,husband,मॉमराज सिंह जूरैल,24,35,महिला,ZSY2333797,,,N,N,main,,2026-EROLLGEN-S24-86-SIR-FinalRoll-Revision1-HIN-11-WI.pdf,37,19,0.894,Y,low_ocr_confidence,"name='आरती जूरेल'(0.94) | relation_name='मॉमराज सिंह जूरैल'(0.89) | house_no='२५ ""'(0.78) | serial='1013'(1.00) | epic='ZSY2333797'(1.00) | age='35'(1.00) | house_no='24'(0.89)",1
101,अनीता देवी,husband,संजय सिंह,25,34,महिला,ZSY1933217,#,# (not in legend),N,N,main,,2026-EROLLGEN-S24-86-SIR-FinalRoll-Revision1-HIN-11-WI.pdf,37,20,0.965,Y,serial_out_of_sequence,name='अनीता देवी'(0.98) | relation_name='संजय सिंह'(1.00) | house_no='25'(0.97) | serial='101'(1.00) | epic='ZSY1933217'(1.00) | age='34'(1.00) | house_no='25'(1.00),2
101,ललितेश,husband,कोमल सिंह,60,38,महिला,ZSY0717173,#,# (not in legend),N,N,main,,2026-EROLLGEN-S24-86-SIR-FinalRoll-Revision1-HIN-11-WI.pdf,37,21,0.945,Y,serial_out_of_sequence,name='ललितेश'(0.99) | relation_name='कोमल सिंह'(0.94) | house_no='60'(1.00) | serial='101'(1.00) | epic='ZSY0717173'(0.95) | age='38'(1.00) | house_no='60'(1.00),16
101,श्याम जुरैल,father,जयपाल सिंह,40,43,पुरुष,ZSY0037663,,,N,N,main,,2026-EROLLGEN-S24-86-SIR-FinalRoll-Revision1-HIN-11-WI.pdf,37,22,0.946,Y,serial_out_of_sequence,name='श्याम जुरैल'(0.95) | relation_name='जयपाल सिंह'(0.95) | house_no='40'(1.00) | serial='101'(1.00) | epic='ZSY0037663'(0.98) | age='43'(1.00) | house_no='40'(1.00),1
1017,लोकेश कुमार,father,धमेन् कुकमार,42,27,पुरुष,ZSY2614360,,,N,N,main,,2026-EROLLGEN-S24-86-SIR-FinalRoll-Revision1-HIN-11-WI.pdf,37,23,0.819,Y,serial_out_of_sequence|low_ocr_confidence,name='लोकेश कुमार'(0.98) | relation_name='धमेन् कुकमार'(0.82) | house_no='42'(0.99) | serial='1017'(1.00) | epic='ZSY2614360'(1.00) | age='27'(1.00) | house_no='42'(1.00),1
1018,प्रशान्त सिंह,father,केशव देव,44,28,पुरुष,ZSY2614394,,,N,N,main,,2026-EROLLGEN-S24-86-SIR-FinalRoll-Revision1-HIN-11-WI.pdf,37,24,0.929,N,,name='प्रशान्त सिंह'(0.96) | relation_name='केशव देव'(0.93) | house_no='44'(0.98) | serial='1018'(1.00) | epic='ZSY2614394'(1.00) | age='28'(1.00) | house_no='44'(1.00),15
1019,मनोज कुमार,father,पभू देव सिंह,46,33,पुरुष,ZSY0717322,,,N,N,main,,2026-EROLLGEN-S24-86-SIR-FinalRoll-Revision1-HIN-11-WI.pdf,37,25,0.893,Y,low_ocr_confidence,name='मनोज कुमार'(0.97) | relation_name='पभू देव सिंह'(0.89) | house_no='46'(0.98) | serial='1019'(1.00) | epic='ZSY0717322'(1.00) | age='33'(1.00) | house_no='46'(1.00),1
102,मालती सिंह,husband,रविन्द्र सिंह,48,33,महिला,ZSY2611317,,,N,N,main,,2026-EROLLGEN-S24-86-SIR-FinalRoll-Revision1-HIN-11-WI.pdf,37,26,0.865,Y,serial_out_of_sequence|low_ocr_confidence,name='मालती सिंह'(1.00) | relation_name='रविन्द्र सिंह'(0.87) | house_no='48'(1.00) | serial='102C'(0.89) | epic='ZSY2611317'(1.00) | age='33'(1.00) | house_no='48'(1.00),2
102,रूपेश कुमारी,husband,चेतनप्रकाश,49,48,महिला,CTV2871903,,,N,N,main,,2026-EROLLGEN-S24-86-SIR-FinalRoll-Revision1-HIN-11-WI.pdf,37,27,0.951,Y,serial_out_of_sequence,"name='रूपेश कुमारी'(0.95) | relation_name='चेतनप्रकाश'(0.99) | house_no='49'(1.00) | serial=""102'""(0.99) | epic='CTV2871903'(0.95) | age='48'(1.00) | house_no='49'(1.00)",16
1022,सुरे् कुमार,father,चेतन प्रकाश,49,28,पुरुष,ZSY2614386,,,N,N,main,,2026-EROLLGEN-S24-86-SIR-FinalRoll-Revision1-HIN-11-WI.pdf,37,28,0.804,Y,serial_out_of_sequence|low_ocr_confidence,name='सुरे् कुमार'(0.80) | relation_name='चेतन प्रकाश'(0.99) | house_no='49'(1.00) | serial='1022'(1.00) | epic='ZSY2614386'(0.96) | age='28'(1.00) | house_no='49'(1.00),1
1023,राधा,husband,चन्दरवीर सिंह,40,30,महिला,ZSY2333805,,,N,N,main,,2026-EROLLGEN-S24-86-SIR-FinalRoll-Revision1-HIN-11-WI.pdf,37,29,0.928,N,,name='राधा'(0.99) | relation_name='चन्दरवीर सिंह'(0.93) | house_no='५०'(0.77) | serial='1023'(0.99) | epic='ZSY2333805'(1.00) | age='30'(1.00) | house_no='40'(1.00),1
1024,शकुन्तला,husband,सुनील जूरैल,"50""",29,महिला,ZSY2333813,,,N,N,main,,2026-EROLLGEN-S24-86-SIR-FinalRoll-Revision1-HIN-11-WI.pdf,37,30,0.933,N,,"name='शकुन्तला'(0.96) | relation_name='सुनील जूरैल'(0.98) | house_no='५०""'(0.93) | serial='1024'(1.00) | epic='ZSY2333813'(1.00) | age='29'(1.00) | house_no='40 ""'(0.92)",14
1025,हृलदीप,father,राम प्रकाश,51,38,पुरुष,ZSY0037705,,,N,N,main,,2026-EROLLGEN-S24-86-SIR-FinalRoll-Revision1-HIN-11-WI.pdf,38,1,0.823,Y,low_ocr_confidence,name='हृलदीप'(0.82) | relation_name='राम प्रकाश'(0.91) | house_no='51'(0.99) | serial='1025'(0.84) | epic='ZSY0037705'(1.00) | age='38'(1.00) | house_no='51'(1.00),1
1026,रश्मी देवी,husband,जितन्र सिंह,55,36,महिला,ZSY0717249,#,# (not in legend),N,N,main,,2026-EROLLGEN-S24-86-SIR-FinalRoll-Revision1-HIN-11-WI.pdf,38,2,0.841,Y,serial_corrected|low_ocr_confidence,name='रश्मी देवी'(0.98) | relation_name='जितन्र सिंह'(0.84) | house_no='55'(0.99) | serial='1021'(0.89) | epic='ZSY0717249'(1.00) | age='36'(1.00) | house_no='55'(1.00),1
1027,जितन्र सिंह,father,औम प्रकाश,57,38,पुरुष,ZSY0037713,,,N,N,main,,2026-EROLLGEN-S24-86-SIR-FinalRoll-Revision1-HIN-11-WI.pdf,38,3,0.822,Y,low_ocr_confidence,name='जितन्र सिंह'(0.82) | relation_name='औम प्रकाश'(0.94) | house_no='57'(1.00) | serial='1027'(1.00) | epic='ZSY0037713'(1.00) | age='38'(1.00) | house_no='57'(1.00),14
1028,कुलदीप सिंह,father,मोहन सिंह,58,37,पुरुष,CTV4330328,,,N,N,main,,2026-EROLLGEN-S24-86-SIR-FinalRoll-Revision1-HIN-11-WI.pdf,38,4,0.955,Y,serial_corrected,name='कुलदीप सिंह'(0.96) | relation_name='मोहन सिंह'(0.99) | house_no='58'(0.98) | serial='102ε'(0.99) | epic='CTV4330328'(1.00) | age='37'(1.00) | house_no='58'(1.00),1
1029,ममता,husband,अवधेश कुमार,61,40,महिला,ZSY1836881,,,N,N,main,,2026-EROLLGEN-S24-86-SIR-FinalRoll-Revision1-HIN-11-WI.pdf,38,5,0.848,Y,low_ocr_confidence,name='ममता'(0.90) | relation_name='अवधेश कुमार'(0.99) | house_no='61'(0.96) | serial='1029'(0.85) | epic='ZSY1836881'(0.98) | age='40'(1.00) | house_no='61'(1.00),2
1030,प्रीती,husband,पवन कुमार,61,35,महिला,ZSY2333821,,,N,N,main,,2026-EROLLGEN-S24-86-SIR-FinalRoll-Revision1-HIN-11-WI.pdf,38,6,0.869,Y,low_ocr_confidence,name='प्रीती'(0.95) | relation_name='पवन कुमार'(0.98) | house_no='६१'(0.87) | serial='1030'(1.00) | epic='ZSY2333821'(1.00) | age='35'(1.00) | house_no='$ {'(0.43),17
1031,सुनील कुमार,father,दलवीर सिंह,65,40,पुरुष,CTV2872745,,,N,N,main,,2026-EROLLGEN-S24-86-SIR-FinalRoll-Revision1-HIN-11-WI.pdf,38,7,0.875,Y,low_ocr_confidence,name='सुनील कुमार'(0.99) | relation_name='दलवीर सिंह'(0.98) | house_no='65'(1.00) | serial='1031'(0.88) | epic='CTV2872745'(1.00) | age='40'(1.00) | house_no='65'(1.00),1
1032,शिव कुमार,father,दलवीर सिंह,65,33,पुरुष,ZSY0717256,,,N,N,main,,2026-EROLLGEN-S24-86-SIR-FinalRoll-Revision1-HIN-11-WI.pdf,38,8,0.93,N,,name='शिव कुमार'(0.93) | relation_name='दलवीर सिंह'(1.00) | house_no='65'(0.99) | serial='1032'(1.00) | epic='ZSY0717256'(1.00) | age='33'(1.00) | house_no='65'(1.00),1
1033,मनोज कुमार,father,'ओमवीर सिंह,66,39,पुरुष,ZSY1836907,,,N,N,main,,2026-EROLLGEN-S24-86-SIR-FinalRoll-Revision1-HIN-11-WI.pdf,38,9,0.893,Y,low_ocr_confidence,"name='मनोज कुमार'(0.97) | relation_name=""'ओमवीर सिंह""(0.89) | house_no='66'(0.99) | serial='1033'(1.00) | epic='ZSY1836907'(0.98) | age='39'(1.00) | house_no='66'(1.00)",14
1034,वबिता,husband,भूरी सिंह,66,39,महिला,ZSY1836915,,,N,N,main,,2026-EROLLGEN-S24-86-SIR-FinalRoll-Revision1-HIN-11-WI.pdf,38,10,0.818,Y,low_ocr_confidence,name='वबिता'(0.82) | relation_name='भूरी सिंह'(0.99) | house_no='66'(0.95) | serial='1034'(1.00) | epic='ZSY1836915'(0.99) | age='39'(1.00) | house_no='66'(0.98),1
1035,मन्जू देवी,husband,मनोज कुमार,66,38,महिला,CTV3300324,,,N,N,main,,2026-EROLLGEN-S24-86-SIR-FinalRoll-Revision1-HIN-11-WI.pdf,38,11,0.851,Y,low_ocr_confidence,name='मन्जू देवी'(0.99) | relation_name='मनोज कुमार'(0.99) | house_no='66'(0.99) | serial='1035'(0.85) | epic='CTV3300324'(1.00) | age='38'(1.00) | house_no='66'(0.99),2
1036,अशोक कुमार,father,औमवीर सिंह,66,38,पुरुष,CTV4330419,,,N,N,main,,2026-EROLLGEN-S24-86-SIR-FinalRoll-Revision1-HIN-11-WI.pdf,38,12,0.898,Y,low_ocr_confidence,name='अशोक कुमार'(0.97) | relation_name='औमवीर सिंह'(0.90) | house_no='66'(0.99) | serial='1036'(0.90) | epic='CTV4330419'(1.00) | age='38'(1.00) | house_no='66'(1.00),17
1037,विजय देवी,husband,अशोक कुमार,66,37,महिला,CTV4330336,,,N,N,main,,2026-EROLLGEN-S24-86-SIR-FinalRoll-Revision1-HIN-11-WI.pdf,38,13,0.938,N,,name='विजय देवी'(0.96) | relation_name='अशोक कुमार'(0.94) | house_no='66'(0.99) | serial='1037'(1.00) | epic='CTV4330336'(1.00) | age='37'(1.00) | house_no='66'(1.00),2
1038,अनिल कुमार,father,ओमवीर सिंह,66,33,पुरुष,ZSY0717314,,,N,N,main,,2026-EROLLGEN-S24-86-SIR-FinalRoll-Revision1-HIN-11-WI.pdf,38,14,0.947,Y,serial_corrected,name='अनिल कुमार'(1.00) | relation_name='ओमवीर सिंह'(0.99) | house_no='66'(0.99) | serial='103ε'(0.95) | epic='ZSY0717314'(0.99) | age='33'(1.00) | house_no='66'(1.00),2
1039,विष्णु जूरेल,father,वीरन्र सिंह,68,29,पुरुष,ZSY2333888,,,N,N,main,,2026-EROLLGEN-S24-86-SIR-FinalRoll-Revision1-HIN-11-WI.pdf,38,15,0.848,Y,low_ocr_confidence,name='विष्णु जूरेल'(0.92) | relation_name='वीरन्र सिंह'(0.92) | house_no='६८'(0.85) | serial='1039'(1.00) | epic='ZSY2333888'(0.97) | age='29'(1.00) | house_no='$C'(0.75),15
1040,मनीषा,husband,देवे्द्र सिंह,69,35,महिला,ZSY1412063,,,N,N,main,,2026-EROLLGEN-S24-86-SIR-FinalRoll-Revision1-HIN-11-WI.pdf,38,16,0.852,Y,serial_corrected|low_ocr_confidence,name='मनीषा'(0.94) | relation_name='देवे्द्र सिंह'(0.85) | house_no='69'(0.99) | serial='104C'(0.98) | epic='ZSY1412063'(1.00) | age='35'(1.00) | house_no='69'(1.00),1
1041,जय श्री देवी,husband,कृपाल सिंह,71,39,महिला,CTV3283389,,,N,N,main,,2026-EROLLGEN-S24-86-SIR-FinalRoll-Revision1-HIN-11-WI.pdf,38,17,0.95,N,,name='जय श्री देवी'(0.95) | relation_name='कृपाल सिंह'(0.99) | house_no='71'(0.98) | serial='1041'(1.00) | epic='CTV3283389'(1.00) | age='39'(1.00) | house_no='71'(0.99),1
1042,धमेद्र सिंह,father,निरोकत्तम सिंह,71,36,पुरुष,ZSY0037721,,,N,N,main,,2026-EROLLGEN-S24-86-SIR-FinalRoll-Revision1-HIN-11-WI.pdf,38,18,0.839,Y,low_ocr_confidence,name='धमेद्र सिंह'(0.84) | relation_name='निरोकत्तम सिंह'(0.92) | house_no='71'(1.00) | serial='1042'(1.00) | epic='ZSY0037721'(0.99) | age='36'(1.00) | house_no='71'(1.00),15
1043,श्यामराज सिंह,father,राजवीर सिंह,75,38,पुरुष,CTV2871952,#,# (not in legend),N,N,main,,2026-EROLLGEN-S24-86-SIR-FinalRoll-Revision1-HIN-11-WI.pdf,38,19,0.909,Y,serial_corrected,name='श्यामराज सिंह'(0.91) | relation_name='राजवीर सिंह'(1.00) | house_no='75'(1.00) | serial='104:'(1.00) | epic='CTV2871952'(1.00) | age='38'(1.00) | house_no='75'(1.00),1
1044,विकास,father,श्री कृष्ण,75,38,पुरुष,CTV2871689,,,N,N,main,,2026-EROLLGEN-S24-86-SIR-FinalRoll-Revision1-HIN-11-WI.pdf,38,20,0.929,N,,name='विकास'(0.95) | relation_name='श्री कृष्ण'(0.93) | house_no='75'(0.99) | serial='1044'(0.93) | epic='CTV2871689'(1.00) | age='38'(1.00) | house_no='75'(1.00),2
1045,यशवीर सिंह,father,राजेन्र सिंह,75,37,पुरुष,ZSY0717199,,,N,N,main,,2026-EROLLGEN-S24-86-SIR-FinalRoll-Revision1-HIN-11-WI.pdf,38,21,0.905,N,,name='यशवीर सिंह'(0.95) | relation_name='राजेन्र सिंह'(0.91) | house_no='75'(1.00) | serial='1045'(1.00) | epic='ZSY0717199'(0.98) | age='37'(1.00) | house_no='75'(1.00),16
1046,सोनवीर सिंह,father,सत्यवीर सिंह,75,33,पुरुष,ZSY0717181,,,N,N,main,,2026-EROLLGEN-S24-86-SIR-FinalRoll-Revision1-HIN-11-WI.pdf,38,22,0.851,Y,serial_corrected|low_ocr_confidence,name='सोनवीर सिंह'(0.98) | relation_name='सत्यवीर सिंह'(0.93) | house_no='75'(1.00) | serial='104'(1.00) | epic='ZSY0717181'(0.95) | age='33'(0.85) | house_no='75'(1.00),1
1047,प्रियंका सिंह,husband,लक्ष्मन सिंह,78,43,महिला,ZSY1836931,,,N,N,main,,2026-EROLLGEN-S24-86-SIR-FinalRoll-Revision1-HIN-11-WI.pdf,38,23,0.961,N,,name='प्रियंका सिंह'(0.98) | relation_name='लक्ष्मन सिंह'(0.96) | house_no='78'(1.00) | serial='1047'(1.00) | epic='ZSY1836931'(0.96) | age='43'(1.00) | house_no='78'(1.00),1
1048,देवेन्र कमार,father,अश्वथामा,84,38,पुरुष,ZSY0718031,,,N,N,main,,2026-EROLLGEN-S24-86-SIR-FinalRoll-Revision1-HIN-11-WI.pdf,38,24,0.878,Y,serial_corrected|low_ocr_confidence,name='देवेन्र कमार'(0.88) | relation_name='अश्वथामा'(0.99) | house_no='84'(0.99) | serial='104ε'(0.98) | epic='ZSY0718031'(1.00) | age='38'(1.00) | house_no='84'(1.00),15
1049,रिन्तलू,father,ओम प्रकाश,87,36,पुरुष,ZSY0037739,,,N,N,main,,2026-EROLLGEN-S24-86-SIR-FinalRoll-Revision1-HIN-11-WI.pdf,38,25,0.879,Y,low_ocr_confidence,name='रिन्तलू'(0.88) | relation_name='ओम प्रकाश'(0.96) | house_no='87'(1.00) | serial='1049'(0.98) | epic='ZSY0037739'(1.00) | age='36'(1.00) | house_no='87'(1.00),1
1050,हरीओमवर्मा,father,कुवरपाल,102,41,पुरुष,ZSY0717629,,,N,N,main,,2026-EROLLGEN-S24-86-SIR-FinalRoll-Revision1-HIN-11-WI.pdf,38,26,0.953,Y,serial_corrected|relation_type_uncertain,name='हरीओमवर्मा'(0.98) | relation_name='कुवरपाल'(0.95) | house_no='102'(1.00) | serial='105('(1.00) | epic='ZSY0717629'(1.00) | age='41'(1.00) | house_no='102'(1.00),2
1051,रीना देवी,husband,हरि ओम,102,38,महिला,CTV2872562,,,N,N,main,,2026-EROLLGEN-S24-86-SIR-FinalRoll-Revision1-HIN-11-WI.pdf,38,27,0.939,N,,name='रीना देवी'(1.00) | relation_name='हरि ओम'(0.94) | house_no='102'(1.00) | serial='1051'(1.00) | epic='CTV2872562'(1.00) | age='38'(1.00) | house_no='102'(1.00),16
1052,कमलेश,husband,रंगजीत सिंह,103,45,महिला,CTV2056208,,,N,N,main,,2026-EROLLGEN-S24-86-SIR-FinalRoll-Revision1-HIN-11-WI.pdf,38,28,0.997,N,,name='कमलेश'(1.00) | relation_name='रंगजीत सिंह'(1.00) | house_no='103'(1.00) | serial='1052'(1.00) | epic='CTV2056208'(1.00) | age='45'(1.00) | house_no='103'(1.00),1
1053,कमलेश,husband,प्रल्हाद सिंह,104,51,महिला,CTV2871846,,,N,N,main,,2026-EROLLGEN-S24-86-SIR-FinalRoll-Revision1-HIN-11-WI.pdf,38,29,0.839,Y,serial_corrected|low_ocr_confidence,name='कमलेश'(0.98) | relation_name='प्रल्हाद सिंह'(1.00) | house_no='104'(1.00) | serial='105€'(0.84) | epic='CTV2871846'(1.00) | age='51'(1.00) | house_no='104'(1.00),1
1054,अमित कुमार,father,प्रमोद कुमार,107,26,पुरुष,ZSY2851624,,,N,N,main,,2026-EROLLGEN-S24-86-SIR-FinalRoll-Revision1-HIN-11-WI.pdf,38,30,0.902,N,,name='अमित कुमार'(0.99) | relation_name='प्रमोद कुमार'(0.90) | house_no='107'(0.99) | serial='1054'(1.00) | epic='ZSY2851624'(1.00) | age='26'(1.00) | house_no='107'(1.00),14
1055,ना,husband,अमित कुमार,107,22,महिला,ZSY3974987,,,N,N,main,,2026-EROLLGEN-S24-86-SIR-FinalRoll-Revision1-HIN-11-WI.pdf,39,1,0.903,N,,name='ना'(1.00) | relation_name='अमित कुमार'(0.99) | house_no='107'(1.00) | serial='1055'(0.90) | epic='ZSY3974987'(1.00) | age='22'(1.00) | house_no='107'(1.00),1
1056,प्रीती,husband,ब्रजेश,120,34,महिला,ZSY1587153,,,N,N,main,,2026-EROLLGEN-S24-86-SIR-FinalRoll-Revision1-HIN-11-WI.pdf,39,2,0.983,Y,serial_corrected,name='प्रीती'(0.99) | relation_name='ब्रजेश'(0.98) | house_no='120'(1.00) | serial='105'(1.00) | epic='ZSY1587153'(1.00) | age='34'(1.00) | house_no='120'(1.00),1
1057,सन्तोष कुमार,father,महेन्र सिंह,133,46,पुरुष,ZSY1261544,,,N,N,main,,2026-EROLLGEN-S24-86-SIR-FinalRoll-Revision1-HIN-11-WI.pdf,39,3,0.907,N,,name='सन्तोष कुमार'(0.97) | relation_name='महेन्र सिंह'(0.91) | house_no='133'(1.00) | serial='1057'(1.00) | epic='ZSY1261544'(0.96) | age='46'(0.99) | house_no='133'(1.00),14
1058,नीलम देवी,husband,सुधीर,133,45,महिला,ZSY2614410,,,N,N,main,,2026-EROLLGEN-S24-86-SIR-FinalRoll-Revision1-HIN-11-WI.pdf,39,4,0.968,N,,name='नीलम देवी'(0.97) | relation_name='सुधीर'(1.00) | house_no='133'(1.00) | serial='1058'(0.99) | epic='ZSY2614410'(0.98) | age='45'(1.00) | house_no='133'(1.00),1
1059,रिंकू,father,महन्द्र सिंह,233,29,पुरुष,ZSY2333847,,,N,N,main,,2026-EROLLGEN-S24-86-SIR-FinalRoll-Revision1-HIN-11-WI.pdf,39,5,0.795,Y,low_ocr_confidence,name='रिंकू'(0.80) | relation_name='महन्द्र सिंह'(0.93) | house_no='२३३'(0.92) | serial='1059'(0.99) | epic='ZSY2333847'(0.97) | age='29'(1.00) | house_no='333'(0.78),2
1060,लक्मी देवी,husband,रवी कुमार,141,39,महिला,ZSY0037762,,,N,N,main,,2026-EROLLGEN-S24-86-SIR-FinalRoll-Revision1-HIN-11-WI.pdf,39,6,0.907,N,,name='लक्मी देवी'(0.91) | relation_name='रवी कुमार'(0.96) | house_no='141'(0.78) | serial='1060'(1.00) | epic='ZSY0037762'(1.00) | age='39'(1.00) | house_no='141'(1.00),17
1061,ओमप्रकाश,father,ईतवारी लाल,147,35,पुरुष,ZSY2333862,,,N,N,main,,2026-EROLLGEN-S24-86-SIR-FinalRoll-Revision1-HIN-11-WI.pdf,39,7,0.952,Y,serial_corrected,"name='ओमप्रकाश'(0.96) | relation_name='ईतवारी लाल'(0.98) | house_no='१४७'(0.95) | serial=""106'""(0.99) | epic='ZSY2333862'(1.00) | age='35'(1.00) | house_no='280'(0.66)",1
1062,ललितेश देवी,husband,अशोक कुमार,150,30,महिला,ZSY2851590,,,N,N,main,,2026-EROLLGEN-S24-86-SIR-FinalRoll-Revision1-HIN-11-WI.pdf,39,8,0.959,N,,name='ललितेश देवी'(0.99) | relation_name='अशोक कुमार'(0.97) | house_no='150'(1.00) | serial='1062'(1.00) | epic='ZSY2851590'(0.96) | age='30'(1.00) | house_no='150'(0.89),1
1063,सत्य प्रकाश,father,पातीराम,155,29,पुरुष,ZSY2333870,,,N,N,main,,2026-EROLLGEN-S24-86-SIR-FinalRoll-Revision1-HIN-11-WI.pdf,39,9,0.899,Y,low_ocr_confidence,name='सत्य प्रकाश'(0.96) | relation_name='पातीराम'(0.90) | house_no='१५५'(0.99) | serial='1063'(1.00) | epic='ZSY2333870'(1.00) | age='29'(1.00) | house_no='$44'(0.97),14
1064,रोहित कुमार. -,father,उदयवीर सिंह,13,18,पुरुष,ZSY4045662,,,N,N,addition,1.0,2026-EROLLGEN-S24-86-SIR-FinalRoll-Revision1-HIN-11-WI.pdf,40,1,0.945,N,,name='रोहित कुमार. -'(0.95) | relation_name='उदयवीर सिंह'(0.94) | house_no='13'(0.99) | serial='1064'(1.00) | epic='ZSY4045662'(0.99) | age='18'(1.00) | house_no='13'(1.00) | section='1'(1.00),1
1065,रवि जुैरैल.-,father,धर्म सिह,बड़ी फोव,26,पुरुष,ZSY4047007,,,Y,Y,addition,2.0,2026-EROLLGEN-S24-86-SIR-FinalRoll-Revision1-HIN-11-WI.pdf,40,2,0.843,Y,low_ocr_confidence,name='रवि जुैरैल.-'(0.87) | relation_name='धर्म सिंहं'(0.87) | house_no='खड़े गरोव'(0.80) | name~='रवे जुरेल .'(0.83) | relation_name~='धर्म सिह'(0.93) | house_no~='बड़ी फोव'(0.84) | serial='R 1065'(0.99) | epic='ZSY4047007'(1.00) | age='26'(1.00) | house_no='uf'(0.47) | section='2'(0.60) | age~='26'(0.98) | house_no~='a'(0.28),221
1066,शैलेश,father,राधाबाल्लभ,60,19,पुरुष,ZSY4053807,,,N,N,addition,1.0,2026-EROLLGEN-S24-86-SIR-FinalRoll-Revision1-HIN-11-WI.pdf,40,3,0.915,N,,name='शैलेश'(0.91) | relation_name='राधाबाल्लभ'(0.95) | house_no='60'(1.00) | serial='1066'(1.00) | epic='ZSY4053807'(1.00) | age='19'(1.00) | house_no='60'(1.00) | section='1'(1.00),14
1067,हिमांशी जुरेल,mother,बलदेव सिंह,60,19,,ZSY4053815,,,N,N,addition,1.0,2026-EROLLGEN-S24-86-SIR-FinalRoll-Revision1-HIN-11-WI.pdf,40,4,0.968,Y,relation_type_uncertain|gender_unclear (possibly तृतीय लिंग),name='हिमांशी जुरेल'(0.97) | relation_name='बलदेव सिंह'(1.00) | house_no='60'(0.99) | serial='1067'(0.99) | epic='ZSY4053815'(1.00) | age='19'(1.00) | house_no='60'(0.99) | section='1'(1.00),1
1068,ज्योंति जूरैल,father,ओमवीर सिंह,21,18,महिला,ZSY4053823,,,N,N,addition,1.0,2026-EROLLGEN-S24-86-SIR-FinalRoll-Revision1-HIN-11-WI.pdf,40,5,0.911,Y,relation_type_uncertain,name='ज्योंति जूरैल'(0.91) | relation_name='ओमवीर सिंह'(0.96) | house_no='21'(0.97) | serial='1068'(1.00) | epic='ZSY4053823'(1.00) | age='18'(1.00) | house_no='21'(0.90) | section='1'(1.00),2
1069,साहिल कुमार,mother,विपिन बिहारी,150,19,पुरुष,ZSY4053989,,,N,N,addition,1.0,2026-EROLLGEN-S24-86-SIR-FinalRoll-Revision1-HIN-11-WI.pdf,40,6,0.955,Y,relation_type_uncertain,name='साहिल कुमार'(0.98) | relation_name='विपिन बिहारी'(0.95) | house_no='150'(1.00) | serial='1069'(1.00) | epic='ZSY4053989'(1.00) | age='19'(1.00) | house_no='150'(1.00) | section='1'(0.91),17
1070,चंचल,husband,ललित कुमार,74,23,महिला,ZSY4054003,,,N,N,addition,1.0,2026-EROLLGEN-S24-86-SIR-FinalRoll-Revision1-HIN-11-WI.pdf,40,7,0.888,Y,low_ocr_confidence,name='चंचल'(0.89) | relation_name='ललित कुमार'(0.99) | house_no='74'(1.00) | serial='1070'(1.00) | epic='ZSY4054003'(1.00) | age=':23'(0.95) | house_no='74'(0.86) | section='1'(1.00),1
1071,शशि,husband,रविन्द्र सिंह,07,23,महिला,ZSY4054847,,,N,N,addition,2.0,2026-EROLLGEN-S24-86-SIR-FinalRoll-Revision1-HIN-11-WI.pdf,40,8,0.853,Y,relation_type_uncertain|low_ocr_confidence,name='शशि'(0.85) | relation_name='रविन्द्र सिंह'(0.96) | house_no='07'(1.00) | serial='1071'(1.00) | epic='ZSY4054847'(1.00) | age='23'(1.00) | house_no='07'(1.00) | section='2'(1.00),1
1072,धीरज,father,प्रेम सिंह,79,20,पुरुष,ZSY4054979,,,N,N,addition,1.0,2026-EROLLGEN-S24-86-SIR-FinalRoll-Revision1-HIN-11-WI.pdf,40,9,0.911,N,,name='धीरज'(0.91) | relation_name='प्रेम सिंह'(0.94) | house_no='79'(1.00) | serial='1072'(1.00) | epic='ZSY4054979'(1.00) | age='20'(1.00) | house_no='79'(1.00) | section='1'(1.00),14
1073,रितू,father,योगराज सिंह,79,19,,ZSY4055034,,,N,N,addition,1.0,2026-EROLLGEN-S24-86-SIR-FinalRoll-Revision1-HIN-11-WI.pdf,40,10,0.855,Y,relation_type_uncertain|gender_unclear (possibly तृतीय लिंग)|low_ocr_confidence,name='रितू'(0.85) | relation_name='योगराज सिंह'(0.97) | house_no='79'(1.00) | serial='1073'(1.00) | epic='ZSY4055034'(1.00) | age='19'(1.00) | house_no='79'(1.00) | section='1'(1.00),1
1074,विशाल कुमार,father,पविपिन बिहारी,150,20,,ZSY4055083,,,N,N,addition,1.0,2026-EROLLGEN-S24-86-SIR-FinalRoll-Revision1-HIN-11-WI.pdf,40,11,0.926,Y,relation_type_uncertain|gender_unclear (possibly तृतीय लिंग),name='विशाल कुमार'(0.94) | relation_name='पविपिन बिहारी'(0.93) | house_no='150'(1.00) | serial='1074'(1.00) | epic='ZSY4055083'(1.00) | age='20'(1.00) | house_no='150'(1.00) | section='1'(1.00),2
1075,भाग्यलता,husband,राम कुमार,96,68,,ZSY4055109,,,N,N,addition,1.0,2026-EROLLGEN-S24-86-SIR-FinalRoll-Revision1-HIN-11-WI.pdf,40,12,0.971,Y,gender_unclear (possibly तृतीय लिंग),name='भाग्यलता'(1.00) | relation_name='राम कुमार'(0.98) | house_no='96'(0.97) | serial='1075'(1.00) | epic='ZSY4055109'(1.00) | age='68'(1.00) | house_no='96'(1.00) | section='1'(1.00),17
1076,रचना,husband,जितेन्द्र सिंह,104,30,महिला,ZSY4055125,,,N,N,addition,1.0,2026-EROLLGEN-S24-86-SIR-FinalRoll-Revision1-HIN-11-WI.pdf,40,13,0.87,Y,low_ocr_confidence,name='रचना'(1.00) | relation_name='जितेन्द्र सिंह'(0.93) | house_no='104'(1.00) | serial='1076'(1.00) | epic='ZSY4055125'(1.00) | age=':30'(0.87) | house_no='104'(1.00) | section='1'(1.00),2
1077,शालिनी,father,धर्मवीर सिंह,51_,19,महिला,ZSY4055141,,,N,N,addition,1.0,2026-EROLLGEN-S24-86-SIR-FinalRoll-Revision1-HIN-11-WI.pdf,40,14,0.887,Y,relation_type_uncertain|low_ocr_confidence,name='शालिनी'(0.99) | relation_name='धर्मवीर सिंह'(0.99) | house_no='51.'(0.80) | serial='1077'(1.00) | epic='ZSY4055141'(1.00) | age=':19'(0.89) | house_no='51_'(0.89) | section='1'(1.00),2
1078,सोनू जुरैल,father,जय प्रकाश सिंह,44,18,पुरुष,ZSY4055158,,,N,N,addition,1.0,2026-EROLLGEN-S24-86-SIR-FinalRoll-Revision1-HIN-11-WI.pdf,40,15,0.951,N,,name='सोनू जुरैल'(0.96) | relation_name='जय प्रकाश सिंह'(0.95) | house_no='44'(0.98) | serial='1078'(1.00) | epic='ZSY4055158'(1.00) | age='18'(1.00) | house_no='44'(0.79) | section='1'(1.00),15
1079,हरन्र सिंह,father,गिराज सिंह,04,19,पुरुष,ZSY4055349,,,N,N,addition,2.0,2026-EROLLGEN-S24-86-SIR-FinalRoll-Revision1-HIN-11-WI.pdf,40,16,0.905,Y,relation_type_uncertain,name='हरन्र सिंह'(0.90) | relation_name='गिराज सिंह'(0.95) | house_no=':04'(1.00) | serial='1079'(1.00) | epic='ZSY4055349'(0.97) | age='19'(1.00) | house_no=':04'(1.00) | section='2'(1.00),1
1080,वर्ष.,father,प्रेम सिंह,79,20,महिला,ZSY4055463,,,N,N,addition,1.0,2026-EROLLGEN-S24-86-SIR-FinalRoll-Revision1-HIN-11-WI.pdf,40,17,0.875,Y,relation_type_uncertain|low_ocr_confidence,name='वर्ष.'(0.88) | relation_name='प्रेम सिंह'(0.99) | house_no='79'(1.00) | serial='1080'(1.00) | epic='ZSY4055463'(1.00) | age='20'(1.00) | house_no='79'(1.00) | section='1'(1.00),1
1081,रितु,father,नेपाल सिंह,83,18,महिला,ZSY4057279,,,N,N,addition,1.0,2026-EROLLGEN-S24-86-SIR-FinalRoll-Revision1-HIN-11-WI.pdf,40,18,0.93,N,,name='रितु'(0.98) | relation_name='नेपाल सिंह'(0.93) | house_no='83'(0.99) | serial='1081'(1.00) | epic='ZSY4057279'(1.00) | age='18'(1.00) | house_no='83'(1.00) | section='1'(1.00),15
1082,आरती,husband,बेदराम,124,39,महिला,ZSY4057295,,,N,N,addition,1.0,2026-EROLLGEN-S24-86-SIR-FinalRoll-Revision1-HIN-11-WI.pdf,40,19,0.879,Y,low_ocr_confidence,name='आरती'(0.88) | relation_name='बेदराम'(0.97) | house_no='124'(0.97) | serial='1082'(1.00) | epic='ZSY4057295'(1.00) | age='39'(0.99) | house_no='124'(1.00) | section='1'(1.00),1
1083,प्िकी,husband,कृष्णा जुरेल,15,29,महिला,ZSY4057311,,,N,N,addition,1.0,2026-EROLLGEN-S24-86-SIR-FinalRoll-Revision1-HIN-11-WI.pdf,40,20,0.877,Y,relation_type_uncertain|low_ocr_confidence,name='प्िकी'(0.96) | relation_name='कृष्णा जुरेल'(0.98) | house_no='15'(0.88) | serial='1083'(1.00) | epic='ZSY4057311'(1.00) | age=':29'(0.96) | house_no='15'(0.87) | section='1'(1.00),2
1084,मानसी,father,हरिपाल सिंह,83,18,महिला,ZSY4057329,,,N,N,addition,1.0,2026-EROLLGEN-S24-86-SIR-FinalRoll-Revision1-HIN-11-WI.pdf,40,21,0.961,Y,relation_type_uncertain,name='मानसी'(1.00) | relation_name='हरिपाल सिंह'(0.96) | house_no='83'(0.99) | serial='1084'(1.00) | epic='ZSY4057329'(1.00) | age='18'(1.00) | house_no='83'(0.99) | section='1'(1.00),16
1085,प्रतीक्षा सोलंकी,husband,विकाश,81,27,,ZSY4057584,,,N,N,addition,1.0,2026-EROLLGEN-S24-86-SIR-FinalRoll-Revision1-HIN-11-WI.pdf,40,22,0.857,Y,gender_unclear (possibly तृतीय लिंग)|low_ocr_confidence,name='प्रतीक्षा सोलंकी'(0.95) | relation_name='विकाश'(0.86) | house_no='81'(1.00) | serial='1085'(1.00) | epic='ZSY4057584'(1.00) | age='27'(1.00) | house_no='81'(1.00) | section='1'(1.00),1
1086,शिवन्द्र सिंह,father,जुगेंद्र सिेंें,21,38,पुरुष,ZSY4057675,,,N,N,addition,1.0,2026-EROLLGEN-S24-86-SIR-FinalRoll-Revision1-HIN-11-WI.pdf,40,23,0.752,Y,relation_type_uncertain|low_ocr_confidence,name='शिवन्द्र सिंह'(0.88) | relation_name='जुगेंद्र सिेंें'(0.75) | house_no='21$'(0.76) | serial='1086'(1.00) | epic='ZSY4057675'(1.00) | age='38'(1.00) | house_no='21'(1.00) | section='1'(1.00),1
1087,अभिषेक कुमार,father,द्वारिका प्रसाद,121,18,पुरुष,ZSY4057717,,,N,N,addition,1.0,2026-EROLLGEN-S24-86-SIR-FinalRoll-Revision1-HIN-11-WI.pdf,40,24,0.902,N,,name='अभिषेक कुमार'(0.99) | relation_name='द्वारिका प्रसाद'(0.90) | house_no='121'(0.99) | serial='1087'(1.00) | epic='ZSY4057717'(1.00) | age='18'(1.00) | house_no='121'(1.00) | section='1'(1.00),15
1088,रामरती,husband,लाखन सिंह,60,41,,ZSY4057725,,,N,N,addition,1.0,2026-EROLLGEN-S24-86-SIR-FinalRoll-Revision1-HIN-11-WI.pdf,40,25,0.947,Y,relation_type_uncertain|gender_unclear (possibly तृतीय लिंग),name='रामरती'(0.95) | relation_name='लाखन सिंह'(0.99) | house_no='60'(0.99) | serial='1088'(1.00) | epic='ZSY4057725'(1.00) | age='41'(1.00) | house_no='60'(1.00) | section='1'(1.00),1
1089,दीपक जूरेल,father,म: लाखन सिंह,60,21,पुरुष,ZSY4057733,,,N,N,addition,1.0,2026-EROLLGEN-S24-86-SIR-FinalRoll-Revision1-HIN-11-WI.pdf,40,26,0.915,Y,relation_type_uncertain,name='दीपक जूरेल'(0.94) | relation_name='म: लाखन सिंह'(0.91) | house_no='60'(0.99) | serial='1089'(1.00) | epic='ZSY4057733'(1.00) | age='21'(1.00) | house_no='60'(1.00) | section='1'(1.00),2
1090,राहुल जूरैल,mother,म: लाखन सिंह,60,20,पुरुष,ZSY4057741,,,N,N,addition,1.0,2026-EROLLGEN-S24-86-SIR-FinalRoll-Revision1-HIN-11-WI.pdf,40,27,0.905,Y,relation_type_uncertain,name='राहुल जूरैल'(0.94) | relation_name='म: लाखन सिंह'(0.90) | house_no='60'(0.99) | serial='1090'(1.00) | epic='ZSY4057741'(1.00) | age='20'(1.00) | house_no='60'(1.00) | section='1'(1.00),16
1091,रजत जूरैल,father,लाखन सिंह,60,19,पुरुष,ZSY4057758,,,N,N,addition,1.0,2026-EROLLGEN-S24-86-SIR-FinalRoll-Revision1-HIN-11-WI.pdf,40,28,0.885,Y,low_ocr_confidence,name='रजत जूरैल'(0.99) | relation_name='लाखन सिंह'(0.96) | house_no='60'(1.00) | serial='1091'(0.89) | epic='ZSY4057758'(1.00) | age='19'(1.00) | house_no='60'(1.00) | section='1'(1.00),1
1092,उमा देवी.-,husband,राहुल महोलिया,ॐ7,24,महिला,ZSY4058426,,,N,N,addition,1.0,2026-EROLLGEN-S24-86-SIR-FinalRoll-Revision1-HIN-11-WI.pdf,40,29,0.847,Y,relation_type_uncertain|low_ocr_confidence,name='उमा देवी.-'(0.91) | relation_name='राहुल महोलिया'(0.97) | house_no='ॐ7'(0.85) | serial='1092'(1.00) | epic='ZSY4058426'(1.00) | age='24'(1.00) | house_no='87'(0.80) | section='1'(1.00),1
1093,योगेश कुमार जयंत,father,सूर्यकांत जयंत,144,24,पुरुष,ZSY4062097,,,N,N,addition,1.0,2026-EROLLGEN-S24-86-SIR-FinalRoll-Revision1-HIN-11-WI.pdf,40,30,0.922,N,,name='योगेश कुमार जयंत'(0.97) | relation_name='सूर्यकांत जयंत'(0.92) | house_no='144'(0.98) | serial='1093'(1.00) | epic='ZSY4062097'(1.00) | age='24'(1.00) | house_no='144'(0.97) | section='1'(1.00),14
1094,अंशु-,father,विनोद,89,18,,ZSY4062956,,,N,N,addition,1.0,2026-EROLLGEN-S24-86-SIR-FinalRoll-Revision1-HIN-11-WI.pdf,41,1,0.731,Y,gender_unclear (possibly तृतीय लिंग)|low_ocr_confidence,name='अंशु-'(0.73) | relation_name='विनोद'(1.00) | house_no='89'(1.00) | serial='1094'(1.00) | epic='ZSY4062956'(1.00) | age='18'(1.00) | house_no='89'(1.00) | section='1'(1.00),1
1095,यशोदा जूरैल,father,हवीर सिंह,08,18,महिला,ZSY4062949,,,N,N,addition,2.0,2026-EROLLGEN-S24-86-SIR-FinalRoll-Revision1-HIN-11-WI.pdf,41,2,0.916,N,,name='यशोदा जूरैल'(0.96) | relation_name='हवीर सिंह'(0.92) | house_no='08'(0.98) | serial='1095'(1.00) | epic='ZSY4062949'(1.00) | age='18'(1.00) | house_no='08'(1.00) | section='2'(1.00),1
1096,निशा. -,father,मेघ सिंह,51,19,महिला,ZSY4062360,,,N,N,addition,1.0,2026-EROLLGEN-S24-86-SIR-FinalRoll-Revision1-HIN-11-WI.pdf,41,3,0.88,Y,low_ocr_confidence,name='निशा. -'(0.88) | relation_name='मेघ सिंह'(0.96) | house_no='51'(1.00) | serial='1096'(1.00) | epic='ZSY4062360'(0.98) | age='19'(1.00) | house_no='51'(1.00) | section='1'(1.00),14
1097,लक्ष्मी,husband,सोनवीर सिंह,79:,28,,ZSY4062931,,,N,N,addition,1.0,2026-EROLLGEN-S24-86-SIR-FinalRoll-Revision1-HIN-11-WI.pdf,41,4,0.881,Y,relation_type_uncertain|gender_unclear (possibly तृतीय लिंग)|low_ocr_confidence,name='लक्ष्मी'(1.00) | relation_name='सोनवीर सिंह'(0.95) | house_no='79:'(0.88) | serial='1097'(1.00) | epic='ZSY4062931'(1.00) | age='28'(1.00) | house_no='79'(0.85) | section='1'(1.00),1
1098,सीमा,husband,दीपक सिंह,08,21,महिला,ZSY4062345,,,N,N,addition,2.0,2026-EROLLGEN-S24-86-SIR-FinalRoll-Revision1-HIN-11-WI.pdf,41,5,0.949,Y,relation_type_uncertain,name='सीमा'(1.00) | relation_name='दीपक सिंह'(0.95) | house_no='08'(0.96) | serial='1098'(1.00) | epic='ZSY4062345'(1.00) | age='21'(1.00) | house_no='08'(1.00) | section='2'(1.00),2
1099,अल्पना जूरैल,mother,उदयवीर सिंह,7i,18,महिला,ZSY4062089,,,N,N,addition,1.0,2026-EROLLGEN-S24-86-SIR-FinalRoll-Revision1-HIN-11-WI.pdf,41,6,0.898,Y,relation_type_uncertain|low_ocr_confidence,name='अल्पना जूरैल'(0.92) | relation_name='उदयवीर सिंह'(0.99) | house_no='7i'(0.90) | serial='1099'(1.00) | epic='ZSY4062089'(1.00) | age='18'(1.00) | house_no='71'(0.85) | section='1'(0.91),17
1100,राजू,father,पप्पू,435,30,पुरुष,ZSY4062295,,,N,N,addition,1.0,2026-EROLLGEN-S24-86-SIR-FinalRoll-Revision1-HIN-11-WI.pdf,41,7,0.979,N,,name='राजू'(0.98) | relation_name='पप्पू'(0.98) | house_no='435$'(0.82) | serial='1100'(1.00) | epic='ZSY4062295'(1.00) | age='30'(1.00) | house_no='435'(1.00) | section='1'(1.00),1
1101,ललित शिवराम ठाकुर,father,शिवराम सिंह,93,18,पुरुष,ZSY4062287,,,N,N,addition,1.0,2026-EROLLGEN-S24-86-SIR-FinalRoll-Revision1-HIN-11-WI.pdf,41,8,0.898,Y,relation_type_uncertain|low_ocr_confidence,name='ललित शिवराम ठाकुर'(0.90) | relation_name='शिवराम सिंह'(0.96) | house_no='93'(0.99) | serial='1101'(1.00) | epic='ZSY4062287'(1.00) | age='18'(1.00) | house_no='93'(1.00) | section='1'(1.00),1
1102,सलोनी जुरेल,father,मुकेश जुरेल,54,18,महिला,ZSY4062279,,,N,N,addition,1.0,2026-EROLLGEN-S24-86-SIR-FinalRoll-Revision1-HIN-11-WI.pdf,41,9,0.921,N,,name='सलोनी जुरेल'(0.93) | relation_name='मुकेश जुरेल'(0.97) | house_no='54'(0.88) | serial='1102'(0.92) | epic='ZSY4062279'(1.00) | age='18'(1.00) | house_no='54'(0.99) | section='1'(1.00),14
1103,दीपक कुमार,father,म: नाहर सिंह,77,21,पुरुष,ZSY4062261,,,N,N,addition,1.0,2026-EROLLGEN-S24-86-SIR-FinalRoll-Revision1-HIN-11-WI.pdf,41,10,0.966,Y,relation_type_uncertain,name='दीपक कुमार'(0.97) | relation_name='म: नाहर सिंह'(0.97) | house_no='7i'(0.57) | serial='1103'(1.00) | epic='ZSY4062261'(1.00) | age='21'(1.00) | house_no='77'(0.98) | section='1'(1.00),1
1104,अंजू,husband,जितेंद्र जुरेेल,54,23,,ZSY4062253,,,N,N,addition,1.0,2026-EROLLGEN-S24-86-SIR-FinalRoll-Revision1-HIN-11-WI.pdf,41,11,0.888,Y,relation_type_uncertain|gender_unclear (possibly तृतीय लिंग)|low_ocr_confidence,name='अंजू'(1.00) | relation_name='जितेंद्र जुरेेल'(0.89) | house_no='54'(0.99) | serial='1104'(1.00) | epic='ZSY4062253'(1.00) | age='23'(1.00) | house_no='54'(1.00) | section='1'(1.00),2
1105,आदित्य जुरेल,father,ाम: उजागर सिंह,58,18,पुरुष,ZSY4062246,,,N,N,addition,1.0,2026-EROLLGEN-S24-86-SIR-FinalRoll-Revision1-HIN-11-WI.pdf,41,12,0.876,Y,relation_type_uncertain|low_ocr_confidence,name='आदित्य जुरेल'(0.95) | relation_name='ाम: उजागर सिंह'(0.88) | house_no='58'(1.00) | serial='1105'(0.95) | epic='ZSY4062246'(1.00) | age='18'(1.00) | house_no='58'(1.00) | section='1'(1.00),17
1106,राधा,husband,हरेश जुरेल,53,25,महिला,ZSY4062220,,,N,N,addition,1.0,2026-EROLLGEN-S24-86-SIR-FinalRoll-Revision1-HIN-11-WI.pdf,41,13,0.938,N,,name='राधा'(0.94) | relation_name='हरेश जुरेल'(0.99) | house_no=':53'(0.99) | serial='1106'(1.00) | epic='ZSY4062220'(1.00) | age=':25'(0.95) | house_no=':53'(0.99) | section='1'(1.00),2
1107,खुशबू,father,रवि कुमार,141,18,महिला,ZSY4062105,,,N,N,addition,1.0,2026-EROLLGEN-S24-86-SIR-FinalRoll-Revision1-HIN-11-WI.pdf,41,14,0.884,Y,relation_type_uncertain|low_ocr_confidence,name='खुशबू'(0.97) | relation_name=': रवि कुमार'(0.88) | house_no='141'(0.95) | serial='1107'(1.00) | epic='ZSY4062105'(1.00) | age=':18'(0.92) | house_no='141'(1.00) | section='1'(1.00),2
1108,ललिता चौधरी,husband,महेश जरेल,पॅतखेड़,20,महिला,ZSY4062113,,,N,N,addition,1.0,2026-EROLLGEN-S24-86-SIR-FinalRoll-Revision1-HIN-11-WI.pdf,41,15,0.846,Y,low_ocr_confidence,name='ललिता चौधरी'(0.96) | relation_name='महेश जरेल'(0.90) | house_no='पॅतखेड़'(0.85) | serial='1108'(0.99) | epic='ZSY4062113'(1.00) | age='20'(1.00) | house_no='d'(0.24) | section='1'(1.00),15
1109,सूरज शर्मा.,father,मुकेश कुमार शर्मा,70,20,पुरुष,ZSY4062121,,,N,N,addition,1.0,2026-EROLLGEN-S24-86-SIR-FinalRoll-Revision1-HIN-11-WI.pdf,41,16,0.938,Y,relation_type_uncertain,name='सूरज शर्मा.'(0.94) | relation_name='मुकेश कुमार शर्मा'(0.97) | house_no=':70'(0.97) | serial='1109'(1.00) | epic='ZSY4062121'(1.00) | age='20'(1.00) | house_no=':70'(0.97) | section='1'(1.00),1
1110,काजल-,husband,सत्यपाल सिंह,83,26,महिला,ZSY4062139,,,N,N,addition,1.0,2026-EROLLGEN-S24-86-SIR-FinalRoll-Revision1-HIN-11-WI.pdf,41,17,0.931,Y,relation_type_uncertain,name='काजल-'(0.93) | relation_name='सत्यपाल सिंह'(0.99) | house_no='83'(0.97) | serial='1110'(1.00) | epic='ZSY4062139'(1.00) | age='26'(1.00) | house_no='83'(1.00) | section='1'(1.00),1
1111,पूजा जूरैल,husband,रवि जूरैल,21,22,महिला,ZSY4062147,,,N,N,addition,1.0,2026-EROLLGEN-S24-86-SIR-FinalRoll-Revision1-HIN-11-WI.pdf,41,18,0.859,Y,low_ocr_confidence,name='पूजा जूरैल'(0.90) | relation_name='रवि जूरैल'(0.86) | house_no='21'(0.96) | serial='1111'(0.90) | epic='ZSY4062147'(1.00) | age='22'(1.00) | house_no='21'(1.00) | section='1'(1.00),15
1112,तमज्ञा,husband,राज कुमार,102,23,महिला,ZSY4062154,,,N,N,addition,1.0,2026-EROLLGEN-S24-86-SIR-FinalRoll-Revision1-HIN-11-WI.pdf,41,19,0.776,Y,low_ocr_confidence,name='तमज्ञा'(0.78) | relation_name='राज कुमार'(0.96) | house_no='102$'(0.86) | serial='1112'(1.00) | epic='ZSY4062154'(1.00) | age=':23'(0.88) | house_no='102'(1.00) | section='1'(1.00),1
1113,सौरभ कुमार,father,'उदय वीर सिंह,79,28,पुरुष,ZSY4062162,,,N,N,addition,1.0,2026-EROLLGEN-S24-86-SIR-FinalRoll-Revision1-HIN-11-WI.pdf,41,20,0.954,Y,relation_type_uncertain,"name='सौरभ कुमार'(0.95) | relation_name=""'उदय वीर सिंह""(0.98) | house_no='79'(0.96) | serial='1113'(0.97) | epic='ZSY4062162'(1.00) | age=':28'(0.97) | house_no='79'(0.89) | section='1'(1.00)",2
1114,शिवानी जूरैल,father,दंवे्रसंह,43,19,महिला,ZSY4062170,,,N,N,addition,1.0,2026-EROLLGEN-S24-86-SIR-FinalRoll-Revision1-HIN-11-WI.pdf,41,21,0.793,Y,relation_type_uncertain|low_ocr_confidence,name='शिवानी जूरैल'(0.93) | relation_name='दंवे्रसंह'(0.79) | house_no='43'(0.98) | serial='1114'(1.00) | epic='ZSY4062170'(1.00) | age='19'(1.00) | house_no='43'(1.00) | section='1'(1.00),16
1115,कुमारी विमलेश,husband,परमजीत सिंह,103,24,,ZSY4062188,,,N,N,addition,1.0,2026-EROLLGEN-S24-86-SIR-FinalRoll-Revision1-HIN-11-WI.pdf,41,22,0.896,Y,gender_unclear (possibly तृतीय लिंग)|low_ocr_confidence,name='कुमारी विमलेश'(0.99) | relation_name='परमजीत सिंह'(0.90) | house_no='103'(1.00) | serial='1115'(0.90) | epic='ZSY4062188'(1.00) | age='24'(1.00) | house_no='103'(1.00) | section='1'(1.00),1
1116,राधा चौधरी,husband,राम कुमार,102,21,महिला,ZSY4062196,,,N,N,addition,1.0,2026-EROLLGEN-S24-86-SIR-FinalRoll-Revision1-HIN-11-WI.pdf,41,23,0.871,Y,relation_type_uncertain|low_ocr_confidence,name='राधा चौधरी'(0.94) | relation_name='राम कुमार'(0.91) | house_no='10\\}$'(0.67) | serial='1116'(1.00) | epic='ZSY4062196'(1.00) | age=':21'(0.87) | house_no='102'(0.88) | section='1'(1.00),1
1117,न्दनी . .,father,रंगजीत,103,19,महिला,ZSY4062204,,,N,N,addition,1.0,2026-EROLLGEN-S24-86-SIR-FinalRoll-Revision1-HIN-11-WI.pdf,41,24,0.832,Y,low_ocr_confidence,name='न्दनी . .'(0.83) | relation_name='रंगजीत'(1.00) | house_no='103'(1.00) | serial='1117'(1.00) | epic='ZSY4062204'(1.00) | age='19'(1.00) | house_no='103'(1.00) | section='1'(0.98),15
1118,आशीष कुमार,father,सुनील कुमार,439,20,पुरुष,ZSY4062212,,,N,N,addition,1.0,2026-EROLLGEN-S24-86-SIR-FinalRoll-Revision1-HIN-11-WI.pdf,41,25,0.958,Y,relation_type_uncertain,name='आशीष कुमार'(0.96) | relation_name='सुनील कुमार'(0.99) | house_no='439'(0.98) | serial='1118'(1.00) | epic='ZSY4062212'(1.00) | age='20'(1.00) | house_no='439'(0.99) | section='1'(1.00),1
1119,शालू,father,मोहन सिंह,114,18,महिला,ZSY4062238,,,N,N,addition,1.0,2026-EROLLGEN-S24-86-SIR-FinalRoll-Revision1-HIN-11-WI.pdf,41,26,0.942,Y,relation_type_uncertain,name='शालू'(1.00) | relation_name='मोहन सिंह'(0.96) | house_no='114'(0.95) | serial='1119'(0.94) | epic='ZSY4062238'(1.00) | age='18'(1.00) | house_no='1i4'(0.86) | section='1'(1.00),2
1120,नितिन जूरेल,mother,मेहंद्र पाल,49,19,पुरुष,ZSY4063723,,,N,N,addition,1.0,2026-EROLLGEN-S24-86-SIR-FinalRoll-Revision1-HIN-11-WI.pdf,41,27,0.902,Y,relation_type_uncertain,name='नितिन जूरेल'(0.99) | relation_name='मेहंद्र पाल'(0.97) | house_no='49'(0.99) | serial='1120'(0.90) | epic='ZSY4063723'(1.00) | age='19'(1.00) | house_no='49'(1.00) | section='1'(1.00),16
1121,प्रशांत जुरेल,father,गोपाल सिंह,54,18,पुरुष,ZSY4063392,,,N,N,addition,1.0,2026-EROLLGEN-S24-86-SIR-FinalRoll-Revision1-HIN-11-WI.pdf,41,28,0.951,N,,name='प्रशांत जुरेल'(1.00) | relation_name='गोपाल सिंह'(0.95) | house_no='54'(0.99) | serial='1121'(1.00) | epic='ZSY4063392'(1.00) | age='18'(1.00) | house_no='54'(1.00) | section='1'(1.00),1
1122,संगीता राना,husband,हिमांशु जुरैल,71,26,महिला,ZSY4063426,,,N,N,addition,1.0,2026-EROLLGEN-S24-86-SIR-FinalRoll-Revision1-HIN-11-WI.pdf,41,29,0.926,Y,serial_corrected|relation_type_uncertain,name='संगीता राना'(0.93) | relation_name='हिमांशु जुरैल'(0.98) | house_no='71°'(0.82) | serial='#1 1122'(0.99) | epic='ZSY4063426'(1.00) | age='26'(1.00) | house_no='71'(0.99) | section='1'(1.00),1
1123,मभूपेन्र सिंह-,father,मान सिंह,68,44,पुरुष,ZSY4063434,,,N,N,addition,1.0,2026-EROLLGEN-S24-86-SIR-FinalRoll-Revision1-HIN-11-WI.pdf,41,30,0.856,Y,low_ocr_confidence,name='मभूपेन्र सिंह-'(0.86) | relation_name='मान सिंह'(0.93) | house_no='68'(1.00) | serial='1123'(1.00) | epic='ZSY4063434'(1.00) | age='44'(1.00) | house_no='68'(1.00) | section='1'(1.00),14
1124,राहुल जुरेल∼,father,गोपाल सिंह,54,20,पुरुष,ZSY4063442,,,N,N,addition,1.0,2026-EROLLGEN-S24-86-SIR-FinalRoll-Revision1-HIN-11-WI.pdf,42,1,0.906,N,,name='राहुल जुरेल∼'(0.91) | relation_name='गोपाल सिंह'(0.98) | house_no='54'(0.99) | serial='1124'(1.00) | epic='ZSY4063442'(1.00) | age='20'(1.00) | house_no='54'(1.00) | section='1'(1.00),1
1125,अमन जुरल .-,father,चन्द्रमोहन सिंह,34,19,पुरुष,ZSY4063459,,,N,N,addition,1.0,2026-EROLLGEN-S24-86-SIR-FinalRoll-Revision1-HIN-11-WI.pdf,42,2,0.934,N,,name='अमन जुरल .-'(0.93) | relation_name='चन्द्रमोहन सिंह'(0.95) | house_no='34'(0.99) | serial='1125'(1.00) | epic='ZSY4063459'(1.00) | age='19'(1.00) | house_no='34'(1.00) | section='1'(1.00),1
1126,राधा कुमारी,husband,राधेश्याम,52,32,महिला,ZSY4063475,,,N,N,addition,1.0,2026-EROLLGEN-S24-86-SIR-FinalRoll-Revision1-HIN-11-WI.pdf,42,3,0.884,Y,low_ocr_confidence,name='राधा कुमारी'(0.99) | relation_name='राधेश्याम'(0.88) | house_no='52'(1.00) | serial='1126'(1.00) | epic='ZSY4063475'(1.00) | age='32'(1.00) | house_no='52'(1.00) | section='1'(1.00),14
1127,कुनाल जुरेल,father,म: हवीर सिंह,44,19,पुरुष,ZSY4063715,,,N,N,addition,1.0,2026-EROLLGEN-S24-86-SIR-FinalRoll-Revision1-HIN-11-WI.pdf,42,4,0.927,Y,relation_type_uncertain,name='कुनाल जुरेल'(0.98) | relation_name='म: हवीर सिंह'(0.93) | house_no='44'(1.00) | serial='1127'(1.00) | epic='ZSY4063715'(1.00) | age='19'(1.00) | house_no='44'(0.99) | section='1'(1.00),1
1128,करन जूरैल,father,शिव कुमार जूरेल,60,18,,ZSY4063731,,,N,N,addition,1.0,2026-EROLLGEN-S24-86-SIR-FinalRoll-Revision1-HIN-11-WI.pdf,42,5,0.931,Y,relation_type_uncertain|gender_unclear (possibly तृतीय लिंग),name='करन जूरैल'(0.93) | relation_name='शिव कुमार जूरेल'(0.93) | house_no='60a'(0.76) | serial='1128'(1.00) | epic='ZSY4063731'(1.00) | age='18'(1.00) | house_no='60'(0.99) | section='1'(1.00),2
1129,मुकुल,mother,म: जितं्र कुमार,14,18,पुरुष,ZSY4063749,,,N,N,addition,1.0,2026-EROLLGEN-S24-86-SIR-FinalRoll-Revision1-HIN-11-WI.pdf,42,6,0.891,Y,relation_type_uncertain|low_ocr_confidence,name='मुकुल'(0.89) | relation_name='म: जितं्र कुमार'(0.89) | house_no='14'(0.95) | serial='1129'(0.98) | epic='ZSY4063749'(1.00) | age='18'(1.00) | house_no='14'(1.00) | section='1'(1.00),17
1130,आदित्य जैरैल,father,औमवीर सिंह,21,18,पुरुष,ZSY4063756,,,N,N,addition,1.0,2026-EROLLGEN-S24-86-SIR-FinalRoll-Revision1-HIN-11-WI.pdf,42,7,0.953,N,,name='आदित्य जैरैल'(0.95) | relation_name=':औमवीर सिंह'(0.96) | house_no='21'(0.98) | serial='1130'(0.99) | epic='ZSY4063756'(1.00) | age='18'(1.00) | house_no='21'(1.00) | section='1'(1.00),1
1131,याचिका जूरैल,father,दीनदयाल सिंह,34,18,महिला,ZSY4063764,,,N,N,addition,1.0,2026-EROLLGEN-S24-86-SIR-FinalRoll-Revision1-HIN-11-WI.pdf,42,8,0.939,Y,relation_type_uncertain,name='याचिका जूरैल'(0.97) | relation_name=':दीनदयाल सिंह'(0.94) | house_no='34'(0.99) | serial='1131'(1.00) | epic='ZSY4063764'(1.00) | age='18'(1.00) | house_no='34'(1.00) | section='1'(1.00),1
1132,प्रियांशी जूरैल,father,हरवीर सिंह,44,18,महिला,ZSY4063772,,,N,N,addition,1.0,2026-EROLLGEN-S24-86-SIR-FinalRoll-Revision1-HIN-11-WI.pdf,42,9,0.893,Y,low_ocr_confidence,name='प्रियांशी जूरैल'(0.98) | relation_name='हरवीर सिंह'(0.89) | house_no='44'(0.99) | serial='1132'(0.99) | epic='ZSY4063772'(1.00) | age='18'(1.00) | house_no='44'(1.00) | section='1'(1.00),14
1133,राजेश,father,कालीचरन,33,19,पुरुष,ZSY4063780,,,N,N,addition,1.0,2026-EROLLGEN-S24-86-SIR-FinalRoll-Revision1-HIN-11-WI.pdf,42,10,0.956,Y,relation_type_uncertain,name='राजेश'(0.99) | relation_name='कालीचरन'(1.00) | house_no='33'(0.99) | serial='1133'(0.96) | epic='ZSY4063780'(1.00) | age='19'(1.00) | house_no='33'(1.00) | section='1'(1.00),1
1134,पायल कुमारी,husband,नरेश कुमार,34,22,,ZSY4106365,,,N,N,addition,1.0,2026-EROLLGEN-S24-86-SIR-FinalRoll-Revision1-HIN-11-WI.pdf,42,11,0.939,Y,relation_type_uncertain|gender_unclear (possibly तृतीय लिंग),name='पायल कुमारी'(0.95) | relation_name='नरेश कुमार'(0.94) | house_no='34°'(0.85) | serial='1134'(1.00) | epic='ZSY4106365'(1.00) | age='22'(1.00) | house_no='34'(1.00) | section='1'(1.00),2
1135,सरिता,father,महेन्द्र,35,18,,ZSY4140562,,,N,N,addition,1.0,2026-EROLLGEN-S24-86-SIR-FinalRoll-Revision1-HIN-11-WI.pdf,42,12,0.973,Y,relation_type_uncertain|gender_unclear (possibly तृतीय लिंग),name='सरिता'(0.99) | relation_name='महेन्द्र'(0.97) | house_no='35'(0.99) | serial='1135'(0.98) | epic='ZSY4140562'(1.00) | age='18'(1.00) | house_no='35'(1.00) | section='1'(1.00),17
1136,पूजा कुमारी,husband,प्रवेन्र,81,33,महिला,ZSY4154985,,,N,N,addition,1.0,2026-EROLLGEN-S24-86-SIR-FinalRoll-Revision1-HIN-11-WI.pdf,42,13,0.81,Y,low_ocr_confidence,name='पूजा कुमारी'(0.95) | relation_name='प्रवेन्र'(0.81) | house_no='81'(1.00) | serial='1136'(0.99) | epic='ZSY4154985'(0.94) | age=':33'(0.85) | house_no='81'(1.00) | section='1'(1.00),2
1137,आदित्य जूरैल,father,भूपे्रसिंह,688,18,पुरुष,ZSY4158309,,,N,N,addition,1.0,2026-EROLLGEN-S24-86-SIR-FinalRoll-Revision1-HIN-11-WI.pdf,42,14,0.795,Y,relation_type_uncertain|low_ocr_confidence,name='आदित्य जूरैल'(0.95) | relation_name=':भूपे्रसिंह'(0.93) | house_no='ॐ8'(0.72) | serial='1137'(1.00) | epic='ZSY4158309'(1.00) | age=':18'(0.92) | house_no='688'(0.79) | section='1'(1.00),2
1138,परम सिंह,father,धरम वीर सिंह,13,18,पुरुष,ZSY4166559,,,N,N,addition,1.0,2026-EROLLGEN-S24-86-SIR-FinalRoll-Revision1-HIN-11-WI.pdf,42,15,0.988,N,,name='परम सिंह'(1.00) | relation_name='धरम वीर सिंह'(0.99) | house_no='13'(1.00) | serial='1138'(1.00) | epic='ZSY4166559'(1.00) | age='18'(1.00) | house_no='13'(1.00) | section='1'(1.00),15
1139,पूजा जूरेल,husband,राज कुमार,79,25,,ZSY4183950,,,N,N,addition,1.0,2026-EROLLGEN-S24-86-SIR-FinalRoll-Revision1-HIN-11-WI.pdf,42,16,0.972,Y,gender_unclear (possibly तृतीय लिंग),name='पूजा जूरेल'(0.97) | relation_name='राज कुमार'(0.98) | house_no=':79'(0.98) | serial='1139'(1.00) | epic='ZSY4183950'(1.00) | age='25'(1.00) | house_no=':79'(0.99) | section='1'(1.00),1
1140,विशाका,husband,सत्यप्रकाश,56,22,महिला,ZSY4183976,,,N,N,addition,1.0,2026-EROLLGEN-S24-86-SIR-FinalRoll-Revision1-HIN-11-WI.pdf,42,17,0.917,Y,relation_type_uncertain,name='विशाका'(0.96) | relation_name='सत्यप्रकाश'(0.92) | house_no='56'(0.98) | serial='1140'(1.00) | epic='ZSY4183976'(1.00) | age='22'(1.00) | house_no='56'(1.00) | section='1'(1.00),1
